doi	country_code
10.1002/ajb2.16082	CA
10.1002/ar.25001	FR
10.1002/arch.21901	CN
10.1002/ece3.8612	ZW
10.1002/fedr.202000036	IR
10.1002/fedr.202100021	IR
10.1002/fedr.202100026	AE
10.1002/fedr.202100034	IN
10.1002/fedr.202100039	IQ
10.1002/fedr.202100043	BR
10.1002/fedr.202100050	IN
10.1002/fedr.202100052	IR
10.1002/fedr.202200002	CN
10.1002/fedr.202200004	BR
10.1002/fedr.202200006	IN
10.1002/fedr.202200008	IR
10.1002/fedr.202200012	IN
10.1002/fedr.202200023	IR
10.1002/fedr.202200034	IN
10.1002/jemt.24240	IN
10.1002/pld3.369	QA
10.1002/tax.12660	CH
10.1002/tax.12661	PT
10.1002/tax.12684	CL
10.1002/tax.12794	IN
10.1002/tax.12795	BR
10.1002/tax.12797	MG
10.1002/tax.12819	BR
10.1002/tax.12826	CL
10.1007/978-981-16-7427-3	JP
10.1007/s00203-021-02638-3	CN
10.1007/s00203-021-02674-z	CN
10.1007/s00203-021-02696-7	KR
10.1007/s00203-021-02715-7	NZ
10.1007/s00203-021-02738-0	IR
10.1007/s00203-021-02744-2	CN
10.1007/s00203-021-02750-4	CN
10.1007/s00203-021-02753-1	CN
10.1007/s00203-022-02758-4	CN
10.1007/s00203-022-02783-3	CN
10.1007/s00203-022-02789-x	CN
10.1007/s00203-022-02790-4	KR
10.1007/s00203-022-02791-3	KR
10.1007/s00203-022-02808-x	CN
10.1007/s00203-022-02816-x	CN
10.1007/s00203-022-02818-9	CN
10.1007/s00203-022-02841-w	IN
10.1007/s00203-022-02859-0	TW
10.1007/s00203-022-02865-2	IN
10.1007/s00203-022-02867-0	CN
10.1007/s00203-022-02869-y	CN
10.1007/s00203-022-02895-w	CN
10.1007/s00203-022-02898-7	CN
10.1007/s00203-022-02908-8	CM
10.1007/s00203-022-02963-1	CN
10.1007/s00203-022-02980-0	CN
10.1007/s00203-022-03007-4	CA
10.1007/s00203-022-03042-1	KR
10.1007/s00203-022-03050-1	CN
10.1007/s00203-022-03056-9	CN
10.1007/s00203-022-03101-7	CN
10.1007/s00203-022-03109-z	KR
10.1007/s00203-022-03116-0	IN
10.1007/s00203-022-03119-x	CN
10.1007/s00203-022-03150-y	CN
10.1007/s00203-022-03152-w	CR
10.1007/s00203-022-03188-y	CN
10.1007/s00203-022-03192-2	CN
10.1007/s00203-022-03202-3	CN
10.1007/s00203-022-03228-7	CN
10.1007/s00203-022-03237-6	IN
10.1007/s00203-022-03263-4	CN
10.1007/s00203-022-03266-1	BR
10.1007/s00203-022-03273-2	CN
10.1007/s00203-022-03293-y	TW
10.1007/s00203-022-03305-x	KR
10.1007/s00203-022-03343-5	KR
10.1007/s00203-022-03348-0	CN
10.1007/s00284-021-02739-8	SA
10.1007/s00284-021-02740-1	IN
10.1007/s00284-021-02745-w	CN
10.1007/s00284-021-02753-w	KR
10.1007/s00284-022-02763-2	CN
10.1007/s00284-022-02808-6	CN
10.1007/s00284-022-02814-8	KR
10.1007/s00284-022-02819-3	CN
10.1007/s00284-022-02838-0	NG
10.1007/s00284-022-02846-0	CN
10.1007/s00284-022-02860-2	KR
10.1007/s00284-022-02871-z	CM
10.1007/s00284-022-02997-0	CN
10.1007/s00284-022-03007-z	CN
10.1007/s00284-022-03020-2	CN
10.1007/s00284-022-03037-7	CN
10.1007/s00284-022-03051-9	CN
10.1007/s00284-022-03096-w	IN
10.1007/s00284-022-03134-7	CN
10.1007/s00284-022-03142-7	CN
10.1007/s00300-022-03017-4	US
10.1007/s00343-021-1111-0	CN
10.1007/s00343-021-1154-2	CN
10.1007/s00436-021-07396-1	BR
10.1007/s00436-021-07419-x	VN
10.1007/s00436-022-07425-7	SO
10.1007/s00436-022-07620-6	TH
10.1007/s00606-021-01796-7	IS
10.1007/s00606-021-01802-y	CN
10.1007/s00606-022-01805-3	BR
10.1007/s00705-021-05324-3	CA
10.1007/s00705-022-05548-x	CZ
10.1007/s00705-022-05611-7	PK
10.1007/s00792-022-01275-y	CN
10.1007/s00792-022-01280-1	CN
10.1007/s00792-022-01283-y	IN
10.1007/s10228-021-00850-1	JO
10.1007/s10228-022-00882-1	IN
10.1007/s10228-022-00899-6	CN
10.1007/s10228-022-00901-1	CN
10.1007/s10327-022-01084-3	JP
10.1007/s10482-021-01678-5	TR
10.1007/s10482-021-01688-3	CN
10.1007/s10482-021-01689-2	CN
10.1007/s10482-021-01695-4	CN
10.1007/s10482-021-01697-2	VN
10.1007/s10482-021-01700-w	KR
10.1007/s10482-021-01704-6	CN
10.1007/s10482-021-01707-3	IT
10.1007/s10482-022-01724-w	CN
10.1007/s10482-022-01728-6	JP
10.1007/s10482-022-01731-x	CN
10.1007/s10482-022-01734-8	PL
10.1007/s10482-022-01741-9	TH
10.1007/s10482-022-01742-8	CN
10.1007/s10482-022-01744-6	TH
10.1007/s10482-022-01749-1	CN
10.1007/s10482-022-01754-4	CN
10.1007/s10482-022-01756-2	DE
10.1007/s10482-022-01763-3	CN
10.1007/s10482-022-01768-y	TW
10.1007/s10482-022-01771-3	CN
10.1007/s10482-022-01786-w	CN
10.1007/s10482-022-01794-w	IN
10.1007/s10482-022-01800-1	KR
10.1007/s10722-022-01454-y	TN
10.1007/s10914-022-09634-4	AR
10.1007/s11033-022-07302-7	IN
10.1007/s11230-021-10002-8	AU
10.1007/s11230-021-10013-5	JP
10.1007/s11230-021-10014-4	MX
10.1007/s11230-021-10015-3	US
10.1007/s11230-021-10016-2	BR
10.1007/s11230-021-10018-0	BR
10.1007/s11230-022-10021-z	TN
10.1007/s11230-022-10022-y	NZ
10.1007/s11230-022-10023-x	AU
10.1007/s11230-022-10028-6	US
10.1007/s11230-022-10034-8	AU
10.1007/s11230-022-10038-4	AU
10.1007/s11230-022-10044-6	IR
10.1007/s11230-022-10052-6	PH
10.1007/s11230-022-10054-4	ID
10.1007/s11230-022-10063-3	TN
10.1007/s11230-022-10068-y	US
10.1007/s11230-022-10078-w	US
10.1007/s11557-021-01675-y	CN
10.1007/s11557-021-01748-y	TW
10.1007/s11557-021-01751-3	IN
10.1007/s11557-021-01757-x	JP
10.1007/s11557-021-01763-z	AT
10.1007/s11557-021-01766-w	JP
10.1007/s11557-022-01783-3	BR
10.1007/s11557-022-01784-2	BR
10.1007/s11557-022-01787-z	CR
10.1007/s11557-022-01794-0	BR
10.1007/s11557-022-01797-x	CN
10.1007/s11557-022-01819-8	OM
10.1007/s11557-022-01824-x	IR
10.1007/s11557-022-01828-7	CN
10.1007/s11557-022-01830-z	PK
10.1007/s11557-022-01834-9	IR
10.1007/s11557-022-01840-x	CL
10.1007/s11557-022-01848-3	CM
10.1007/s11557-022-01850-9	MX
10.1007/s11557-022-01855-4	TH
10.1007/s11686-022-00517-5	CL
10.1007/s11686-022-00545-1	CN
10.1007/s11686-022-00618-1	AR
10.1007/s11686-022-00624-3	BR
10.1007/s11686-022-00637-y	IN
10.1007/s11756-021-00962-z	IN
10.1007/s11756-021-00982-9	IR
10.1007/s11756-022-01116-5	IR
10.1007/s11756-022-01245-x	IN
10.1007/s12223-021-00931-8	CN
10.1007/s12224-022-09418-x	IN
10.1007/s12224-022-09420-3	CZ
10.1007/s12225-021-09979-8	TH
10.1007/s12225-021-09992-x	MX
10.1007/s12225-021-09997-6	TH
10.1007/s12225-021-09998-5	BR
10.1007/s12225-022-10001-y	CN
10.1007/s12225-022-10005-8	KH
10.1007/s12225-022-10007-6	IN
10.1007/s12225-022-10018-3	ZA
10.1007/s12225-022-10024-5	TH
10.1007/s12225-022-10027-2	TZ
10.1007/s12225-022-10034-3	MZ
10.1007/s12225-022-10042-3	MM
10.1007/s12225-022-10059-8	TH
10.1007/s12225-022-10060-1	PE
10.1007/s12228-021-09689-2	BR
10.1007/s12228-021-09692-7	BR
10.1007/s12228-021-09693-6	BR
10.1007/s12228-022-09701-3	EC
10.1007/s12228-022-09703-1	BR
10.1007/s12228-022-09725-9	IN
10.1007/s12228-022-09727-7	BR
10.1007/s12275-022-1199-8	CN
10.1007/s12275-022-1647-5	MA
10.1007/s12275-022-1673-3	CN
10.1007/s12275-022-2099-7	KR
10.1007/s12275-022-2134-8	CN
10.1007/s12275-022-2137-5	KR
10.1007/s12374-022-09358-1	JP
10.1007/s12542-022-00606-w	IN
10.1007/s12549-021-00514-y	FR
10.1007/s12549-022-00525-3	DE
10.1007/s12639-022-01533-y	IN
10.1007/s13127-022-00542-2	NL
10.1007/s13127-022-00546-y	MM
10.1007/s13199-022-00877-6	JP
10.1007/s13205-022-03366-1	CN
10.1007/s13225-021-00495-5	CN
10.1007/s13744-022-00945-y	US
10.1007/s13744-022-00958-7	UY
10.1007/s13744-022-00983-6	CO
10.1007/s40415-022-00838-9	BR
10.1007/s40858-022-00491-3	IR
10.1007/s42161-022-01294-w	PK
10.1007/s42535-022-00427-x	IN
10.1007/s42690-022-00776-9	TR
10.1007/s42690-022-00825-3	IN
10.1007/s42770-022-00841-y	CN
10.1016/j.actatropica.2022.106387	TH
10.1016/j.aspen.2022.101872	CN
10.1016/j.aspen.2022.101928	IN
10.1016/j.aspen.2022.101936	JP
10.1016/j.cretres.2022.105143	MM
10.1016/j.cretres.2022.105164	GB
10.1016/j.cretres.2022.105186	MM
10.1016/j.cretres.2022.105189	MX
10.1016/j.cretres.2022.105214	MN
10.1016/j.cretres.2022.105216	JP
10.1016/j.cretres.2022.105228	AR
10.1016/j.cretres.2022.105243	CN
10.1016/j.cretres.2022.105245	JP
10.1016/j.cretres.2022.105246	MM
10.1016/j.crpvbd.2021.100050	AU
10.1016/j.crpvbd.2022.100096	US
10.1016/j.egg.2022.100114	JP
10.1016/j.ejop.2021.125789	NZ
10.1016/j.ejop.2021.125795	CN
10.1016/j.ejop.2021.125823	CN
10.1016/j.ejop.2021.125825	US
10.1016/j.ejop.2021.125827	CH
10.1016/j.ejop.2021.125828	VE
10.1016/j.ejop.2021.125842	ZA
10.1016/j.ejop.2021.125854	CN
10.1016/j.ejop.2021.125856	MX
10.1016/j.ejop.2022.125880	KH
10.1016/j.ejop.2022.125893	KR
10.1016/j.ejop.2022.125894	JP
10.1016/j.ejop.2022.125910	CN
10.1016/j.fawpar.2022.e00147	IL
10.1016/j.funbio.2021.11.001	CR
10.1016/j.funbio.2021.12.002	BR
10.1016/j.funbio.2022.03.005	CN
10.1016/j.ijhydene.2021.12.265	TH
10.1016/j.ijppaw.2021.09.006	ZA
10.1016/j.ijppaw.2022.01.006	AU
10.1016/j.ijppaw.2022.02.009	BR
10.1016/j.japb.2021.12.001	IN
10.1016/j.jcz.2022.02.001	ME
10.1016/j.jcz.2022.02.002	CO
10.1016/j.jcz.2022.04.005	MX
10.1016/j.jenvman.2022.115560	CN
10.1016/j.jglr.2022.04.006	US
10.1016/j.jhevol.2021.103076	ET
10.1016/j.jhevol.2021.103136	TZ
10.1016/j.jip.2022.107751	SO
10.1016/j.jip.2022.107768	CN
10.1016/j.jprot.2022.104559	TH
10.1016/j.marmicro.2022.102110	MV
10.1016/j.marpolbul.2022.113423	IN
10.1016/j.micpath.2022.105464	BR
10.1016/j.nmni.2022.100973	CN
10.1016/j.palaeo.2022.110878	CN
10.1016/j.palaeo.2022.110894	CN
10.1016/j.parint.2021.102450	IR
10.1016/j.parint.2021.102457	BR
10.1016/j.parint.2021.102469	JP
10.1016/j.parint.2021.102470	CN
10.1016/j.parint.2021.102472	BR
10.1016/j.parint.2021.102475	JP
10.1016/j.parint.2021.102476	JP
10.1016/j.parint.2021.102477	IN
10.1016/j.parint.2021.102478	ID
10.1016/j.parint.2021.102483	MY
10.1016/j.parint.2021.102485	JP
10.1016/j.parint.2021.102486	DZ
10.1016/j.parint.2021.102487	JP
10.1016/j.parint.2021.102491	JP
10.1016/j.parint.2021.102493	CL
10.1016/j.parint.2021.102494	CN
10.1016/j.parint.2021.102495	SK
10.1016/j.parint.2021.102496	CO
10.1016/j.parint.2021.102514	IN
10.1016/j.parint.2021.102519	MY
10.1016/j.parint.2021.102524	JP
10.1016/j.parint.2021.102529	JP
10.1016/j.parint.2021.102530	VE
10.1016/j.parint.2021.102533	JP
10.1016/j.parint.2022.102538	MG
10.1016/j.parint.2022.102541	CD
10.1016/j.parint.2022.102550	MX
10.1016/j.parint.2022.102552	VE
10.1016/j.parint.2022.102553	TW
10.1016/j.parint.2022.102556	BR
10.1016/j.parint.2022.102560	BR
10.1016/j.parint.2022.102562	PH
10.1016/j.parint.2022.102564	PT
10.1016/j.parint.2022.102565	AU
10.1016/j.parint.2022.102565	FR
10.1016/j.parint.2022.102566	SO
10.1016/j.parint.2022.102582	BR
10.1016/j.parint.2022.102585	BR
10.1016/j.parint.2022.102587	NL
10.1016/j.parint.2022.102588	BR
10.1016/j.parint.2022.102590	BJ
10.1016/j.parint.2022.102595	BR
10.1016/j.parint.2022.102597	CN
10.1016/j.parint.2022.102598	NZ
10.1016/j.parint.2022.102605	JP
10.1016/j.parint.2022.102607	BR
10.1016/j.parint.2022.102608	PK
10.1016/j.parint.2022.102693	JP
10.1016/j.pld.2020.12.006	KR
10.1016/j.pld.2021.01.001	CN
10.1016/j.pld.2021.01.002	CN
10.1016/j.pld.2021.01.006	CM
10.1016/j.pld.2021.01.008	CN
10.1016/j.pld.2021.01.009	CN
10.1016/j.pld.2021.03.001	CN
10.1016/j.pld.2021.04.006	CN
10.1016/j.pld.2021.05.003	CN
10.1016/j.pld.2021.05.004	CN
10.1016/j.pld.2021.05.006	CN
10.1016/j.pld.2021.06.001	CN
10.1016/j.pld.2021.06.002	CN
10.1016/j.pld.2021.06.003	CN
10.1016/j.pld.2021.06.004	KR
10.1016/j.pld.2021.06.007	CN
10.1016/j.pld.2021.07.001	KH
10.1016/j.pld.2021.07.004	CN
10.1016/j.pld.2021.08.003	VN
10.1016/j.pld.2021.09.005	CN
10.1016/j.pld.2021.11.008	CN
10.1016/j.pld.2022.01.001	IN
10.1016/j.pld.2022.03.002	CN
10.1016/j.pld.2022.03.003	ET
10.1016/j.pld.2022.03.004	AU
10.1016/j.pld.2022.03.005	TR
10.1016/j.pld.2022.05.001	CN
10.1016/j.pld.2022.05.002	CN
10.1016/j.pld.2022.05.004	TH
10.1016/j.protis.2021.125844	CN
10.1016/j.protis.2022.125884	VN
10.1016/j.revpalbo.2022.104625	CN
10.1016/j.revpalbo.2022.104643	PT
10.1016/j.revpalbo.2022.104659	MM
10.1016/j.revpalbo.2022.104699	CN
10.1016/j.syapm.2022.126294	CN
10.1016/j.syapm.2022.126316	ZA
10.1016/j.syapm.2022.126361	CN
10.1016/j.syapm.2022.126372	CN
10.1016/j.virusres.2022.198973	MX
10.1016/j.ympev.2022.107395	AR
10.1016/j.ympev.2022.107404	CV
10.1016/j.ympev.2022.107407	JP
10.1016/j.ympev.2022.107416	CV
10.1016/j.ympev.2022.107457	CN
10.1016/j.ympev.2022.107458	CN
10.1016/j.ympev.2022.107480	PT
10.1016/j.ympev.2022.107516	CV
10.1016/j.ympev.2022.107519	ID
10.1016/j.ympev.2022.107521	CN
10.1017/jpa.2021.117	CN
10.1017/jpa.2021.118	CN
10.1017/jpa.2021.122	CA
10.1017/jpa.2021.123	FR
10.1017/jpa.2021.124	US
10.1017/jpa.2021.125	US
10.1017/jpa.2022.1	PT
10.1017/jpa.2022.10	US
10.1017/jpa.2022.11	CA
10.1017/jpa.2022.12	CN
10.1017/jpa.2022.15	TR
10.1017/jpa.2022.16	PL
10.1017/jpa.2022.18	US
10.1017/jpa.2022.19	US
10.1017/jpa.2022.20	CN
10.1017/jpa.2022.22	CA
10.1017/jpa.2022.23	IT
10.1017/jpa.2022.25	MX
10.1017/jpa.2022.26	US
10.1017/jpa.2022.27	CN
10.1017/jpa.2022.28	IT
10.1017/jpa.2022.29	CN
10.1017/jpa.2022.30	AU
10.1017/jpa.2022.31	NA
10.1017/jpa.2022.32	DE
10.1017/jpa.2022.33	CN
10.1017/jpa.2022.35	MX
10.1017/jpa.2022.36	CN
10.1017/jpa.2022.38	CA
10.1017/jpa.2022.4	US
10.1017/jpa.2022.41	IN
10.1017/jpa.2022.42	US
10.1017/jpa.2022.44	MX
10.1017/jpa.2022.45	AR
10.1017/jpa.2022.46	US
10.1017/jpa.2022.47	US
10.1017/jpa.2022.5	US
10.1017/jpa.2022.53	CN
10.1017/jpa.2022.56	CN
10.1017/jpa.2022.57	AU
10.1017/jpa.2022.58	US
10.1017/jpa.2022.6	MA
10.1017/jpa.2022.68	IN
10.1017/jpa.2022.69	CN
10.1017/jpa.2022.8	KR
10.1017/S0022149X22000189	IN
10.1017/S0022149X22000232	PE
10.1017/S0022149X22000426	CN
10.1017/S0024282921000499	BR
10.1017/S0024282922000020	BR
10.1017/S0024282922000081	CL
10.1017/S0024282922000275	IN
10.1017/s0025315422000169	MX
10.1017/s0025315422000650	BR
10.1017/S0025315422000753	SO
10.1038/s41429-022-00525-7	KR
10.1038/s41429-022-00568-w	CN
10.1038/s41559-022-01698-y	US
10.1038/s41598-021-03573-5	HU
10.1038/s41598-022-06836-x	TH
10.1038/s41598-022-10486-4	AR
10.1038/s41598-022-11063-5	JP
10.1038/s41598-022-19183-8	JP
10.1038/s41598-022-22784-y	NL
10.1038/s41598-022-25223-0	CM
10.1051/parasite/2022035	CM
10.1071/IS21041	AU
10.1071/IS21044	NZ
10.1071/IS21056	BR
10.1071/IS21058	CN
10.1071/IS21071	AU
10.1071/IS21075	AU
10.1071/IS21076	AU
10.1071/IS21080	CL
10.1071/IS22007	PE
10.1071/IS22043	AU
10.1080/00222933.2022.2046886	BR
10.1080/00222933.2022.2118642	JP
10.1080/00222933.2022.2124892	SA
10.1080/00275514.2021.2008765	IR
10.1080/00275514.2021.2018889	JP
10.1080/00275514.2021.2024407	JP
10.1080/00275514.2022.2025563	CN
10.1080/00275514.2022.2030081	PL
10.1080/00275514.2022.2031493	ZA
10.1080/00275514.2022.2035148	AR
10.1080/00275514.2022.2037307	BR
10.1080/00275514.2022.2068114	MX
10.1080/00275514.2022.2072140	PE
10.1080/00275514.2022.2084672	BR
10.1080/00275514.2022.2092365	BR
10.1080/00275514.2022.2094116	CN
10.1080/00275514.2022.2118512	MY
10.1080/00275514.2022.2119761	KZ
10.1080/00275514.2022.2125712	GY
10.1080/0028825X.2022.2064758	NZ
10.1080/00305316.2021.2022546	CN
10.1080/00305316.2021.2023056	IN
10.1080/00305316.2021.2023680	JP
10.1080/00305316.2021.2024464	IN
10.1080/00305316.2021.2024465	PK
10.1080/00305316.2022.2027828	CN
10.1080/00305316.2022.2030290	TN
10.1080/00305316.2022.2033335	DZ
10.1080/00305316.2022.2036259	CN
10.1080/00305316.2022.2123056	CN
10.1080/00318884.2021.2005330	JP
10.1080/00318884.2022.2035169	TR
10.1080/00318884.2022.2045080	CL
10.1080/00318884.2022.2054252	IT
10.1080/00318884.2022.2062189	TH
10.1080/00318884.2022.2080996	IT
10.1080/00318884.2022.2117932	CM
10.1080/00318884.2022.2133269	BR
10.1080/00318884.2022.2140548	CN
10.1080/00318884.2022.2142430	FI
10.1080/00379271.2022.2029562	HT
10.1080/00379271.2022.2036639	SC
10.1080/00379271.2022.2037461	FR
10.1080/00379271.2022.2054468	MG
10.1080/00379271.2022.2077832	MG
10.1080/00379271.2022.2081606	DO
10.1080/00379271.2022.2089233	FR
10.1080/00379271.2022.2099972	DZ
10.1080/00379271.2022.2100480	EG
10.1080/00379271.2022.2101526	PT
10.1080/00379271.2022.2110515	MG
10.1080/00379271.2022.2124191	KR
10.1080/00379271.2022.2125071	SV
10.1080/00379271.2022.2130505	FR
10.1080/00379271.2022.2137059	CN
10.1080/01647954.2021.2022758	IR
10.1080/01647954.2022.2049365	CN
10.1080/01647954.2022.2055642	IN
10.1080/01647954.2022.2056244	TR
10.1080/01647954.2022.2056245	MW
10.1080/01647954.2022.2062049	NA
10.1080/01647954.2022.2130424	ID
10.1080/01647954.2022.2134451	CN
10.1080/01650424.2022.2050261	CM
10.1080/01650424.2022.2056202	IR
10.1080/01650521.2021.2021013	MX
10.1080/01650521.2021.2024054	BR
10.1080/01650521.2022.2041322	PY
10.1080/01650521.2022.2046962	BR
10.1080/01650521.2022.2053459	BR
10.1080/01650521.2022.2060544	BR
10.1080/01650521.2022.2065738	SO
10.1080/01650521.2022.2068223	FR
10.1080/01650521.2022.2081466	CR
10.1080/01650521.2022.2099679	CR
10.1080/01650521.2022.2101351	BR
10.1080/01650521.2022.2111991	BR
10.1080/01650521.2022.2133410	BR
10.1080/01650521.2022.2133591	BR
10.1080/0269249X.2021.2010808	MX
10.1080/0269249X.2022.2033327	FR
10.1080/03115518.2022.2126008	IN
10.1080/03736687.2022.2041799	BR
10.1080/03736687.2022.2078084	IS
10.1080/08912963.2021.2023138	US
10.1080/08912963.2021.2025364	PT
10.1080/08912963.2022.2032690	US
10.1080/08912963.2022.2067757	CN
10.1080/08912963.2022.2109966	GB
10.1080/08912963.2022.2117040	BR
10.1080/08912963.2022.2130794	CN
10.1080/08912963.2022.2134782	MX
10.1080/08912963.2022.2134783	CZ
10.1080/08912963.2022.2142913	IR
10.1080/09397140.2021.2021654	JO
10.1080/09397140.2022.2030525	TR
10.1080/09397140.2022.2030527	SY
10.1080/09397140.2022.2030528	QA
10.1080/09397140.2022.2030531	OM
10.1080/09397140.2022.2030533	TR
10.1080/09397140.2022.2034305	TR
10.1080/09397140.2022.2034306	TR
10.1080/09397140.2022.2051915	SA
10.1080/09397140.2022.2051918	TR
10.1080/09397140.2022.2058196	AF
10.1080/09397140.2022.2073687	IR
10.1080/09397140.2022.2073690	TR
10.1080/09397140.2022.2073693	SA
10.1080/09397140.2022.2077560	IR
10.1080/09397140.2022.2077565	SA
10.1080/09397140.2022.2109814	TR
10.1080/09397140.2022.2109816	IR
10.1080/09397140.2022.2109818	EG
10.1080/09397140.2022.2109827	TR
10.1080/09397140.2022.2121083	OM
10.1080/09397140.2022.2121084	CM
10.1080/09397140.2022.2121085	TR
10.1080/09397140.2022.2145796	TR
10.1080/09397140.2022.2145798	AF
10.1080/09397140.2022.2145801	TR
10.1080/09397140.2022.2145803	US
10.1080/09670262.2022.2027023	FR
10.1080/09670262.2022.2029950	TW
10.1080/11263504.2022.2100504	CV
10.1080/12298093.2022.2058164	CN
10.1080/13235818.2022.2035889	AU
10.1080/13235818.2022.2110643	PK
10.1080/13235818.2022.2151070	AU
10.1080/14772000.2021.2014597	MX
10.1080/14772000.2022.2030425	MX
10.1080/14772000.2022.2046199	CA
10.1080/14772000.2022.2135630	CD
10.1080/14772019.2022.2109216	US
10.1080/17451000.2022.2043553	ZA
10.1080/17451000.2022.2046279	CN
10.1080/17451000.2022.2048669	JP
10.1080/21564574.2021.1998235	MA
10.1080/21564574.2021.1998236	ZA
10.1080/21564574.2022.2043945	TZ
10.1080/21564574.2022.2055653	MG
10.1080/21564574.2022.2098393	ZA
10.1080/21564574.2022.2115154	ZA
10.1080/24750263.2022.2032849	IT
10.1080/24750263.2022.2034998	CN
10.1080/26895293.2022.2114551	CN
10.1086/719160	JP
10.1086/721261	CA
10.1093/aob/mcac001	CN
10.1093/femsle/fnac074	IN
10.1093/femsle/fnac099	IN
10.1093/femsle/fnac112	TW
10.1093/femsle/fnac119	TR
10.1093/isd/ixab025	CR
10.1093/isd/ixab028	EC
10.1093/isd/ixab031	GT
10.1093/isd/ixab032	BR
10.1093/isd/ixac004	FR
10.1093/isd/ixac008	US
10.1093/isd/ixac009	NZ
10.1093/isd/ixac015	AU
10.1093/isd/ixac027	NZ
10.1093/isd/ixac028	LA
10.1093/isd/ixac030	TW
10.1093/jcbiol/ruab070	FR
10.1093/jcbiol/ruab083	IN
10.1093/jcbiol/ruac001	CN
10.1093/jcbiol/ruac027	US
10.1093/jcbiol/ruac039	CN
10.1093/jme/tjac098	BR
10.1093/jme/tjac151	MX
10.1093/mmy/myac001	US
10.1093/nsr/nwab084	CM
10.1093/zoolinnean/zlab047	US
10.1093/zoolinnean/zlab086	AU
10.1093/zoolinnean/zlab091	CZ
10.1093/zoolinnean/zlab107	CY
10.1093/zoolinnean/zlab111	IT
10.1093/zoolinnean/zlab112	CM
10.1093/zoolinnean/zlab119	CN
10.1093/zoolinnean/zlab120	CA
10.1093/zoolinnean/zlab122	AU
10.1093/zoolinnean/zlab124	FR
10.1093/zoolinnean/zlac002	SG
10.1093/zoolinnean/zlac003	AR
10.1093/zoolinnean/zlac006	US
10.1093/zoolinnean/zlac010	ID
10.1093/zoolinnean/zlac013	NL
10.1093/zoolinnean/zlac015	JP
10.1093/zoolinnean/zlac019	NZ
10.1093/zoolinnean/zlac020	JP
10.1093/zoolinnean/zlac025	MX
10.1093/zoolinnean/zlac031	NZ
10.1093/zoolinnean/zlac034	MM
10.1093/zoolinnean/zlac036	CN
10.1093/zoolinnean/zlac037	IN
10.1093/zoolinnean/zlac044	IT
10.1093/zoolinnean/zlac048	AR
10.1093/zoolinnean/zlac053	ET
10.1093/zoolinnean/zlac058	TZ
10.1093/zoolinnean/zlac060	NZ
10.1093/zoolinnean/zlac064	MM
10.1093/zoolinnean/zlac071	AO
10.1093/zoolinnean/zlac073	BR
10.1094/PDIS-01-22-0097-RE	CN
10.1094/PDIS-11-21-2444-RE	US
10.1094/PDIS-12-21-2774-PDN	CN
10.1094/PHYTO-07-22-0243-SC	CN
10.1099/ijsem.0.004477	HU
10.1099/ijsem.0.004616	TW
10.1099/ijsem.0.004618	CN
10.1099/ijsem.0.004619	CN
10.1099/ijsem.0.005173	CN
10.1099/ijsem.0.005178	US
10.1099/ijsem.0.005183	TH
10.1099/ijsem.0.005190	NO
10.1099/ijsem.0.005191	TH
10.1099/ijsem.0.005194	TW
10.1099/ijsem.0.005195	CN
10.1099/ijsem.0.005198	CN
10.1099/ijsem.0.005199	CN
10.1099/ijsem.0.005200	CN
10.1099/ijsem.0.005202	CN
10.1099/ijsem.0.005203	DE
10.1099/ijsem.0.005207	SO
10.1099/ijsem.0.005208	CN
10.1099/ijsem.0.005211	DE
10.1099/ijsem.0.005214	IS
10.1099/ijsem.0.005216	CN
10.1099/ijsem.0.005219	HU
10.1099/ijsem.0.005224	US
10.1099/ijsem.0.005227	KR
10.1099/ijsem.0.005228	PT
10.1099/ijsem.0.005231	PH
10.1099/ijsem.0.005232	PK
10.1099/ijsem.0.005233	US
10.1099/ijsem.0.005235	TW
10.1099/ijsem.0.005237	CN
10.1099/ijsem.0.005241	CN
10.1099/ijsem.0.005242	CN
10.1099/ijsem.0.005244	CN
10.1099/ijsem.0.005248	CN
10.1099/ijsem.0.005249	TH
10.1099/ijsem.0.005253	JP
10.1099/ijsem.0.005255	TW
10.1099/ijsem.0.005258	CN
10.1099/ijsem.0.005259	CN
10.1099/ijsem.0.005261	BR
10.1099/ijsem.0.005262	TW
10.1099/ijsem.0.005263	CN
10.1099/ijsem.0.005269	TH
10.1099/ijsem.0.005271	CN
10.1099/ijsem.0.005274	SO
10.1099/ijsem.0.005275	SO
10.1099/ijsem.0.005276	CN
10.1099/ijsem.0.005277	TH
10.1099/ijsem.0.005280	CN
10.1099/ijsem.0.005281	CN
10.1099/ijsem.0.005282	CN
10.1099/ijsem.0.005286	CN
10.1099/ijsem.0.005288	DE
10.1099/ijsem.0.005293	DE
10.1099/ijsem.0.005301	CN
10.1099/ijsem.0.005304	CN
10.1099/ijsem.0.005305	CN
10.1099/ijsem.0.005307	JP
10.1099/ijsem.0.005308	SO
10.1099/ijsem.0.005310	CN
10.1099/ijsem.0.005311	US
10.1099/ijsem.0.005313	CN
10.1099/ijsem.0.005314	AU
10.1099/ijsem.0.005316	CN
10.1099/ijsem.0.005318	CN
10.1099/ijsem.0.005320	TH
10.1099/ijsem.0.005323	CN
10.1099/ijsem.0.005325	CN
10.1099/ijsem.0.005326	CN
10.1099/ijsem.0.005327	CN
10.1099/ijsem.0.005330	CN
10.1099/ijsem.0.005334	CN
10.1099/ijsem.0.005337	CN
10.1099/ijsem.0.005338	TR
10.1099/ijsem.0.005339	CN
10.1099/ijsem.0.005340	CN
10.1099/ijsem.0.005341	CN
10.1099/ijsem.0.005342	CN
10.1099/ijsem.0.005345	CN
10.1099/ijsem.0.005347	JP
10.1099/ijsem.0.005352	CN
10.1099/ijsem.0.005355	JP
10.1099/ijsem.0.005356	TH
10.1099/ijsem.0.005357	CN
10.1099/ijsem.0.005358	CN
10.1099/ijsem.0.005359	CN
10.1099/ijsem.0.005361	CN
10.1099/ijsem.0.005362	CN
10.1099/ijsem.0.005368	CN
10.1099/ijsem.0.005373	CN
10.1099/ijsem.0.005374	NZ
10.1099/ijsem.0.005377	CN
10.1099/ijsem.0.005380	CN
10.1099/ijsem.0.005385	CN
10.1099/ijsem.0.005394	CN
10.1099/ijsem.0.005396	CN
10.1099/ijsem.0.005397	CN
10.1099/ijsem.0.005407	CN
10.1099/ijsem.0.005408	NO
10.1099/ijsem.0.005411	CN
10.1099/ijsem.0.005415	CN
10.1099/ijsem.0.005417	CN
10.1099/ijsem.0.005418	IR
10.1099/ijsem.0.005419	AU
10.1099/ijsem.0.005420	CN
10.1099/ijsem.0.005421	CN
10.1099/ijsem.0.005424	JP
10.1099/ijsem.0.005425	PT
10.1099/ijsem.0.005426	CN
10.1099/ijsem.0.005428	TH
10.1099/ijsem.0.005430	TH
10.1099/ijsem.0.005432	CN
10.1099/ijsem.0.005435	TH
10.1099/ijsem.0.005436	CN
10.1099/ijsem.0.005441	TN
10.1099/ijsem.0.005444	CN
10.1099/ijsem.0.005446	AU
10.1099/ijsem.0.005447	TH
10.1099/ijsem.0.005452	CN
10.1099/ijsem.0.005455	CM
10.1099/ijsem.0.005457	BS
10.1099/ijsem.0.005461	MZ
10.1099/ijsem.0.005462	TW
10.1099/ijsem.0.005464	CN
10.1099/ijsem.0.005466	TW
10.1099/ijsem.0.005468	CN
10.1099/ijsem.0.005473	CN
10.1099/ijsem.0.005474	CN
10.1099/ijsem.0.005475	AR
10.1099/ijsem.0.005478	JP
10.1099/ijsem.0.005479	TH
10.1099/ijsem.0.005480	FR
10.1099/ijsem.0.005484	CN
10.1099/ijsem.0.005486	JP
10.1099/ijsem.0.005488	TH
10.1099/ijsem.0.005489	JP
10.1099/ijsem.0.005492	CN
10.1099/ijsem.0.005493	CN
10.1099/ijsem.0.005501	CM
10.1099/ijsem.0.005503	CN
10.1099/ijsem.0.005504	CN
10.1099/ijsem.0.005505	CN
10.1099/ijsem.0.005506	CN
10.1099/ijsem.0.005507	CN
10.1099/ijsem.0.005511	CN
10.1099/ijsem.0.005512	IT
10.1099/ijsem.0.005514	CN
10.1099/ijsem.0.005516	JP
10.1099/ijsem.0.005518	CN
10.1099/ijsem.0.005521	CN
10.1099/ijsem.0.005523	CN
10.1099/ijsem.0.005536	ID
10.1099/ijsem.0.005537	VN
10.1099/ijsem.0.005538	CN
10.1099/ijsem.0.005539	CN
10.1099/ijsem.0.005541	TG
10.1099/ijsem.0.005543	CN
10.1099/ijsem.0.005544	CN
10.1099/ijsem.0.005546	JP
10.1099/ijsem.0.005548	CN
10.1099/ijsem.0.005552	PT
10.1099/ijsem.0.005561	SO
10.1099/ijsem.0.005563	CN
10.1099/ijsem.0.005565	US
10.1099/ijsem.0.005568	CN
10.1099/ijsem.0.005569	CN
10.1099/ijsem.0.005572	CN
10.1099/ijsem.0.005577	CN
10.1099/ijsem.0.005579	CN
10.1099/ijsem.0.005580	CN
10.1099/ijsem.0.005582	CN
10.1099/ijsem.0.005587	JP
10.1099/ijsem.0.005599	JP
10.1099/ijsem.0.005602	CN
10.1099/ijsem.0.005603	PH
10.1099/ijsem.0.005604	TH
10.1099/ijsem.0.005608	MX
10.1099/ijsem.0.005616	CN
10.1099/ijsem.0.005621	CN
10.1099/ijsem.0.005622	CN
10.1099/ijsem.0.005624	CN
10.1099/ijsem.0.005626	TH
10.1099/ijsem.0.005627	CN
10.1099/ijsem.0.005629	CN
10.1099/ijsem.0.005632	TW
10.1099/ijsem.0.005633	CN
10.1099/ijsem.0.005637	CN
10.1099/ijsem.0.005659	CN
10.1101/2022.02.08.479620.full	US
10.1101/2022.03.02.482672	US
10.1111/1462-2920.16016	IL
10.1111/aen.12579	AU
10.1111/aen.12582	AU
10.1111/aen.12583	PY
10.1111/eva.13281	NZ
10.1111/jeu.12938	CN
10.1111/jfb.15011	ZA
10.1111/jfb.15031	SO
10.1111/jfb.15071	BR
10.1111/jfb.15255	ID
10.1111/jpy.13234	CL
10.1111/njb.03106	IN
10.1111/njb.03237	TR
10.1111/njb.03238	IN
10.1111/njb.03345	IN
10.1111/njb.03385	IR
10.1111/njb.03387	IN
10.1111/njb.03389	TR
10.1111/njb.03390	IN
10.1111/njb.03403	IN
10.1111/njb.03411	CO
10.1111/njb.03417	IR
10.1111/njb.03422	PH
10.1111/njb.03424	CN
10.1111/njb.03425	CN
10.1111/njb.03427	BR
10.1111/njb.03442	IN
10.1111/njb.03455	VN
10.1111/njb.03470	NO
10.1111/njb.03476	CN
10.1111/njb.03482	SO
10.1111/njb.03491	PH
10.1111/njb.03494	KH
10.1111/njb.03496	MM
10.1111/njb.03501	IN
10.1111/njb.03505	CN
10.1111/njb.03507	AR
10.1111/njb.03510	IR
10.1111/njb.03521	IR
10.1111/njb.03524	CN
10.1111/njb.03534	NG
10.1111/njb.03543	JP
10.1111/njb.03562	BR
10.1111/njb.03564	PH
10.1111/njb.03568	CN
10.1111/njb.03573	PH
10.1111/njb.03580	PK
10.1111/njb.03581	IR
10.1111/njb.03601	VN
10.1111/njb.03611	CN
10.1111/njb.03612	IN
10.1111/njb.03636	CN
10.1111/njb.03643	PH
10.1111/njb.03644	PK
10.1111/njb.03646	IN
10.1111/njb.03648	IN
10.1111/njb.03649	TR
10.1111/njb.03654	SE
10.1111/njb.03670	CN
10.1111/njb.03671	TR
10.1111/njb.03676	SO
10.1111/njb.03679	BR
10.1111/njb.03683	CN
10.1111/njb.03684	CN
10.1111/njb.03686	IN
10.1111/njb.03706	CN
10.1111/njb.03711	EC
10.1111/njb.03716	CN
10.1111/njb.03724	CN
10.1111/njb.03727	IN
10.1111/njb.03731	MM
10.1111/njb.03742	IN
10.1111/njb.03748	IN
10.1111/njb.03749	BR
10.1111/njb.03756	TR
10.1111/njb.03760	CN
10.1111/njb.03773	IT
10.1111/njb.03792	CN
10.1111/njb.03801	CN
10.1111/njb.03829	PH
10.11158/saa.27.1.13	BR
10.11158/saa.27.1.3	NP
10.11158/saa.27.1.5	CN
10.11158/saa.27.1.9	CN
10.11158/saa.27.10.16	PH
10.11158/saa.27.10.17	PL
10.11158/saa.27.10.4	IN
10.11158/saa.27.10.5	IR
10.11158/saa.27.10.6	TH
10.11158/saa.27.11.13	CN
10.11158/saa.27.11.17	PE
10.11158/saa.27.11.6	BR
10.11158/saa.27.11.7	IR
10.11158/saa.27.11.8	GR
10.11158/saa.27.12.1	VN
10.11158/saa.27.12.6	NO
10.11158/saa.27.12.7	IN
10.11158/saa.27.12.9	SA
10.11158/saa.27.2.2	US
10.11158/saa.27.2.4	US
10.11158/saa.27.2.8	ZA
10.11158/saa.27.3.14	BR
10.11158/saa.27.3.3	NP
10.11158/saa.27.3.7	CA
10.11158/saa.27.4.10	MW
10.11158/saa.27.4.3	IS
10.11158/saa.27.4.4	CN
10.11158/saa.27.4.5	EG
10.11158/saa.27.4.6	IR
10.11158/saa.27.4.8	VE
10.11158/saa.27.5.4	HU
10.11158/saa.27.5.6	CN
10.11158/saa.27.5.7	CN
10.11158/saa.27.5.9	CN
10.11158/saa.27.6.11	KG
10.11158/saa.27.6.14	CN
10.11158/saa.27.6.15	NL
10.11158/saa.27.6.3	EG
10.11158/saa.27.6.4	NO
10.11158/saa.27.6.7	PK
10.11158/saa.27.7.1	CN
10.11158/saa.27.7.10	NO
10.11158/saa.27.7.13	CN
10.11158/saa.27.7.3	CN
10.11158/saa.27.7.8	HU
10.11158/saa.27.8.12	BR
10.11158/saa.27.8.16	CN
10.11158/saa.27.8.2	MV
10.11158/saa.27.8.4	PK
10.11158/saa.27.8.8	BR
10.11158/saa.27.9.1	IR
10.11158/saa.27.9.10	CN
10.11158/saa.27.9.2	NO
10.11158/saa.27.9.3	CN
10.11158/saa.27.9.5	CN
10.1127/njgpa/2022/1087	US
10.1127/nova_hedwigia/2022/0666	CN
10.1127/nova_hedwigia/2022/0667	PK
10.1127/nova_hedwigia/2022/0668	IR
10.1127/nova_hedwigia/2022/0671	IT
10.1127/nova_hedwigia/2022/0672	KH
10.1127/nova_hedwigia/2022/0673	TR
10.1127/nova_hedwigia/2022/0675	TR
10.1127/nova_hedwigia/2022/0677	CZ
10.1127/nova_hedwigia/2022/0678	BR
10.1127/nova_hedwigia/2022/0680	PK
10.1127/nova_hedwigia/2022/0681	PK
10.1127/nova_hedwigia/2022/0682	BR
10.1127/nova_hedwigia/2022/0683	IN
10.1127/nova_hedwigia/2022/0684	TR
10.1127/nova_hedwigia/2022/0685	PK
10.1127/nova_hedwigia/2022/0686	MG
10.1127/nova_hedwigia/2022/0687	OM
10.1127/nova_hedwigia/2022/0688	CR
10.1127/nova_hedwigia/2022/0689	CM
10.1127/nova_hedwigia/2022/0690	AU
10.1127/nova_hedwigia/2022/0691	DE
10.1127/nova_hedwigia/2022/0692	MX
10.1127/nova_hedwigia/2022/0695	BR
10.1127/nova_hedwigia/2022/0696	PK
10.1127/nova_hedwigia/2022/0698	PE
10.1127/nova_hedwigia/2022/0699	AU
10.1127/nova_hedwigia/2022/0700	AT
10.1127/nova_hedwigia/2022/0702	CU
10.1127/nova_hedwigia/2022/0705	BR
10.1127/nova_hedwigia/2022/0706	IN
10.1127/nova_hedwigia/2022/0710	FR
10.1127/nova_hedwigia/2022/0711	PK
10.1127/nova_hedwigia/2022/0712	TW
10.1127/nova_hedwigia/2022/0713	CN
10.1127/nova_hedwigia/2022/0714	SA
10.1127/nova_hedwigia/2022/0715	KH
10.1127/nova_hedwigia/2022/0716	CN
10.1127/nova_hedwigia/2022/0717	CO
10.1127/nova_hedwigia/2022/0718	MX
10.1127/nova_hedwigia/2022/0719	PK
10.1127/nova_hedwigia/2022/0720	PK
10.1127/nova_hedwigia/2022/0721	MG
10.1127/nova_hedwigia/2022/0722	DE
10.1127/nova_hedwigia/2022/0801	US
10.1127/pala/2022/0134	IR
10.1128/mbio.03421-21	US
10.1134/S0031030122010087	KZ
10.1134/S0032945222030158	RU
10.1139/cjes-2021-0105	CA
10.1139/cjz-2021-0160	BR
10.1159/000523747	PY
10.11609/jott.4715.14.6.21290-21295	IN
10.11609/jott.4793.14.9.21826-21835	IN
10.11609/jott.4943.14.7.21347-21355	KE
10.11609/jott.5299.14.8.21660-21695	IN
10.11609/jott.5490.14.5.21043-21054	ID
10.11609/jott.5589.14.6.21170-21178	ET
10.11609/jott.5738.14.7.21356-21367	IN
10.11609/jott.5813.14.7.21388-21395	GT
10.11609/jott.5870.14.9.21900-21902	IN
10.11609/jott.5916.14.9.21870-21890	IN
10.11609/jott.5956.14.1.20526-20529	IN
10.11609/jott.5977.14.6.21239-21245	IN
10.11609/jott.6178.14.3.20703-20712	NP
10.11609/jott.6321.14.7.21484-21486	IN
10.11609/jott.6330.14.12.22309-22328	IN
10.11609/jott.6347.14.7.21458-21461	IN
10.11609/jott.6377.14.1.20523-20525	IN
10.11609/jott.6381.14.4.20859-20865	IN
10.11609/jott.6458.14.8.21508-21528	IN
10.11609/jott.6485.14.7.21476-21479	IN
10.11609/jott.6536.14.3.20792-20797	IN
10.11609/jott.6551.14.5.21068-21075	IN
10.11609/jott.6583.14.2.20576-20583	IN
10.11609/jott.6659.14.11.22156-22163	NP
10.11609/jott.6664.14.1.20311-20322	IT
10.11609/jott.6692.14.5.21002-21009	NP
10.11609/jott.6705.14.5.20988-21001	IN
10.11609/jott.6708.14.5.21117-21121	CM
10.11609/jott.6721.14.5.21076-21083	CV
10.11609/jott.6754.14.3.20758-20772	PK
10.11609/jott.6762.14.1.20461-20468	KE
10.11609/jott.6786.14.2.20539-20549	ET
10.11609/jott.6817.14.12.22260-22269	IN
10.11609/jott.6831.14.1.20530-20533	IN
10.11609/jott.6899.14.2.20637-20642	AU
10.11609/jott.6900.14.8.21605-21611	IN
10.11609/jott.6910.14.4.20915-20920	IN
10.11609/jott.6913.14.2.20625-20630	IN
10.11609/jott.6928.14.5.21091-21101	IN
10.11609/jott.6962.14.3.20780-20785	IN
10.11609/jott.6970.14.1.20426-20432	LK
10.11609/jott.6977.14.1.20387-20399	MY
10.11609/jott.6985.14.3.20773-20779	LK
10.11609/jott.6999.14.2.20597-20605	IN
10.11609/jott.7011.14.9.21769-21775	NP
10.11609/jott.7021.14.2.20584-20596	MY
10.11609/jott.7048.14.1.20534-20536	MM
10.11609/jott.7058.14.8.21720-21726	IN
10.11609/jott.7067.14.8.21561-21578	IN
10.11609/jott.7075.14.7.21453-21457	IN
10.11609/jott.7092.14.4.20866-20872	PK
10.11609/jott.7117.14.1.20400-20405	IN
10.11609/jott.7133.14.7.21432-21441	IN
10.11609/jott.7165.14.3.20747-20757	IN
10.11609/jott.7203.14.5.21025-21031	IN
10.11609/jott.7208.14.1.20323-20345	IN
10.11609/jott.7261.14.3.20713-20720	PH
10.11609/jott.7267.14.1.20413-20425	IN
10.11609/jott.7275.14.4.20943-20945	BD
10.11609/jott.7306.14.3.20740-20746	IN
10.11609/jott.7327.14.4.20908-20914	IN
10.11609/jott.7341.14.4.20828-20839	IN
10.11609/jott.7360.14.6.21266-21281	IN
10.11609/jott.7417.14.2.20566-20575	IN
10.11609/jott.7419.14.2.20606-20614	IN
10.11609/jott.7427.14.2.20643-20647	IN
10.11609/jott.7437.14.1.20444-20460	IN
10.11609/jott.7445.14.4.20926-20929	IN
10.11609/jott.7452.14.1.20371-20386	NP
10.11609/jott.7454.14.8.21696-21703	IN
10.11609/jott.7458.14.9.21862-21869	IN
10.11609/jott.7471.14.5.21032-21042	IN
10.11609/jott.7477.14.1.20469-20477	IN
10.11609/jott.7481.14.11.22184-22189	IN
10.11609/jott.7483.14.7.21331-21346	ID
10.11609/jott.7485.14.4.20848-20858	JP
10.11609/jott.7487.14.6.21246-21265	IN
10.11609/jott.7490.14.6.21155-21160	IN
10.11609/jott.7504.14.2.20654-20665	IN
10.11609/jott.7511.14.11.22105-22117	IN
10.11609/jott.7517.14.8.21727-21732	IN
10.11609/jott.7522.14.9.21895-21897	IN
10.11609/jott.7530.14.6.21302-21306	IN
10.11609/jott.7545.14.2.20686-20688	IN
10.11609/jott.7549.14.5.21055-21067	IN
10.11609/jott.7550.14.6.21321-21323	IN
10.11609/jott.7553.14.12.22270-22276	SO
10.11609/jott.7560.14.1.20478-20487	LK
10.11609/jott.7564.14.2.20683-20685	MA
10.11609/jott.7572.14.6.21127-21139	ID
10.11609/jott.7575.14.3.20733-20739	IN
10.11609/jott.7578.14.1.20494-20499	IN
10.11609/jott.7581.14.2.20550-20565	PK
10.11609/jott.7583.14.5.21019-21024	IN
10.11609/jott.7589.14.9.21811-21817	NP
10.11609/jott.7590.14.6.21324–21326	IN
10.11609/jott.7591.14.3.20805-20807	IN
10.11609/jott.7592.14.8.21529-21552	IN
10.11609/jott.7593.14.8.21704-21709	IN
10.11609/jott.7606.14.5.21084-21090	IN
10.11609/jott.7607.14.4.20821-20827	IN
10.11609/jott.7613.14.8.21619-21641	IN
10.11609/jott.7615.14.3.20808-20810	IN
10.11609/jott.7621.14.8.21579-21587	LK
10.11609/jott.7630.14.6.21307-21310	IN
10.11609/jott.7635.14.6.21311-21314	IN
10.11609/jott.7638.14.1.20503-20510	IN
10.11609/jott.7640.14.11.22039-22057	PH
10.11609/jott.7643.14.2.20689-20691	IN
10.11609/jott.7650.14.9.21818-21825	MY
10.11609/jott.7652.14.1.20511-20516	IN
10.11609/jott.7660.14.2.20677-20679	IN
10.11609/jott.7662.14.6.21327-21330	IN
10.11609/jott.7663.14.2.20615-20624	IN
10.11609/jott.7666.14.5.21010-21018	IN
10.11609/jott.7670.14.1.20488-20493	IN
10.11609/jott.7672.14.2.20648-20653	IN
10.11609/jott.7677.14.2.20692-20694	IN
10.11609/jott.7681.14.6.21179-21189	BT
10.11609/jott.7682.14.7.21368-21387	IN
10.11609/jott.7683.14.7.21409-21420	IN
10.11609/jott.7687.14.6.21190-21198	IN
10.11609/jott.7700.14.3.20801-20804	IN
10.11609/jott.7711.14.1.20346-20370	IN
10.11609/jott.7715.14.11.22164-22178	IN
10.11609/jott.7718.14.4.20946-20950	BT
10.11609/jott.7722.14.2.20680-20682	IN
10.11609/jott.7726.14.6.21140-21148	TH
10.11609/jott.7730.14.4.20903-20907	NP
10.11609/jott.7742.14.2.20695-20697	IN
10.11609/jott.7748.14.3.20721-20732	IN
10.11609/jott.7751.14.11.22179-22183	IN
10.11609/jott.7753.14.1.20500-20502	MM
10.11609/jott.7758.14.5.20964-20969	ID
10.11609/jott.7761.14.6.21149-21154	KH
10.11609/jott.7762.14.5.20970-20987	IN
10.11609/jott.7765.14.2.20631-20636	IN
10.11609/jott.7769.14.4.20930-20934	IN
10.11609/jott.7774.14.11.22148-22155	IN
10.11609/jott.7776.14.8.21715-21719	IN
10.11609/jott.7779.14.4.20935-20938	IN
10.11609/jott.7785.14.9.21853-21861	ID
10.11609/jott.7790.14.3.20786-20791	BD
10.11609/jott.7792.14.7.21421-21431	IN
10.11609/jott.7797.14.9.21797-21804	NP
10.11609/jott.7801.14.4.20890-20902	IN
10.11609/jott.7802.14.3.20798-20800	IN
10.11609/jott.7807.14.6.21227-21238	IN
10.11609/jott.7808.14.7.21402-21408	PG
10.11609/jott.7810.14.2.20666-20671	PE
10.11609/jott.7816.14.9.21786-21796	IN
10.11609/jott.7819.14.7.21442-21448	IN
10.11609/jott.7826.14.11.22080-22085	PH
10.11609/jott.7830.14.8.21612-21618	PH
10.11609/jott.7835.14.5.20951-20963	IN
10.11609/jott.7840.14.6.21199-21212	IN
10.11609/jott.7841.14.12.22232-22259	PK
10.11609/jott.7842.14.8.21588-21604	IN
10.11609/jott.7846.14.8.21745-21748	IN
10.11609/jott.7849.14.1.20537-20538	IN
10.11609/jott.7853.14.8.21739-21741	NP
10.11609/jott.7857.14.7.21480-21483	IN
10.11609/jott.7860.14.8.21651-21659	IN
10.11609/jott.7861.14.11.22086-22097	IN
10.11609/jott.7864.14.5.21122-21124	IN
10.11609/jott.7870.14.7.21396-21401	NP
10.11609/jott.7871.14.6.21285-21289	IN
10.11609/jott.7885.14.6.21213-21226	IN
10.11609/jott.7886.14.12.22207-22214	IN
10.11609/jott.7890.14.4.20939-20942	IN
10.11609/jott.7891.14.7.21467-21469	IN
10.11609/jott.7896.14.6.21315-21317	MA
10.11609/jott.7897.14.12.22341-22345	IN
10.11609/jott.7898.14.2.20701-20702	IN
10.11609/jott.7899.14.2.20698-20700	IN
10.11609/jott.7902.14.6.21296-21301	IN
10.11609/jott.7934.14.11.22118-22132	IN
10.11609/jott.7936.14.6.21161-21169	IN
10.11609/jott.7953.14.12.22221-22231	IN
10.11609/jott.7955.14.8.21736-21738	IN
10.11609/jott.7957.14.9.21836-21844	BT
10.11609/jott.7959.14.11.22133-22138	MX
10.11609/jott.7960.14.12.22215-22220	IN
10.11609/jott.7962.14.8.21733-21735	IN
10.11609/jott.7964.14.8.21710-21714	VN
10.11609/jott.7976.14.8.21742-21744	NP
10.11609/jott.7986.14.7.21449-21452	IN
10.11609/jott.7989.14.6.21282-21284	IN
10.11609/jott.7992.14.7.21473-21475	IN
10.11609/jott.7995.14.8.21501-21507	IN
10.11609/jott.7999.14.11.22098-22104	IN
10.11609/jott.8010.14.12.22293-22308	IN
10.11609/jott.8019.14.9.21845-21852	IN
10.11609/jott.8021.14.8.21749-21750	IN
10.11609/jott.8026.14.7.21462-21466	IN
10.11609/jott.8030.14.8.21487-21500	IN
10.11609/jott.8040.14.12.22277-22292	IN
10.11609/jott.8049.14.11.22190-22194	IN
10.11609/jott.8050.14.9.21751-21768	IN
10.11609/jott.8052.14.6.21318-21320	LK
10.11609/jott.8058.14.7.21470-21472	US
10.11609/jott.8064.14.9.21898-21899	IN
10.11609/jott.8074.14.9.21776-21785	LK
10.11609/jott.8085.14.11.22139-22147	IN
10.11609/jott.8100.14.11.22201-22202	IN
10.11609/jott.8119.14.11.22058-22079	PH
10.11609/jott.8130.14.11.22195-22200	IN
10.11609/jott.8148.14.9.21891-21894	NP
10.11609/jott.8223.14.12.22351-22353	IN
10.11609/jott.8282.14.11.22205-22206	IN
10.11609/jott.8304.14.12.22354	IN
10.1163/15685403-bja10176	KR
10.1163/15685403-bja10186	JP
10.1163/15685403-bja10192	JP
10.1163/15685403-bja10234	JP
10.1163/15685411-bja10178	CN
10.1163/18759866-bja10025	LA
10.11646/megataxa.8.1.1	CN
10.11646/palaeoentomology.5.1.2	CN
10.11646/phytotaxa.530.1.1	HT
10.11646/phytotaxa.530.1.1	IT
10.11646/phytotaxa.530.1.14	ID
10.11646/phytotaxa.530.1.2	CN
10.11646/phytotaxa.530.1.3	CN
10.11646/phytotaxa.530.1.4	BR
10.11646/phytotaxa.530.1.5	CN
10.11646/phytotaxa.530.1.6	MX
10.11646/phytotaxa.530.1.7	EG
10.11646/phytotaxa.530.1.8	BR
10.11646/phytotaxa.530.2.1	CN
10.11646/phytotaxa.530.2.11	CN
10.11646/phytotaxa.530.2.12	BR
10.11646/phytotaxa.530.2.13	TR
10.11646/phytotaxa.530.2.2	MX
10.11646/phytotaxa.530.2.4	CN
10.11646/phytotaxa.530.2.5	BR
10.11646/phytotaxa.530.2.7	CN
10.11646/phytotaxa.530.3.1	VN
10.11646/phytotaxa.530.3.2	IN
10.11646/phytotaxa.530.3.3	IN
10.11646/phytotaxa.530.3.4	BR
10.11646/phytotaxa.530.3.5	US
10.11646/phytotaxa.531.1.1	TH
10.11646/phytotaxa.531.1.2	TR
10.11646/phytotaxa.531.1.3	CN
10.11646/phytotaxa.531.1.4	CN
10.11646/phytotaxa.531.1.6	IN
10.11646/phytotaxa.531.1.7	IT
10.11646/phytotaxa.531.2.2	TR
10.11646/phytotaxa.531.2.5	VN
10.11646/phytotaxa.531.3.1	BR
10.11646/phytotaxa.531.3.1	FR
10.11646/phytotaxa.531.3.3	TR
10.11646/phytotaxa.531.3.4	TH
10.11646/phytotaxa.531.3.5	BR
10.11646/phytotaxa.531.3.6	LK
10.11646/phytotaxa.531.3.7	TH
10.11646/phytotaxa.531.3.8	ZA
10.11646/phytotaxa.532.1.1	CN
10.11646/phytotaxa.532.1.2	TR
10.11646/phytotaxa.532.1.4	TW
10.11646/phytotaxa.532.1.5	VN
10.11646/phytotaxa.532.1.6	TR
10.11646/phytotaxa.532.1.7	IR
10.11646/phytotaxa.532.1.8	IN
10.11646/phytotaxa.532.1.9	MX
10.11646/phytotaxa.532.2.1	CN
10.11646/phytotaxa.532.2.2	HR
10.11646/phytotaxa.532.2.3	CN
10.11646/phytotaxa.532.2.4	IN
10.11646/phytotaxa.532.2.5	BR
10.11646/phytotaxa.532.2.6	CN
10.11646/phytotaxa.532.2.7	BR
10.11646/phytotaxa.532.2.8	IN
10.11646/phytotaxa.532.3.1	DE
10.11646/phytotaxa.533.1.3	ID
10.11646/phytotaxa.533.2.2	CN
10.11646/phytotaxa.533.2.4	IT
10.11646/phytotaxa.533.3.1	TH
10.11646/phytotaxa.533.3.2	CN
10.11646/phytotaxa.533.3.3	PH
10.11646/phytotaxa.533.4.1	IN
10.11646/phytotaxa.533.4.3	TN
10.11646/phytotaxa.533.4.5	IN
10.11646/phytotaxa.536.1.1	LA
10.11646/phytotaxa.536.1.2	GR
10.11646/phytotaxa.536.1.3	TR
10.11646/phytotaxa.536.1.4	IN
10.11646/phytotaxa.536.1.5	CN
10.11646/phytotaxa.536.1.7	IN
10.11646/phytotaxa.536.2.2	IT
10.11646/phytotaxa.536.2.5	CN
10.11646/phytotaxa.536.3.1	BR
10.11646/phytotaxa.536.3.10	CN
10.11646/phytotaxa.536.3.2	VN
10.11646/phytotaxa.536.3.3	BR
10.11646/phytotaxa.536.3.4	IR
10.11646/phytotaxa.536.3.5	BR
10.11646/phytotaxa.536.3.6	ZA
10.11646/phytotaxa.536.3.7	BR
10.11646/phytotaxa.536.3.8	BR
10.11646/phytotaxa.538.2.3	TR
10.11646/phytotaxa.538.2.4	VN
10.11646/phytotaxa.538.2.5	IN
10.11646/phytotaxa.538.2.7	BR
10.11646/phytotaxa.538.2.8	ZW
10.11646/phytotaxa.538.2.9	PH
10.11646/phytotaxa.538.3.7	IN
10.11646/phytotaxa.539.1.1	CN
10.11646/phytotaxa.539.1.2	CN
10.11646/phytotaxa.539.1.3	CN
10.11646/phytotaxa.539.1.4	TR
10.11646/phytotaxa.539.1.6	CN
10.11646/phytotaxa.539.1.7	SO
10.11646/phytotaxa.539.1.8	CN
10.11646/phytotaxa.539.2.5	BR
10.11646/phytotaxa.541.1.1	CN
10.11646/phytotaxa.541.1.2	CN
10.11646/phytotaxa.541.1.4	PH
10.11646/phytotaxa.541.1.5	IN
10.11646/phytotaxa.541.1.7	TH
10.11646/phytotaxa.541.1.8	VN
10.11646/phytotaxa.541.3.1	PE
10.11646/phytotaxa.541.3.10	CN
10.11646/phytotaxa.541.3.2	CN
10.11646/phytotaxa.541.3.3	BR
10.11646/phytotaxa.541.3.4	IN
10.11646/phytotaxa.541.3.5	IN
10.11646/phytotaxa.541.3.6	BR
10.11646/phytotaxa.541.3.7	CN
10.11646/phytotaxa.541.3.8	LA
10.11646/phytotaxa.541.3.9	VN
10.11646/phytotaxa.542.2.1	BR
10.11646/phytotaxa.542.2.2	US
10.11646/phytotaxa.542.2.3	BR
10.11646/phytotaxa.542.2.4	FR
10.11646/phytotaxa.542.2.7	MX
10.11646/phytotaxa.542.2.8	BR
10.11646/phytotaxa.542.2.9	GR
10.11646/phytotaxa.543.1.1	UZ
10.11646/phytotaxa.543.1.10	JP
10.11646/phytotaxa.543.1.11	MG
10.11646/phytotaxa.543.1.2	MY
10.11646/phytotaxa.543.1.3	BR
10.11646/phytotaxa.543.1.5	CN
10.11646/phytotaxa.543.1.6	CN
10.11646/phytotaxa.543.1.7	CN
10.11646/phytotaxa.543.1.8	CN
10.11646/phytotaxa.543.1.9	MX
10.11646/phytotaxa.543.4.3	TH
10.11646/phytotaxa.543.4.4	CN
10.11646/phytotaxa.544.1.1	MX
10.11646/phytotaxa.544.1.2	CN
10.11646/phytotaxa.544.1.3	CN
10.11646/phytotaxa.544.1.4	BR
10.11646/phytotaxa.544.1.5	VN
10.11646/phytotaxa.544.1.6	BR
10.11646/phytotaxa.544.1.7	BR
10.11646/phytotaxa.544.1.8	ID
10.11646/phytotaxa.544.1.9	CN
10.11646/phytotaxa.544.2.3	BR
10.11646/phytotaxa.544.2.5	CN
10.11646/phytotaxa.544.2.7	CN
10.11646/phytotaxa.544.3.1	NI
10.11646/phytotaxa.544.3.2	BR
10.11646/phytotaxa.544.3.3	CN
10.11646/phytotaxa.544.3.4	CU
10.11646/phytotaxa.545.1.2	TR
10.11646/phytotaxa.545.3.3	VN
10.11646/phytotaxa.547.1.11	AF
10.11646/phytotaxa.547.1.12	CN
10.11646/phytotaxa.547.1.2	MX
10.11646/phytotaxa.547.1.3	TR
10.11646/phytotaxa.547.1.4	IR
10.11646/phytotaxa.547.1.5	NP
10.11646/phytotaxa.547.1.6	VN
10.11646/phytotaxa.547.1.7	MG
10.11646/phytotaxa.547.1.9	BO
10.11646/phytotaxa.548.1.7	TW
10.11646/phytotaxa.549.1.1	VN
10.11646/phytotaxa.549.1.10	CU
10.11646/phytotaxa.549.1.12	ZA
10.11646/phytotaxa.549.1.2	CN
10.11646/phytotaxa.549.1.4	MX
10.11646/phytotaxa.549.1.5	CN
10.11646/phytotaxa.549.1.6	CN
10.11646/phytotaxa.549.1.7	ID
10.11646/phytotaxa.549.1.8	LK
10.11646/phytotaxa.552.1.2	CN
10.11646/phytotaxa.552.1.3	CN
10.11646/phytotaxa.552.1.6	TW
10.11646/phytotaxa.552.2.1	BR
10.11646/phytotaxa.552.2.2	IN
10.11646/phytotaxa.552.2.3	CO
10.11646/phytotaxa.552.2.4	MX
10.11646/phytotaxa.552.5.2	CN
10.11646/phytotaxa.554.2.1	CN
10.11646/phytotaxa.554.2.2	CN
10.11646/phytotaxa.554.2.7	CN
10.11646/phytotaxa.554.3.3	CN
10.11646/phytotaxa.555.1.1	ID
10.11646/phytotaxa.555.1.2	BR
10.11646/phytotaxa.555.1.3	IN
10.11646/phytotaxa.555.1.4	MA
10.11646/phytotaxa.555.1.5	TH
10.11646/phytotaxa.555.1.6	ID
10.11646/phytotaxa.555.1.7	CN
10.11646/phytotaxa.555.4.1	CN
10.11646/phytotaxa.555.4.2	TR
10.11646/phytotaxa.556.1.5	CN
10.11646/phytotaxa.556.1.7	CN
10.11646/phytotaxa.556.1.8	VN
10.11646/phytotaxa.556.2.3	CN
10.11646/phytotaxa.556.2.4	IN
10.11646/phytotaxa.556.2.6	CN
10.11646/phytotaxa.556.2.8	CN
10.11646/phytotaxa.556.3.2	CN
10.11646/phytotaxa.556.3.4	CN
10.11646/phytotaxa.558.1.2	TH
10.11646/phytotaxa.558.1.7	TD
10.11646/phytotaxa.558.2.5	IN
10.11646/phytotaxa.558.2.6	CN
10.11646/phytotaxa.558.3.1	CN
10.11646/phytotaxa.558.3.3	CL
10.11646/phytotaxa.558.3.4	VN
10.11646/phytotaxa.558.3.5	CN
10.11646/phytotaxa.559.1.3	CN
10.11646/phytotaxa.559.1.4	GT
10.11646/phytotaxa.559.2.3	TR
10.11646/phytotaxa.559.2.8	CN
10.11646/phytotaxa.559.3.1	IN
10.11646/phytotaxa.560.1.10	CO
10.11646/phytotaxa.560.1.6	CN
10.11646/phytotaxa.560.1.7	BR
10.11646/phytotaxa.560.3.2	CN
10.11646/phytotaxa.561.1.5	CN
10.11646/phytotaxa.561.1.7	CN
10.11646/phytotaxa.561.2.1	CN
10.11646/phytotaxa.561.2.2	BR
10.11646/phytotaxa.561.2.3	BR
10.11646/phytotaxa.561.2.4	MX
10.11646/phytotaxa.561.2.5	KH
10.11646/phytotaxa.561.2.6	CN
10.11646/phytotaxa.561.2.8	NL
10.11646/phytotaxa.561.2.9	AT
10.11646/phytotaxa.564.2.9	CN
10.11646/phytotaxa.564.3.3	MX
10.11646/phytotaxa.566.2.3	CN
10.11646/phytotaxa.566.2.6	CN
10.11646/phytotaxa.567.1.3	IN
10.11646/phytotaxa.567.1.5	CN
10.11646/phytotaxa.567.1.7	IN
10.11646/phytotaxa.567.3.4	CN
10.11646/phytotaxa.567.3.5	PK
10.11646/phytotaxa.567.3.6	IT
10.11646/phytotaxa.567.3.8	BR
10.11646/phytotaxa.568.1.1	MA
10.11646/phytotaxa.568.1.2	ZW
10.11646/phytotaxa.568.1.3	BR
10.11646/phytotaxa.568.1.5	ZA
10.11646/phytotaxa.568.1.6	MG
10.11646/phytotaxa.568.1.7	EC
10.11646/phytotaxa.568.3.5	CO
10.11646/phytotaxa.570.1.1	TR
10.11646/phytotaxa.570.1.10	CN
10.11646/phytotaxa.570.1.2	TH
10.11646/phytotaxa.570.1.4	TR
10.11646/phytotaxa.570.1.5	BR
10.11646/phytotaxa.570.1.6	BR
10.11646/phytotaxa.570.1.9	CN
10.11646/phytotaxa.571.1.1	CN
10.11646/phytotaxa.571.1.3	CN
10.11646/phytotaxa.571.1.5	BR
10.11646/phytotaxa.571.1.7	IN
10.11646/phytotaxa.571.2.3	IN
10.11646/phytotaxa.571.3.2	CN
10.11646/phytotaxa.572.1.4	CN
10.11646/phytotaxa.572.1.6	VN
10.11646/phytotaxa.572.3.4	CN
10.11646/phytotaxa.572.3.7	IN
10.11646/phytotaxa.572.3.9	PH
10.11646/phytotaxa.573.1.4	CN
10.11646/phytotaxa.573.1.6	CN
10.11646/phytotaxa.573.1.8	CN
10.11646/phytotaxa.573.2.5	CN
10.11646/phytotaxa.573.2.6	CN
10.11646/phytotaxa.574.4.4	VN
10.11646/phytotaxa.575.2.1	CN
10.11646/phytotaxa.575.2.2	TH
10.11646/phytotaxa.575.2.3	CN
10.11646/phytotaxa.575.2.4	IN
10.11646/phytotaxa.575.2.5	CN
10.11646/phytotaxa.575.2.7	BR
10.11646/phytotaxa.575.3.1	BR
10.11646/phytotaxa.575.3.3	CM
10.11646/phytotaxa.575.3.5	CN
10.11646/phytotaxa.575.3.6	EC
10.11646/phytotaxa.576.1.3	BR
10.11646/phytotaxa.576.1.4	CN
10.11646/phytotaxa.576.1.7	IT
10.11646/phytotaxa.576.1.8	ID
10.11646/phytotaxa.576.1.9	CN
10.11646/phytotaxa.576.3.1	BR
10.11646/phytotaxa.576.3.3	AR
10.11646/phytotaxa.576.3.5	BR
10.11646/phytotaxa.577.1.7	EC
10.11646/phytotaxa.577.1.9	BR
10.11646/zootaxa.5087.2.1	PE
10.11646/zootaxa.5087.2.2	IR
10.11646/zootaxa.5087.2.3	BR
10.11646/zootaxa.5087.2.4	JP
10.11646/zootaxa.5087.2.5	CN
10.11646/zootaxa.5087.2.6	IN
10.11646/zootaxa.5087.2.7	GR
10.11646/zootaxa.5087.2.8	US
10.11646/zootaxa.5087.2.9	BR
10.11646/zootaxa.5087.3.1	CN
10.11646/zootaxa.5087.3.2	PE
10.11646/zootaxa.5087.3.3	CM
10.11646/zootaxa.5087.3.4	CR
10.11646/zootaxa.5087.3.5	CN
10.11646/zootaxa.5087.3.6	BI
10.11646/zootaxa.5087.3.8	IN
10.11646/zootaxa.5087.4.1	CN
10.11646/zootaxa.5087.4.2	BR
10.11646/zootaxa.5087.4.3	VN
10.11646/zootaxa.5087.4.4	IN
10.11646/zootaxa.5087.4.6	TR
10.11646/zootaxa.5087.4.9	CL
10.11646/zootaxa.5091.1.1	NA
10.11646/zootaxa.5091.1.2	MG
10.11646/zootaxa.5091.1.3	AU
10.11646/zootaxa.5091.1.4	BR
10.11646/zootaxa.5091.1.5	CN
10.11646/zootaxa.5091.1.6	ZA
10.11646/zootaxa.5091.1.7	IN
10.11646/zootaxa.5091.1.8	IN
10.11646/zootaxa.5091.3.1	CO
10.11646/zootaxa.5091.3.3	AU
10.11646/zootaxa.5091.3.4	CN
10.11646/zootaxa.5091.3.5	CN
10.11646/zootaxa.5091.3.6	IN
10.11646/zootaxa.5091.3.7	AU
10.11646/zootaxa.5091.3.8	AR
10.11646/zootaxa.5091.3.9	FJ
10.11646/zootaxa.5092.4.7	ID
10.11646/zootaxa.5092.5.2	CN
10.11646/zootaxa.5092.5.4	EG
10.11646/zootaxa.5092.5.5	MW
10.11646/zootaxa.5092.5.6	CN
10.11646/zootaxa.5093.2.4	IN
10.11646/zootaxa.5093.2.6	CN
10.11646/zootaxa.5093.3.1	BR
10.11646/zootaxa.5093.3.3	MX
10.11646/zootaxa.5093.3.5	CN
10.11646/zootaxa.5093.3.6	VN
10.11646/zootaxa.5093.3.7	CN
10.11646/zootaxa.5093.4.1	UG
10.11646/zootaxa.5093.4.2	ZA
10.11646/zootaxa.5093.4.3	BR
10.11646/zootaxa.5093.4.4	AR
10.11646/zootaxa.5093.4.5	IN
10.11646/zootaxa.5093.4.6	VN
10.11646/zootaxa.5093.4.7	ID
10.11646/zootaxa.5094.3.5	US
10.11646/zootaxa.5099.2.3	CN
10.11646/zootaxa.5099.2.4	AO
10.11646/zootaxa.5099.2.6	CL
10.11646/zootaxa.5099.2.7	CN
10.11646/zootaxa.5099.2.8	MX
10.11646/zootaxa.5099.2.9	CN
10.11646/zootaxa.5099.3.3	CN
10.11646/zootaxa.5099.5.2	CO
10.11646/zootaxa.5099.5.4	MP
10.11646/zootaxa.5099.5.5	DK
10.11646/zootaxa.5099.5.6	CN
10.11646/zootaxa.5100.2.5	IR
10.11646/zootaxa.5100.3.1	MW
10.11646/zootaxa.5100.3.5	CL
10.11646/zootaxa.5100.3.6	IN
10.11646/zootaxa.5100.4.2	SO
10.11646/zootaxa.5100.4.3	ZA
10.11646/zootaxa.5100.4.4	BR
10.11646/zootaxa.5100.4.6	US
10.11646/zootaxa.5100.4.7	NP
10.11646/zootaxa.5100.4.8	CN
10.11646/zootaxa.5100.4.9	ID
10.11646/zootaxa.5104.2.2	PE
10.11646/zootaxa.5104.2.4	CD
10.11646/zootaxa.5104.3.1	IN
10.11646/zootaxa.5104.3.1	NP
10.11646/zootaxa.5104.3.2	MX
10.11646/zootaxa.5104.3.4	ID
10.11646/zootaxa.5104.3.7	IN
10.11646/zootaxa.5104.3.8	VN
10.11646/zootaxa.5104.4.1	AR
10.11646/zootaxa.5104.4.3	IN
10.11646/zootaxa.5104.4.4	IN
10.11646/zootaxa.5104.4.5	CN
10.11646/zootaxa.5104.4.6	TT
10.11646/zootaxa.5104.4.7	KG
10.11646/zootaxa.5104.4.9	ID
10.11646/zootaxa.5105.1.5	PE
10.11646/zootaxa.5105.2.6	MZ
10.11646/zootaxa.5105.2.8	US
10.11646/zootaxa.5105.4.1	CN
10.11646/zootaxa.5105.4.3	PK
10.11646/zootaxa.5105.4.4	BR
10.11646/zootaxa.5105.4.5	JP
10.11646/zootaxa.5105.4.6	IN
10.11646/zootaxa.5105.4.7	CN
10.11646/zootaxa.5105.4.8	IN
10.11646/zootaxa.5115.1.4	IN
10.11646/zootaxa.5115.1.9	IN
10.11646/zootaxa.5115.2.1	AT
10.11646/zootaxa.5115.2.2	CN
10.11646/zootaxa.5115.2.3	AU
10.11646/zootaxa.5115.2.4	US
10.11646/zootaxa.5115.2.5	CO
10.11646/zootaxa.5115.2.5	EC
10.11646/zootaxa.5115.2.6	MA
10.11646/zootaxa.5115.2.7	MG
10.11646/zootaxa.5115.2.8	CN
10.11646/zootaxa.5115.3.3	CN
10.11646/zootaxa.5115.4.10	CN
10.11646/zootaxa.5116.1.1	TH
10.11646/zootaxa.5116.3.6	MX
10.11646/zootaxa.5116.4.7	IN
10.11646/zootaxa.5120.1.1	MY
10.11646/zootaxa.5120.1.2	MG
10.11646/zootaxa.5120.1.5	BR
10.11646/zootaxa.5120.1.6	CN
10.11646/zootaxa.5120.1.7	RO
10.11646/zootaxa.5120.3.3	BR
10.11646/zootaxa.5120.4.6	BR
10.11646/zootaxa.5123.1.1	TR
10.11646/zootaxa.5124.1.3	MG
10.11646/zootaxa.5124.2.10	CN
10.11646/zootaxa.5124.3.1	CN
10.11646/zootaxa.5124.3.4	AU
10.11646/zootaxa.5124.3.7	TR
10.11646/zootaxa.5124.4.1	AO
10.11646/zootaxa.5124.4.3	TJ
10.11646/zootaxa.5124.4.6	SB
10.11646/zootaxa.5124.4.7	CN
10.11646/zootaxa.5124.4.8	IN
10.11646/zootaxa.5124.5.5	CN
10.11646/zootaxa.5125.2.1	GR
10.11646/zootaxa.5125.3.2	CR
10.11646/zootaxa.5125.3.4	CM
10.11646/zootaxa.5125.3.5	MG
10.11646/zootaxa.5125.3.6	PK
10.11646/zootaxa.5128.1.3	JP
10.11646/zootaxa.5128.3.4	PT
10.11646/zootaxa.5128.4.8	CN
10.11646/zootaxa.5129.1.10	CN
10.11646/zootaxa.5129.1.5	LA
10.11646/zootaxa.5129.2.2	BR
10.11646/zootaxa.5129.2.3	BR
10.11646/zootaxa.5129.2.4	IN
10.11646/zootaxa.5129.2.5	CN
10.11646/zootaxa.5129.2.6	MM
10.11646/zootaxa.5129.2.7	US
10.11646/zootaxa.5129.2.8	IN
10.11646/zootaxa.5129.3.3	BR
10.11646/zootaxa.5129.3.5	CN
10.11646/zootaxa.5133.1.1	CN
10.11646/zootaxa.5133.1.4	BR
10.11646/zootaxa.5133.1.6	CN
10.11646/zootaxa.5133.2.1	JP
10.11646/zootaxa.5133.2.2	MG
10.11646/zootaxa.5133.2.3	AU
10.11646/zootaxa.5133.2.4	MW
10.11646/zootaxa.5133.2.5	CN
10.11646/zootaxa.5133.2.6	IN
10.11646/zootaxa.5133.2.7	CN
10.11646/zootaxa.5133.2.8	CN
10.11646/zootaxa.5133.2.9	AF
10.11646/zootaxa.5133.4.7	BR
10.11646/zootaxa.5134.1.4	JP
10.11646/zootaxa.5138.1.2	JP
10.11646/zootaxa.5138.2.1	KG
10.11646/zootaxa.5138.2.2	JP
10.11646/zootaxa.5138.2.3	TH
10.11646/zootaxa.5138.2.4	CR
10.11646/zootaxa.5138.2.5	MG
10.11646/zootaxa.5138.2.6	ID
10.11646/zootaxa.5138.3.4	AU
10.11646/zootaxa.5138.3.7	JP
10.11646/zootaxa.5141.6.1	CR
10.11646/zootaxa.5150.1.6	CN
10.11646/zootaxa.5150.2.1	GH
10.11646/zootaxa.5150.2.2	NZ
10.11646/zootaxa.5150.2.3	CO
10.11646/zootaxa.5150.2.4	AU
10.11646/zootaxa.5150.2.5	UY
10.11646/zootaxa.5150.2.6	BR
10.11646/zootaxa.5150.2.7	BR
10.11646/zootaxa.5150.2.8	CN
10.11646/zootaxa.5154.1.7	OM
10.11646/zootaxa.5154.4.6	ZA
10.11646/zootaxa.5155.2.4	MG
10.11646/zootaxa.5155.2.6	CN
10.11646/zootaxa.5155.4.1	MX
10.11646/zootaxa.5155.4.3	MA
10.11646/zootaxa.5155.4.4	IN
10.11646/zootaxa.5155.4.5	NL
10.11646/zootaxa.5155.4.6	BR
10.11646/zootaxa.5155.4.7	CN
10.11646/zootaxa.5155.4.9	CN
10.11646/zootaxa.5162.2.3	PE
10.11646/zootaxa.5162.4.4	CN
10.11646/zootaxa.5162.4.8	MX
10.11646/zootaxa.5162.5.3	CN
10.11646/zootaxa.5163.1.1	ZA
10.11646/zootaxa.5165.3.4	BR
10.11646/zootaxa.5165.3.6	IN
10.11646/zootaxa.5168.4.3	CN
10.11646/zootaxa.5169.2.3	CI
10.11646/zootaxa.5169.3.1	MX
10.11646/zootaxa.5169.3.2	US
10.11646/zootaxa.5169.3.3	MX
10.11646/zootaxa.5169.3.4	JP
10.11646/zootaxa.5169.3.5	BR
10.11646/zootaxa.5169.3.6	CN
10.11646/zootaxa.5169.4.2	ZA
10.11646/zootaxa.5169.5.7	SO
10.11646/zootaxa.5170.1.1	PG
10.11646/zootaxa.5172.1.1	SK
10.11646/zootaxa.5174.1.1	BT
10.11646/zootaxa.5174.2.5	SO
10.11646/zootaxa.5174.3.3	BG
10.11646/zootaxa.5174.3.6	CL
10.11646/zootaxa.5174.4.1	JP
10.11646/zootaxa.5175.1.3	PK
10.11646/zootaxa.5175.4.1	BG
10.11646/zootaxa.5175.4.2	JP
10.11646/zootaxa.5175.4.4	CN
10.11646/zootaxa.5175.4.6	CN
10.11646/zootaxa.5175.4.7	IN
10.11646/zootaxa.5178.4.1	CO
10.11646/zootaxa.5178.5.2	JP
10.11646/zootaxa.5178.5.5	CN
10.11646/zootaxa.5178.6.4	MM
10.11646/zootaxa.5182.2.1	ID
10.11646/zootaxa.5182.3.3	CN
10.11646/zootaxa.5182.4.3	OM
10.11646/zootaxa.5182.4.5	CN
10.11646/zootaxa.5182.6.1	BR
10.11646/zootaxa.5182.6.2	CR
10.11646/zootaxa.5182.6.3	MG
10.11646/zootaxa.5182.6.5	BR
10.11646/zootaxa.5182.6.6	JP
10.11646/zootaxa.5188.2.1	CO
10.11646/zootaxa.5188.2.5	CN
10.11646/zootaxa.5188.2.7	ID
10.11646/zootaxa.5188.3.3	LA
10.11646/zootaxa.5188.5.4	CN
10.11646/zootaxa.5190.1.3	FR
10.11646/zootaxa.5190.1.5	CN
10.11646/zootaxa.5190.2.3	US
10.11646/zootaxa.5194.4.4	BR
10.11646/zootaxa.5195.1.2	PE
10.11646/zootaxa.5195.1.8	CN
10.11646/zootaxa.5195.3.1	FR
10.11646/zootaxa.5195.3.4	YE
10.11646/zootaxa.5195.3.5	CM
10.11646/zootaxa.5195.3.6	CM
10.11646/zootaxa.5195.3.7	KR
10.11646/zootaxa.5195.3.8	CN
10.11646/zootaxa.5195.5.3	IN
10.11646/zootaxa.5195.5.5	TH
10.11646/zootaxa.5195.6.3	ZA
10.11646/zootaxa.5195.6.8	CN
10.11646/zootaxa.5196.1.8	MG
10.11646/zootaxa.5196.2.2	TH
10.11646/zootaxa.5196.2.8	CN
10.11646/zootaxa.5199.1.1	ZA
10.11646/zootaxa.5200.4.3	CN
10.11646/zootaxa.5200.4.5	MA
10.11646/zootaxa.5200.5.2	JP
10.11646/zootaxa.5200.5.5	TZ
10.11646/zootaxa.5200.6.7	CN
10.11646/zootaxa.5201.1.1	MX
10.11646/zootaxa.5204.1.1	IN
10.11646/zootaxa.5205.1.3	NP
10.11646/zootaxa.5205.2.4	MA
10.11646/zootaxa.5205.2.6	BR
10.11646/zootaxa.5205.3.5	CN
10.11646/zootaxa.5205.4.2	VN
10.11646/zootaxa.5205.4.4	CM
10.11646/zootaxa.5205.5.3	ID
10.11646/zootaxa.5205.5.7	CM
10.11646/zootaxa.5205.6.1	US
10.11646/zootaxa.5208.1.1	CR
10.11646/zootaxa.5209.1.1	MA
10.11646/zootaxa.5209.1.2	TH
10.11646/zootaxa.5209.1.8	BR
10.11646/zootaxa.5209.3.2	MA
10.11646/zootaxa.5209.3.7	SA
10.11646/zootaxa.5209.4.7	CO
10.11646/zootaxa.5209.5.2	EC
10.11646/zootaxa.5209.5.3	JP
10.11646/zootaxa.5209.5.7	MX
10.11646/zootaxa.5213.1.7	TH
10.11646/zootaxa.5213.2.7	CN
10.11646/zootaxa.5213.4.4	SN
10.11646/zootaxa.5213.4.7	CN
10.11646/zootaxa.5213.5.5	CN
10.11646/zootaxa.5213.5.7	CR
10.11646/zootaxa.5213.5.8	CR
10.11646/zootaxa.5214.3.4	VN
10.11646/zootaxa.5219.1.6	CN
10.11646/zootaxa.5219.2.6	IN
10.11646/zootaxa.5219.2.7	CN
10.11646/zootaxa.5219.5.7	TH
10.11646/zootaxa.5222.1.1	MY
10.11646/zootaxa.5222.1.2	CN
10.11646/zootaxa.5222.1.3	IR
10.11646/zootaxa.5222.1.4	IN
10.11646/zootaxa.5222.1.5	CN
10.11646/zootaxa.5222.1.6	IN
10.11646/zootaxa.5222.1.7	BR
10.11646/zootaxa.5222.1.8	CN
10.1177/11769343211071114	JO
10.1186/s12864-022-08468-x	CN
10.1186/s12866-022-02543-9	CN
10.1186/s13002-022-00503-1	BR
10.1186/s13071-021-05136-z	CN
10.1186/s13358-022-00254-2	CH
10.1186/s40529-022-00350-z	TW
10.1186/s40850-022-00127-8	CN
10.1186/s43008-022-00088-0	DE
10.1206/3990.1	CD
10.12976/jib/2022.32.2.3	ID
10.12976/jib/2022.36.2.2	TR
10.13133/2284-4880/716	CN
10.13156/arac.2022.19.3.678	IN
10.13346/j.mycosystema.210383	CN
10.1371/journal.pone.0261397	US
10.1371/journal.pone.0261682	TH
10.1371/journal.pone.0263084	KR
10.1371/journal.pone.0264081	BR
10.1371/journal.pone.0264264	UY
10.1371/journal.pone.0264419	CN
10.1371/journal.pone.0265336	BR
10.1371/journal.pone.0273067	BR
10.1371/journal.pone.0274699	NP
10.1371/journal.pone.0276846	CN
10.1371/journal.pone.0276847	JP
10.14411/fp.2022.001	IN
10.1515/bot-2022-0007	AU
10.15517/lank.v20i2.42396	EC
10.15517/lank.v20i2.42849	BR
10.15517/lank.v20i2.43271	AU
10.15517/lank.v20i2.43555	US
10.15517/lank.v22i1.50589	IN
10.15517/lank.v22i1.50848	CR
10.1590/0001-3765202120191161	BR
10.1590/0001-3765202120200099	AR
10.1590/0001-3765202220201846	BR
10.1590/0001-3765202220201870	AR
10.1590/0001-3765202220210283	BR
10.1590/0102-33062021abb0382	PK
10.1590/0102-33062022abb0006	BR
10.1590/1677-941X-ABB-2022-0147	BR
10.1590/1806-9665-RBENT-2021-0089	EC
10.1590/1806-9665-RBENT-2022-0005	PE
10.1590/1982-0224-2021-0117	BR
10.1590/1982-0224-2021-0125	BR
10.1590/1982-0224-2021-0126	BR
10.1590/1982-0224-2021-0129	BR
10.1590/1982-0224-2021-0164	BR
10.1590/1982-0224-2022-0017	BR
10.1590/1982-0224-2022-0051	BR
10.1590/1982-0224-2022-0067	CM
10.1590/2175-7860202273034	BR
10.1590/S1984-4689.v39.e21022	BR
10.1590/s1984-4689.v39.e22001	BR
10.1600/036364422X16442668423365	PE
10.1600/036364422X16442668423392	MX
10.1600/036364422X16442668423400	CN
10.1600/036364422X16442668423437	BR
10.1600/036364422X16442668423455	US
10.1600/036364422X16442668423464	BR
10.1600/036364422X16442668423473	BR
10.1600/036364422X16442668423482	BR
10.1600/036364422X16442668423491	PY
10.1600/036364422X16442668423518	MX
10.1600/036364422X16442668423536	BR
10.1600/036364422X16442668423545	AR
10.1600/036364422X16442668423563	BR
10.1600/036364422X16442668423572	CN
10.1600/036364422X16442668893265	TW
10.1600/036364422X16442669847067	MX
10.1600/036364422X16442669847085	MX
10.1600/036364422X16442669847094	BR
10.1600/036364422X16512564801524	CN
10.1600/036364422X16512564801542	PG
10.1600/036364422X16512564801579	CN
10.1600/036364422X16512564801588	BR
10.1600/036364422X16512564801597	BR
10.1600/036364422X16512564801614	MG
10.1600/036364422X16512564801632	BR
10.1600/036364422X16512564801641	MX
10.1600/036364422X16512564801669	BR
10.1600/036364422X16512564801687	BR
10.1600/036364422X16512564801704	BR
10.1600/036364422X16512564801713	CA
10.1600/036364422X16512564801722	NZ
10.1600/036364422X16512572274981	SB
10.1600/036364422X16512572275007	MX
10.1600/036364422X16512572275016	CN
10.1600/036364422X16516711856571	CO
10.1600/036364422X16573019348193	BR
10.1600/036364422X16573019348201	BR
10.1600/036364422X16573019348229	MX
10.1600/036364422X16573019348247	CA
10.1600/036364422X16573019348265	VN
10.1600/036364422X16573019348274	IN
10.1600/036364422X16573019348292	BR
10.1600/036364422X16573019348328	MX
10.1600/036364422X16573019348346	BR
10.1600/036364422X16573019348364	BR
10.1600/036364422X16573019348373	BR
10.1600/036364422X16573019348382	BR
10.1600/036364422X16573019348391	CO
10.1600/036364422X16573022073590	US
10.1600/036364422X16674053033804	US
10.1600/036364422X16674053033822	AR
10.1600/036364422X16674053033840	BR
10.1600/036364422X16674053033886	BR
10.1600/036364422X16674053033895	US
10.1600/036364422X16674053033912	BR
10.1600/036364422X16674053033921	CR
10.1600/036364422X16674053033930	BR
10.1600/036364422X16674053033949	BR
10.1600/036364422X16674054154151	BO
10.1600/036364422X16674054154160	BR
10.1600/036364422X16674054154179	CL
10.1600/036364422X16674054154188	BR
10.1636/JoA-S-20-068	BR
10.1636/JoA-S-21-025	KR
10.1636/JoA-S-21-033	NP
10.1636/JoA-S-21-052	YE
10.1639/0007-2745-125.2.343	CN
10.1639/0007-2745-125.3.406	CN
10.1639/0007-2745-125.3.433	BR
10.1639/0007-2745-125.3.477	MX
10.1649/0010-065X-76.2.263	CN
10.1655/Herpetologica-D-21-00026	IN
10.1655/Herpetologica-D-22-00011	MX
10.1655/HERPMONOGRAPHS-D-20-00011	MX
10.1670/20-060	US
10.1670/20-070	BR
10.1670/20-118	MX
10.1670/20-129	US
10.1670/20-151	IT
10.1670/21-020	CA
10.1670/21-023	US
10.17109/azh.68.1.1.2022	GR
10.17109/azh.68.1.23.2022	VN
10.17109/AZH.68.1.23.2022	VN
10.17109/azh.68.1.45.2022	CN
10.17109/azh.68.1.53.2022	US
10.17109/azh.68.1.85.2022	KH
10.17109/azh.68.2.159.2022	FI
10.17109/azh.68.2.169.2022	KE
10.17109/azh.68.2.179.2022	DZ
10.17109/azh.68.3.217.2022	PH
10.17109/azh.68.3.231.2022	PE
10.17109/azh.68.3.239.2022	IN
10.17109/azh.68.3.247.2022	PL
10.17109/azh.68.3.277.2022	BG
10.17109/azh.68.4.293.2022	VN
10.17109/azh.68.4.305.2022	VN
10.17109/azh.68.4.313.2022	MA
10.17109/azh.68.4.321.2022	HU
10.17109/azh.68.4.341.2022	HU
10.17109/azh.68.4.361.2022	IR
10.17109/azh.68.4.393.2022	HU
10.17129/botsci.3221	MX
10.17161/jom.i114.18568	VE
10.17348/jbrit.v16.i1.1216	US
10.18257/raccefyn.1558	CO
10.18476/2022.740611	ZM
10.19615/j.cnki.2096-9899.220412	CN
10.20531/tfb.2022.50.1.01	TH
10.20531/tfb.2022.50.1.02	TH
10.20531/tfb.2022.50.1.03	TH
10.20531/tfb.2022.50.1.04	TH
10.20531/tfb.2022.50.1.05	MM
10.20531/tfb.2022.50.1.06	TH
10.20531/tfb.2022.50.1.07	TH
10.20531/tfb.2022.50.1.08	LA
10.20531/tfb.2022.50.2.09	TH
10.20531/tfb.2022.50.2.10	VN
10.20531/tfb.2022.50.2.11	TH
10.20531/tfb.2022.50.2.12	TH
10.20531/tfb.2022.50.2.13	LA
10.20531/tfb.2022.50.2.14	LA
10.20531/tfb.2022.50.2.15	LA
10.20531/tfb.2022.50.2.16	TH
10.20531/tfb.2022.50.2.17	TH
10.20531/tfb.2022.50.2.18	MM
10.2108/zs210057	SO
10.2108/zs210059	SO
10.2108/zs210075	SO
10.2108/zs210090	CN
10.2108/zs210106	JP
10.21411/cbm.a.17d4fd	CN
10.21411/cbm.a.181085af	SO
10.21411/cbm.a.1f973a65	CN
10.21411/cbm.a.30a4cb7d	CM
10.21411/cbm.a.34f927ac	IT
10.21411/cbm.a.37b316bb	ME
10.21411/cbm.a.3c090ae7	TN
10.21411/cbm.a.4670bba3	SO
10.21411/cbm.a.71e799d4	MA
10.21411/cbm.a.8a7b656c	TR
10.21411/cbm.a.8ef00b6f	FR
10.21411/cbm.a.92e8654f	JP
10.21411/cbm.a.9381e8f5	TN
10.21411/cbm.a.946e2cee	FR
10.21411/cbm.a.ab783916	OM
10.21411/cbm.a.beb6b7e7	OM
10.21411/cbm.a.cd69ec55	TR
10.21411/cbm.a.d1f8dca4	IN
10.21411/cbm.a.f4223941	FR
10.2181/036.050.0101	US
10.22092/botany.2021.354488.1243	AF
10.22092/botany.2021.354571.1246	IR
10.22092/botany.2021.355306.1258	IR
10.22092/botany.2021.355379.1261	IR
10.22092/botany.2021.355659.1267	IR
10.22092/botany.2021.355753.1270	IR
10.22092/botany.2021.355951.1273	IR
10.22092/botany.2021.356376.1275	IR
10.22092/botany.2022.356460.1277	IR
10.22092/botany.2022.356551.1279	IR
10.22092/botany.2022.356653.1280	IR
10.22092/botany.2022.356773.1283	IR
10.22092/botany.2022.357050.1286	IR
10.22092/botany.2022.357453.1291	IR
10.22438/jeb/43/1/mrn-1975	CN
10.23788/ief-1174	MM
10.23788/ief-1176	PY
10.23885/181433262022181-1518	GR
10.23885/181433262022181-3133	US
10.24272/j.issn.2095-8137.2022.114	CN
10.24349/1vxa-ege3	AU
10.24349/2y2g-zk3m	SY
10.24349/38vh-n9rc	IR
10.24349/6gnq-wcbz	SY
10.24349/8dra-mc90	IR
10.24349/gsxm-p9jj	PL
10.24349/jkco-c4nu	IR
10.24349/l06c-j0qm	FR
10.24349/pfqk-ad5d	BT
10.24349/piy2-100q	AR
10.24349/tayr-ir00	IT
10.24349/xmar-43rw	AR
10.24349/z3ie-bf78	AT
10.2476/asjaa.71.115	JP
10.2476/asjaa.71.129	JP
10.2476/asjaa.71.147	LA
10.2476/asjaa.71.157	JP
10.2476/asjaa.71.73	JP
10.2476/asjaa.71.77	JP
10.2476/asjaa.71.89	JP
10.2476/asjaa.71.93	JP
10.24823/ejb.2022.1875	BR
10.24823/ejb.2022.1895	ID
10.24823/ejb.2022.1925	GB
10.24823/ejb.2022.1938	IN
10.24823/ejb.2022.369	TH
10.24823/ejb.2022.413	MY
10.24823/ejb.2022.624	BR
10.2517/PR200020	JP
10.2517/PR200036	JP
10.2517/PR200041	JP
10.2517/PR210009	JP
10.25221/fee.456.1	TH
10.25221/fee.456.2	LA
10.25225/jvb.21067	CN
10.25664/art-0341	FR
10.25664/art-0343	FR
10.26028/cybium/1999-234-004	BR
10.26028/cybium/1999-234-005	MZ
10.26028/cybium/1999-234-006	BR
10.26028/cybium/2000-241-001	FR
10.26028/cybium/2000-241-002	TR
10.26028/cybium/2000-241-003	CM
10.26028/cybium/2000-241-006	MR
10.26028/cybium/2000-242-003	IR
10.26028/cybium/2000-242-005	FR
10.26028/cybium/2000-242-006	BR
10.26028/cybium/2000-242-007	CA
10.26028/cybium/2000-243-005	FR
10.26028/cybium/2000-243-007	PT
10.26028/cybium/2000-243-008	GR
10.26028/cybium/2000-243s-004	FR
10.26107/rbz-2021-0065	SG
10.26107/rbz-2021-0066	VN
10.26107/rbz-2021-0071	TH
10.26107/rbz-2021-0072	TH
10.26107/rbz-2021-0073	MY
10.26107/rbz-2022-0002	TH
10.26107/rbz-2022-0004	SG
10.26107/rbz-2022-0005	MM
10.26107/rbz-2022-0006	MY
10.26107/rbz-2022-0008	SG
10.26107/rbz-2022-0009	SG
10.26107/rbz-2022-0010	KH
10.26107/rbz-2022-0011	SG
10.26107/rbz-2022-0014	VN
10.26107/rbz-2022-0015	CN
10.26107/rbz-2022-0017	SG
10.26107/rbz-2022-0018	VN
10.26515/rzsi/v122/i1/2022/143670	IN
10.26515/rzsi/v122/i1/2022/151058	IN
10.26515/rzsi/v122/i1/2022/152259	IN
10.26515/rzsi/v122/i1/2022/154229	IN
10.26515/rzsi/v122/i1/2022/154669	IN
10.26515/rzsi/v122/i1/2022/155991	JO
10.26515/rzsi/v122/i1/2022/157524	IN
10.26515/rzsi/v122/i1/2022/158031	MM
10.26515/rzsi/v122/i1/2022/163936	IN
10.26515/rzsi/v122/i1/2022/164748	IN
10.26515/rzsi/v122/i1/2022/165748	IN
10.26515/rzsi/v122/i1/2022/167154	IN
10.26515/rzsi/v122/i1/2022/167241	IN
10.26515/rzsi/v122/i1/2022/167436	IN
10.26515/rzsi/v122/i1/2022/168469	IN
10.26515/rzsi/v122/i2/2022/156043	IN
10.26515/rzsi/v122/i2/2022/164331	IN
10.26515/rzsi/v122/i2/2022/164782	IN
10.26515/rzsi/v122/i2/2022/166910	IN
10.26515/rzsi/v122/i2/2022/168238	IN
10.26515/rzsi/v122/i2/2022/168290	IN
10.26515/rzsi/v122/i2/2022/168481	IN
10.26515/rzsi/v122/i2/2022/168496	IN
10.26515/rzsi/v122/i2/2022/168596	IN
10.26515/rzsi/v122/i2/2022/170243	IN
10.26515/rzsi/v122/i2/2022/172353	IN
10.26842/binhm.7.2022.17.2.0251	IR
10.2987/22-7083	US
10.2994/SAJH-D-19-00113.1	BR
10.30796/angv.2022.15	TR
10.30906/1026-2296-2022-29-1-1-18	TH
10.30906/1026-2296-2022-29-1-19-34	IN
10.30906/1026-2296-2022-29-1-35-46	VN
10.30906/1026-2296-2022-29-2-110-116	CN
10.30906/1026-2296-2022-29-2-117-126	ME
10.30906/1026-2296-2022-29-2-65-75	TH
10.30906/1026-2296-2022-29-2-85-92	MM
10.30906/1026-2296-2022-29-2-93-109	CN
10.30906/1026-2296-2022-29-3-137-148	CN
10.30906/1026-2296-2022-29-3-149-155	MA
10.30906/1026-2296-2022-29-3-161-168	ID
10.30906/1026-2296-2022-29-3-187-190	KR
10.30906/1026-2296-2022-29-4-191-198	IR
10.30906/1026-2296-2022-29-4-199-205	SS
10.30906/1026-2296-2022-29-4-227-236	FR
10.30906/1026-2296-2022-29-4-237-249	VN
10.30906/1026-2296-2022-29-4-250-254	TR
10.30906/1026-2296-2022-29-5-255-261	TR
10.30906/1026-2296-2022-29-5-275-283	CN
10.30906/1026-2296-2022-29-5-284-297	VN
10.30906/1026-2296-2022-29-5-298-316	FI
10.30906/1026-2296-2022-29-6-317-323	PK
10.30906/1026-2296-2022-29-6-355-363	LK
10.30906/1026-2296-2022-29-6-364-366	TR
10.30906/1026-2296-2022-29-6-367-372	IN
10.31080/ecve.2022.07.00462	JP
10.3114/fuse.2021.08.07	BW
10.3114/fuse.2021.08.08	US
10.3114/fuse.2021.08.09	NL
10.3114/fuse.2021.08.12	CN
10.3114/fuse.2022.09.01	CN
10.3114/fuse.2022.09.02	SK
10.3114/fuse.2022.09.03	IT
10.3114/fuse.2022.09.06	IT
10.3114/fuse.2022.09.08	ZW
10.3114/fuse.2022.10.01	GY
10.3114/fuse.2022.10.02	CO
10.3114/fuse.2022.10.03	IS
10.3114/fuse.2022.10.05	IR
10.3114/fuse.2022.10.06	BR
10.3114/fuse.2022.10.07	IS
10.3114/fuse.2022.10.08	ET
10.3114/fuse.2022.10.09	JP
10.3114/fuse.2022.10.10	CL
10.3114/sim.2022.101.01	CN
10.3114/sim.2022.101.04	TH
10.3114/sim.2022.101.05	CN
10.31184/G00138894.733.1853	GB
10.31184/M00138908.1581.4087	PE
10.31184/M00138908.1581.4111	NZ
10.31184/M00138908.1581.4112	GB
10.31184/M00138908.1581.4113	GB
10.31184/M00138908.1581.4118	PE
10.3157/061.148.0101	IN
10.3157/061.148.0103	TR
10.3157/061.148.0104	US
10.3159/TORREY-D-21-00037.1	GB
10.3161/00034541ANZ2022.72.1.005	AR
10.3161/00034541ANZ2022.72.1.009	BI
10.3161/00034541ANZ2022.72.1.010	MZ
10.3161/00034541ANZ2022.72.2.001	BR
10.3161/00034541ANZ2022.72.2.003	IN
10.3161/00034541ANZ2022.72.2.004	US
10.3161/00034541ANZ2022.72.2.013	CN
10.3161/00034541ANZ2022.72.2.015	FR
10.3161/00034541ANZ2022.72.3.001	AU
10.32870/dugesiana.v29i1.7157	MX
10.32870/dugesiana.v29i1.7158	MX
10.32870/dugesiana.v29i1.7171	CO
10.32870/dugesiana.v29i1.7240	CR
10.32870/dugesiana.v29i1.7243	CO
10.32870/dugesiana.v29i1.7245	JO
10.32870/dugesiana.v29i2.7241	MX
10.32870/dugesiana.v29i2.7249	MX
10.32870/dugesiana.v29i2.7252	GT
10.32870/dugesiana.v29i2.7257	MX
10.32870/dugesiana.v29i2.7261	MX
10.32870/dugesiana.v29i2.7266	MX
10.32870/dugesiana.v29i2.7268	CO
10.32870/dugesiana.v29i2.7269	MX
10.33256/32.2.5969	BR
10.33256/32.2.7079	BR
10.33256/32.3.102108	JO
10.33256/32.3.109113	US
10.33256/32.3.114119	GB
10.33256/32.3.120129	TH
10.33256/32.3.130141	US
10.33256/32.3.142175	BT
10.33256/32.3.93101	MX
10.33256/32.4.190197	BR
10.33256/33.1.1424	US
10.33256/33.1.613	CA
10.3372/wi.52.52104	DZ
10.3372/wi.52.52303	CD
10.3389/fmicb.2021.774839	BO
10.3389/fmicb.2022.1056669	CN
10.3389/fmicb.2022.820402	CN
10.3389/fmicb.2022.841604	CN
10.3389/fmicb.2022.846909	CN
10.3389/fmicb.2022.930790	CN
10.3389/fmicb.2022.942603	CN
10.3389/fmicb.2022.968617	CN
10.3389/fmicb.2022.984450	CN
10.3389/fpls.2022.894985	AR
10.3390/agriculture12070990	US
10.3390/app12062883	CN
10.3390/bioengineering9120812	KR
10.3390/biology11060866	CN
10.3390/biology11060885	CM
10.3390/biology11060889	CN
10.3390/biology11091326	CN
10.3390/d14020149	CN
10.3390/d14030161	TH
10.3390/d14030181	DE
10.3390/d14040276	MX
10.3390/d14040289	CN
10.3390/d14050337	SO
10.3390/d14050364	CN
10.3390/d14050373	KE
10.3390/d14050379	CN
10.3390/d14121070	CN
10.3390/ijms23031764	CN
10.3390/ijms23179712	MY
10.3390/insects13020119	CN
10.3390/insects13020122	MM
10.3390/insects13020171	ZA
10.3390/insects13030272	CN
10.3390/insects13040345	CN
10.3390/insects13050411	CN
10.3390/insects13121096	CN
10.3390/insects13121148	CN
10.3390/insects13121154	CN
10.3390/jof8030225	CN
10.3390/jof8030256	CN
10.3390/jof8050500	CM
10.3390/jof8050501	CN
10.3390/jof8060593	TH
10.3390/jof8070647	CN
10.3390/jof8070720	CN
10.3390/jof8080766	TH
10.3390/jof8080770	CN
10.3390/jof8121297	CN
10.3390/jof9010030	CN
10.3390/pathogens11030303	IN
10.3390/pathogens11060624	CN
10.3390/plants11030426	IT
10.3390/plants11172314	FR
10.3390/v14010072	US
10.3390/v14020213	PL
10.3390/v14020365	AU
10.3390/v14061120	CN
10.3390/v14071562	TW
10.3390/v14081612	TZ
10.36253/a_h-10188	IT
10.36253/a_h-11386	IT
10.36253/a_h-11547	IT
10.36253/a_h-12179	BG
10.36253/a_h-12326	MA
10.36253/a_h-12388	IT
10.36253/a_h-12542	IT
10.36253/a_h-12556	IT
10.36253/a_h-12978	TZ
10.36253/a_h-13209	CR
10.36253/a_h-13627	IT
10.36253/jopt-12014	MM
10.36253/jopt-12092	CR
10.36253/jopt-12167	ID
10.36253/jopt-12176	ID
10.36253/jopt-12256	ID
10.36253/jopt-12339	PH
10.36253/jopt-12810	ID
10.36253/jopt-12854	BR
10.36253/jopt-13038	IT
10.36253/jopt-13039	ET
10.36253/jopt-13088	BR
10.36253/jopt-13193	PH
10.36253/jopt-13250	BR
10.36253/jopt-13274	MY
10.36253/jopt-13461	PH
10.36253/jopt-13470	LR
10.36253/jopt-13518	PH
10.37520/aemnp.2022.001	CN
10.37520/aemnp.2022.002	ZA
10.3767/blumea.2022.67.01.04	PH
10.3767/blumea.2022.67.02.08	PG
10.3767/persoonia.2021.47.01	AU
10.3767/persoonia.2021.47.02	CN
10.3767/persoonia.2021.47.03	CN
10.3767/persoonia.2021.47.05	AU
10.3767/persoonia.2021.47.06	AU
10.3767/persoonia.2022.48.01	CN
10.3767/persoonia.2022.48.02	PT
10.3767/persoonia.2022.48.05	CN
10.3767/persoonia.2022.48.08	AU
10.3767/persoonia.2022.49.01	CL
10.37828/em.2022.50.1	SC
10.37828/em.2022.50.2	MW
10.37828/em.2022.50.3	LY
10.37828/em.2022.50.5	VN
10.37828/em.2022.50.7	ID
10.37828/em.2022.50.8	ZA
10.37828/em.2022.50.9	UG
10.37828/em.2022.51.2	LA
10.37828/em.2022.51.5	PY
10.37828/em.2022.51.7	AU
10.37828/em.2022.51.8	BG
10.37828/em.2022.51.9	ME
10.37828/em.2022.52.1	TZ
10.37828/em.2022.52.2	KE
10.37828/em.2022.52.3	GH
10.37828/em.2022.52.4	ID
10.37828/em.2022.52.5	SO
10.37828/em.2022.52.6	KZ
10.37828/em.2022.52.7	MA
10.37828/em.2022.52.8	ID
10.37828/em.2022.53.1	CN
10.37828/em.2022.53.2	AF
10.37828/em.2022.53.3	IQ
10.37828/em.2022.53.4	MA
10.37828/em.2022.53.5	RO
10.37828/em.2022.54.1	ME
10.37828/em.2022.54.2	PY
10.37828/em.2022.54.3	TH
10.37828/em.2022.54.4	CM
10.37828/em.2022.54.6	ML
10.37828/em.2022.54.7	BT
10.37828/em.2022.54.8	SK
10.37828/em.2022.55.1	CN
10.37828/em.2022.56.2	MA
10.37828/em.2022.57.1	PH
10.37828/em.2022.57.2	BT
10.37828/em.2022.57.3	KZ
10.37828/em.2022.57.4	BT
10.37828/em.2022.57.5	BY
10.37828/em.2022.57.7	JO
10.37828/em.2022.58.2	PH
10.37828/em.2022.58.3	AR
10.37828/em.2022.60.1	PE
10.37828/em.2022.60.10	NO
10.37828/em.2022.60.11	UZ
10.37828/em.2022.60.2	VN
10.37828/em.2022.60.3	VN
10.37828/em.2022.60.4	TH
10.37828/em.2022.60.5	TJ
10.37828/em.2022.60.6	IN
10.37828/em.2022.60.7	KZ
10.37828/em.2022.60.8	VN
10.3897/afrinvertebr.63.76309	DE
10.3897/afrinvertebr.63.86661	KE
10.3897/afrinvertebr.63.90530	NA
10.3897/afrinvertebr.63.94095	ZA
10.3897/asp.80.e76559	BR
10.3897/asp.80.e83035	NZ
10.3897/BDJ.10.e75910	BR
10.3897/bdj.10.e76904	BR
10.3897/BDJ.10.e77963	CN
10.3897/bdj.10.e85029	CN
10.3897/BDJ.9.e66115	CN
10.3897/BDJ.9.e70088	CN
10.3897/BDJ.9.e75907	TH
10.3897/BDJ.9.e77224	CN
10.3897/compcytogen.v16.i1.79056	MA
10.3897/jhr.89.72083	PT
10.3897/jhr.89.75857	US
10.3897/jhr.89.76620	BR
10.3897/jhr.89.77485	BR
10.3897/jhr.89.77687	EC
10.3897/jhr.89.78856	CN
10.3897/jhr.89.79200	CN
10.3897/jhr.89.79306	FI
10.3897/jhr.89.79832	TR
10.3897/jhr.91.81624	PT
10.3897/jhr.91.82107	FR
10.3897/jhr.91.82490	KH
10.3897/jhr.91.82761	IT
10.3897/jhr.91.82812	US
10.3897/jhr.91.83318	SE
10.3897/jhr.91.83618	NL
10.3897/jhr.91.83710	CN
10.3897/jhr.91.84937	EC
10.3897/jhr.92.81380	MA
10.3897/jhr.92.84146	KR
10.3897/jhr.92.84969	CN
10.3897/jhr.92.86954	KR
10.3897/jhr.92.87032	CN
10.3897/jhr.92.87197	MX
10.3897/jhr.92.87218	GR
10.3897/jhr.92.90098	MN
10.3897/jhr.93.85685	AU
10.3897/jhr.93.86238	FI
10.3897/jhr.93.86723	DE
10.3897/jhr.93.86860	MX
10.3897/jhr.93.90092	TM
10.3897/jhr.93.90874	CV
10.3897/jhr.93.91209	IE
10.3897/jhr.93.91298	BR
10.3897/jhr.93.94165	CN
10.3897/jhr.93.94621	BR
10.3897/jhr.93.94727	TH
10.3897/jhr.94.85613	MM
10.3897/jhr.94.93512	BD
10.3897/jhr.94.93555	US
10.3897/jhr.94.94584	US
10.3897/jhr.94.94677	US
10.3897/jhr.94.95961	CN
10.3897/jhr.94.96429	MN
10.3897/jor.31.70565	TZ
10.3897/jor.31.72082	US
10.3897/jor.31.73373	US
10.3897/jor.31.73389	CM
10.3897/jor.31.73800	ID
10.3897/jor.31.76075	HR
10.3897/jor.31.78462	GB
10.3897/jor.31.78520	KH
10.3897/jor.31.79036	US
10.3897/jor.31.79332	ZA
10.3897/jor.31.79783	CN
10.3897/jor.31.79819	NZ
10.3897/jor.31.81126	SG
10.3897/jor.31.81760	YE
10.3897/jor.31.82306	EC
10.3897/jor.31.82317	GB
10.3897/jor.31.84135	BR
10.3897/jor.31.84157	PE
10.3897/mycokeys.85.75944	CN
10.3897/mycokeys.86.70668	CN
10.3897/mycokeys.86.71623	CN
10.3897/mycokeys.86.73861	CN
10.3897/mycokeys.86.75801	CN
10.3897/mycokeys.86.78305	CN
10.3897/mycokeys.87.71524	KR
10.3897/mycokeys.87.76085	CN
10.3897/mycokeys.87.76125	CN
10.3897/mycokeys.87.79433	TH
10.3897/mycokeys.88.79346	CN
10.3897/mycokeys.88.79475	CN
10.3897/mycokeys.88.80068	CN
10.3897/mycokeys.88.81437	CN
10.3897/mycokeys.88.82229	CN
10.3897/mycokeys.89.81148	PK
10.3897/mycokeys.89.83197	CM
10.3897/mycokeys.90.78880	CN
10.3897/mycokeys.90.82871	CM
10.3897/mycokeys.90.83801	CN
10.3897/mycokeys.90.83829	CN
10.3897/mycokeys.90.85267	MX
10.3897/mycokeys.90.85690	CN
10.3897/mycokeys.91.83091	TH
10.3897/mycokeys.91.84730	CN
10.3897/mycokeys.91.84803	CN
10.3897/mycokeys.91.84896	BR
10.3897/mycokeys.91.84970	CN
10.3897/mycokeys.91.86257	CN
10.3897/mycokeys.91.86693	CN
10.3897/mycokeys.91.86812	CN
10.3897/mycokeys.91.87841	CN
10.3897/mycokeys.92.80682	CN
10.3897/mycokeys.92.83928	MX
10.3897/mycokeys.92.83939	CN
10.3897/mycokeys.92.86277	CN
10.3897/mycokeys.92.86521	CN
10.3897/mycokeys.92.87593	FR
10.3897/mycokeys.92.89960	BO
10.3897/mycokeys.92.91389	CN
10.3897/mycokeys.93.86580	CN
10.3897/mycokeys.93.87797	TH
10.3897/mycokeys.93.89209	CN
10.3897/mycokeys.93.89283	KR
10.3897/mycokeys.93.89888	CN
10.3897/mycokeys.93.90861	CN
10.3897/mycokeys.93.90962	TH
10.3897/mycokeys.93.93712	CN
10.3897/mycokeys.93.94148	IR
10.3897/mycokeys.94.89425	CN
10.3897/mycokeys.94.91340	CN
10.3897/mycokeys.94.95751	CN
10.3897/mycokeys.94.95858	IT
10.3897/mycokeys.94.95888	CN
10.3897/mycokeys.94.96301	CO
10.3897/mycokeys.94.96782	CN
10.3897/natureconservation.50.86002	IT
10.3897/natureconservation.50.86490	VN
10.3897/nl.45.61588	MZ
10.3897/nl.45.73925	IR
10.3897/nl.45.74236	HU
10.3897/nl.45.75182	BY
10.3897/nl.45.76043	IR
10.3897/nl.45.76222	PT
10.3897/nl.45.78574	TJ
10.3897/nl.45.80106	HU
10.3897/nl.45.81819	CY
10.3897/nl.45.86498	PE
10.3897/nl.45.89540	NZ
10.3897/nl.45.94938	KE
10.3897/nl.45.95198	MA
10.3897/phytokeys.186.62018	MY
10.3897/phytokeys.186.63543	CN
10.3897/phytokeys.186.69878	VN
10.3897/phytokeys.188.64259	JP
10.3897/phytokeys.188.73370	CL
10.3897/phytokeys.188.75401	CN
10.3897/phytokeys.188.75937	VN
10.3897/phytokeys.188.76611	CN
10.3897/phytokeys.188.77061	MY
10.3897/phytokeys.188.77242	CN
10.3897/phytokeys.188.77776	CN
10.3897/phytokeys.188.77882	ID
10.3897/phytokeys.189.49367	MY
10.3897/phytokeys.189.73959	CL
10.3897/phytokeys.189.75321	MZ
10.3897/phytokeys.189.76464	MX
10.3897/phytokeys.189.77374	CN
10.3897/phytokeys.189.77926	CN
10.3897/phytokeys.189.78149	CN
10.3897/phytokeys.189.79631	CM
10.3897/phytokeys.189.80016	CN
10.3897/phytokeys.190.72740	EC
10.3897/phytokeys.190.76111	BR
10.3897/phytokeys.190.76494	VN
10.3897/phytokeys.190.77449	CN
10.3897/phytokeys.190.77526	CN
10.3897/phytokeys.190.77918	EC
10.3897/phytokeys.190.79185	SG
10.3897/phytokeys.190.80724	CN
10.3897/phytokeys.191.73714	KE
10.3897/phytokeys.191.78489	CN
10.3897/phytokeys.192.77269	CN
10.3897/phytokeys.192.77517	CN
10.3897/phytokeys.192.78409	DE
10.3897/phytokeys.192.79506	CN
10.3897/phytokeys.192.79702	MN
10.3897/phytokeys.192.81571	BO
10.3897/phytokeys.193.70757	UZ
10.3897/phytokeys.193.72270	ZA
10.3897/phytokeys.193.76365	US
10.3897/phytokeys.193.77083	VN
10.3897/phytokeys.193.79667	CN
10.3897/phytokeys.193.80327	CN
10.3897/phytokeys.193.80715	CN
10.3897/phytokeys.193.82287	CN
10.3897/phytokeys.194.77827	AR
10.3897/phytokeys.194.79638	EC
10.3897/phytokeys.194.80129	VN
10.3897/phytokeys.194.81018	CN
10.3897/phytokeys.194.81335	CN
10.3897/phytokeys.194.81652	US
10.3897/phytokeys.194.82737	CN
10.3897/phytokeys.194.83080	CN
10.3897/phytokeys.195.78832	CO
10.3897/phytokeys.195.80452	CN
10.3897/phytokeys.195.81370	IT
10.3897/phytokeys.195.81632	TG
10.3897/phytokeys.195.81755	GB
10.3897/phytokeys.195.82411	CN
10.3897/phytokeys.195.82789	CN
10.3897/phytokeys.196.79566	CN
10.3897/phytokeys.196.79673	EC
10.3897/phytokeys.196.83176	CN
10.3897/phytokeys.197.73596	VN
10.3897/phytokeys.197.80531	CN
10.3897/phytokeys.197.81367	CO
10.3897/phytokeys.197.82670	CN
10.3897/phytokeys.197.83089	CN
10.3897/phytokeys.197.84833	CL
10.3897/phytokeys.198.79514	ID
10.3897/phytokeys.199.76693	MY
10.3897/phytokeys.199.80727	ID
10.3897/phytokeys.199.81292	CN
10.3897/phytokeys.199.83107	MM
10.3897/phytokeys.199.84354	CN
10.3897/phytokeys.199.85231	CN
10.3897/phytokeys.199.85437	CN
10.3897/phytokeys.199.85679	CN
10.3897/phytokeys.199.85717	CN
10.3897/phytokeys.200.71667	US
10.3897/phytokeys.201.77574	CN
10.3897/phytokeys.201.79626	CN
10.3897/phytokeys.201.80774	ZA
10.3897/phytokeys.201.82872	ID
10.3897/phytokeys.201.83316	CN
10.3897/phytokeys.201.84027	CN
10.3897/phytokeys.201.84911	MM
10.3897/phytokeys.202.76344	CN
10.3897/phytokeys.202.82786	CN
10.3897/phytokeys.202.84688	CN
10.3897/phytokeys.202.85410	CN
10.3897/phytokeys.202.86653	CN
10.3897/phytokeys.203.83529	CO
10.3897/phytokeys.204.84397	CN
10.3897/phytokeys.204.85746	CN
10.3897/phytokeys.204.86045	TW
10.3897/phytokeys.204.86647	MY
10.3897/phytokeys.204.86857	CN
10.3897/phytokeys.204.87654	CN
10.3897/phytokeys.204.89690	CN
10.3897/phytokeys.205.76821	MG
10.3897/phytokeys.205.78297	MX
10.3897/phytokeys.205.79378	AU
10.3897/phytokeys.205.79381	AU
10.3897/phytokeys.205.82256	BO
10.3897/phytokeys.205.82821	GN
10.3897/phytokeys.206.75971	CO
10.3897/phytokeys.206.77379	RW
10.3897/phytokeys.206.84227	VN
10.3897/phytokeys.206.84716	CN
10.3897/phytokeys.206.85241	CN
10.3897/phytokeys.206.85635	VN
10.3897/phytokeys.206.87109	CN
10.3897/phytokeys.206.87737	CN
10.3897/phytokeys.206.89338	CN
10.3897/phytokeys.206.90720	CN
10.3897/phytokeys.207.61432	CM
10.3897/phytokeys.208.80382	MX
10.3897/phytokeys.208.89552	KR
10.3897/phytokeys.208.89913	HN
10.3897/phytokeys.209.87681	AU
10.3897/phytokeys.210.86067	KR
10.3897/phytokeys.210.87033	CN
10.3897/phytokeys.210.90391	CN
10.3897/phytokeys.210.90438	CN
10.3897/phytokeys.210.90598	TW
10.3897/phytokeys.210.90876	CN
10.3897/phytokeys.211.83985	MY
10.3897/phytokeys.211.85630	CN
10.3897/phytokeys.211.89452	JP
10.3897/phytokeys.211.89453	MY
10.3897/phytokeys.211.90236	KR
10.3897/phytokeys.211.90363	CN
10.3897/phytokeys.211.90456	CN
10.3897/phytokeys.212.89253	IN
10.3897/phytokeys.212.89347	CN
10.3897/phytokeys.212.91133	CN
10.3897/phytokeys.212.91174	CN
10.3897/phytokeys.212.91190	MX
10.3897/phytokeys.212.91534	TW
10.3897/phytokeys.212.91536	JP
10.3897/phytokeys.213.82627	CU
10.3897/phytokeys.213.83632	CN
10.3897/phytokeys.213.84349	CM
10.3897/phytokeys.213.89875	IN
10.3897/phytokeys.213.90377	CN
10.3897/phytokeys.213.91116	CN
10.3897/phytokeys.213.94302	PL
10.3897/phytokeys.213.96203	CN
10.3897/phytokeys.213.96546	CN
10.3897/phytokeys.214.89276	CN
10.3897/phytokeys.214.89404	HR
10.3897/phytokeys.214.90004	CN
10.3897/phytokeys.214.91586	GY
10.3897/phytokeys.214.93607	CN
10.3897/phytokeys.214.93901	CN
10.3897/phytokeys.214.94898	CN
10.3897/phytokeys.214.95125	FR
10.3897/phytokeys.214.96425	CN
10.3897/phytokeys.215.89175	CL
10.3897/phytokeys.215.90859	VN
10.3897/phytokeys.215.91061	CN
10.3897/phytokeys.215.91458	TH
10.3897/phytokeys.215.91488	CN
10.3897/phytokeys.215.93684	VN
10.3897/phytokeys.215.94591	TH
10.3897/phytokeys.215.96362	CN
10.3897/phytokeys.216.85972	AU
10.3897/phytokeys.5555.89480	CN
10.3897/subtbiol.42.73282	IR
10.3897/subtbiol.42.73524	RO
10.3897/subtbiol.42.75725	BR
10.3897/subtbiol.42.78037	HR
10.3897/subtbiol.42.78074	BR
10.3897/subtbiol.42.79190	ZA
10.3897/subtbiol.42.79447	IR
10.3897/subtbiol.42.80274	BR
10.3897/subtbiol.43.73185	BR
10.3897/subtbiol.43.79993	US
10.3897/subtbiol.43.80969	JP
10.3897/subtbiol.43.81308	BR
10.3897/subtbiol.43.82158	IT
10.3897/subtbiol.43.85804	FR
10.3897/subtbiol.43.87277	US
10.3897/subtbiol.44.77980	MX
10.3897/subtbiol.44.85517	KR
10.3897/subtbiol.44.86914	JP
10.3897/subtbiol.44.91002	US
10.3897/subtbiol.44.93661	TH
10.3897/subtbiol.44.96545	IT
10.3897/subtbiol.73.79318	GT
10.3897/vz.72.e73534	MX
10.3897/vz.72.e76046	IN
10.3897/vz.72.e76308	IN
10.3897/vz.72.e77702	MY
10.3897/vz.72.e78092	US
10.3897/vz.72.e78219	EC
10.3897/vz.72.e78828	BR
10.3897/vz.72.e78830	MG
10.3897/vz.72.e79401	EG
10.3897/vz.72.e79911	IN
10.3897/vz.72.e80019	CN
10.3897/vz.72.e80615	TH
10.3897/vz.72.e82201	VN
10.3897/vz.72.e82343	IN
10.3897/vz.72.e82709	AR
10.3897/vz.72.e83324	JP
10.3897/vz.72.e84516	CN
10.3897/vz.72.e84983	DE
10.3897/vz.72.e85020	SG
10.3897/vz.72.e85269	AO
10.3897/vz.72.e85989	DE
10.3897/vz.72.e86348	DE
10.3897/vz.72.e87275	MX
10.3897/vz.72.e89324	IN
10.3897/vz.72.e89647	ID
10.3897/vz.72.e89660	IN
10.3897/vz.72.e90435	PE
10.3897/vz.72.e90474	PK
10.3897/vz.72.e90958	AR
10.3897/vz.72.e91422	PG
10.3897/vz.72.e94799	IN
10.3897/zookeys.1074.72823	CN
10.3897/zookeys.1074.75551	FR
10.3897/zookeys.1074.76235	TH
10.3897/zookeys.1076.72802	CN
10.3897/zookeys.1076.75576	TH
10.3897/zookeys.1076.75846	JP
10.3897/zookeys.1080.71192	MX
10.3897/zookeys.1080.73194	CU
10.3897/zookeys.1080.74286	CN
10.3897/zookeys.1080.76522	MX
10.3897/zookeys.1080.76876	TH
10.3897/zookeys.1081.63009	CO
10.3897/zookeys.1081.71488	EC
10.3897/zookeys.1081.71872	MG
10.3897/zookeys.1081.72606	CN
10.3897/zookeys.1081.75927	VN
10.3897/zookeys.1081.77043	CN
10.3897/zookeys.1081.77072	CN
10.3897/zookeys.1082.69851	DE
10.3897/zookeys.1082.73019	CN
10.3897/zookeys.1082.73611	CN
10.3897/zookeys.1082.74323	CN
10.3897/zookeys.1082.75400	CN
10.3897/zookeys.1082.75816	CN
10.3897/zookeys.1082.77637	CN
10.3897/zookeys.1082.79011	CI
10.3897/zookeys.1083.69047	BR
10.3897/zookeys.1083.72939	PH
10.3897/zookeys.1083.75624	BY
10.3897/zookeys.1083.76651	FR
10.3897/zookeys.1083.77428	TH
10.3897/zookeys.1083.78233	CN
10.3897/zookeys.1084.69767	JP
10.3897/zookeys.1084.71576	CN
10.3897/zookeys.1084.72868	CN
10.3897/zookeys.1084.73175	ZA
10.3897/zookeys.1084.77038	HN
10.3897/zookeys.1084.77096	CN
10.3897/zookeys.1084.78405	TH
10.3897/zookeys.1084.78664	MX
10.3897/zookeys.1084.78744	MA
10.3897/zookeys.1084.79415	TR
10.3897/zookeys.1085.72927	CN
10.3897/zookeys.1085.75885	CN
10.3897/zookeys.1085.76033	AR
10.3897/zookeys.1085.76484	CM
10.3897/zookeys.1085.76853	CA
10.3897/zookeys.1085.76868	CL
10.3897/zookeys.1085.77900	BT
10.3897/zookeys.1085.77924	JP
10.3897/zookeys.1085.77966	CN
10.3897/zookeys.1085.79278	CN
10.3897/zookeys.1086.68015	PT
10.3897/zookeys.1086.77180	IN
10.3897/zookeys.1086.77190	US
10.3897/zookeys.1087.64382	AR
10.3897/zookeys.1087.76668	SD
10.3897/zookeys.1087.78193	JP
10.3897/zookeys.1087.78707	HR
10.3897/zookeys.1088.72910	BR
10.3897/zookeys.1088.76134	MX
10.3897/zookeys.1088.77703	CN
10.3897/zookeys.1088.78139	MV
10.3897/zookeys.1088.78990	CM
10.3897/zookeys.1088.79021	PH
10.3897/zookeys.1088.79416	IN
10.3897/zookeys.1089.72485	CN
10.3897/zookeys.1089.72645	LC
10.3897/zookeys.1089.73418	CN
10.3897/zookeys.1089.77203	CN
10.3897/zookeys.1089.77273	TW
10.3897/zookeys.1089.78000	VN
10.3897/zookeys.1089.78182	MX
10.3897/zookeys.1089.79716	GH
10.3897/zookeys.1089.79999	MX
10.3897/zookeys.1089.80564	MX
10.3897/zookeys.1090.75872	CN
10.3897/zookeys.1090.76292	CN
10.3897/zookeys.1090.77830	CN
10.3897/zookeys.1090.78442	CN
10.3897/zookeys.1090.78834	CN
10.3897/zookeys.1090.80149	KR
10.3897/zookeys.1091.73446	BO
10.3897/zookeys.1091.78986	CN
10.3897/zookeys.1091.79085	GR
10.3897/zookeys.1091.79486	TW
10.3897/zookeys.1091.79564	CN
10.3897/zookeys.1091.80065	CN
10.3897/zookeys.1091.80094	VN
10.3897/zookeys.1092.73299	JP
10.3897/zookeys.1092.75831	CN
10.3897/zookeys.1092.78069	CN
10.3897/zookeys.1092.79396	MM
10.3897/zookeys.1092.79635	MY
10.3897/zookeys.1092.80464	BO
10.3897/zookeys.1092.80645	IN
10.3897/zookeys.1092.81701	MM
10.3897/zookeys.1094.62644	MA
10.3897/zookeys.1095.72829	CN
10.3897/zookeys.1095.74071	CN
10.3897/zookeys.1095.74308	MX
10.3897/zookeys.1095.76731	CN
10.3897/zookeys.1095.77996	CM
10.3897/zookeys.1095.80671	CN
10.3897/zookeys.1095.81076	CN
10.3897/zookeys.1096.73485	US
10.3897/zookeys.1096.79382	SO
10.3897/zookeys.1096.80773	MA
10.3897/zookeys.1096.83011	SE
10.3897/zookeys.1097.74243	JP
10.3897/zookeys.1097.76426	MX
10.3897/zookeys.1097.78127	LA
10.3897/zookeys.1097.79109	CN
10.3897/zookeys.1097.80424	MX
10.3897/zookeys.1097.82527	CN
10.3897/zookeys.1097.83916	BG
10.3897/zookeys.1099.76479	CM
10.3897/zookeys.1099.82949	TH
10.3897/zookeys.1100.75987	MG
10.3897/zookeys.1100.76142	CN
10.3897/zookeys.1100.78769	ID
10.3897/zookeys.1100.79569	JP
10.3897/zookeys.1100.80077	JP
10.3897/zookeys.1100.81910	US
10.3897/zookeys.1101.73834	TN
10.3897/zookeys.1101.76132	CZ
10.3897/zookeys.1101.79043	BR
10.3897/zookeys.1101.81016	FR
10.3897/zookeys.1102.76800	CN
10.3897/zookeys.1102.79102	RO
10.3897/zookeys.1102.79229	MX
10.3897/zookeys.1102.81247	CN
10.3897/zookeys.1102.82228	MY
10.3897/zookeys.1102.82388	AU
10.3897/zookeys.1102.82466	VN
10.3897/zookeys.1102.83198	US
10.3897/zookeys.1102.84953	TW
10.3897/zookeys.1103.78808	TH
10.3897/zookeys.1103.80787	CN
10.3897/zookeys.1103.82984	CN
10.3897/zookeys.1103.83952	FR
10.3897/zookeys.1103.84015	TW
10.3897/zookeys.1103.84415	SA
10.3897/zookeys.1103.84672	TH
10.3897/zookeys.1103.85228	CN
10.3897/zookeys.1104.79411	PY
10.3897/zookeys.1104.79823	IT
10.3897/zookeys.1104.80624	MX
10.3897/zookeys.1104.81403	CN
10.3897/zookeys.1104.81562	CI
10.3897/zookeys.1104.81836	CN
10.3897/zookeys.1104.81879	BO
10.3897/zookeys.1104.82396	MG
10.3897/zookeys.1104.82866	CH
10.3897/zookeys.1104.83264	TH
10.3897/zookeys.1105.81474	CZ
10.3897/zookeys.1105.85055	BR
10.3897/zookeys.1106.77912	CN
10.3897/zookeys.1106.81364	MR
10.3897/zookeys.1106.81386	US
10.3897/zookeys.1106.83229	CN
10.3897/zookeys.1106.83232	CN
10.3897/zookeys.1106.83340	DZ
10.3897/zookeys.1107.82976	CA
10.3897/zookeys.1108.76077	CO
10.3897/zookeys.1108.79960	CN
10.3897/zookeys.1108.80783	MX
10.3897/zookeys.1108.81725	TW
10.3897/zookeys.1108.85156	CN
10.3897/zookeys.1108.85378	CN
10.3897/zookeys.1108.85423	VN
10.3897/zookeys.1108.85655	CN
10.3897/zookeys.1109.73937	CN
10.3897/zookeys.1109.80775	VE
10.3897/zookeys.1109.83807	JP
10.3897/zookeys.1109.85565	MG
10.3897/zookeys.1110.79615	US
10.3897/zookeys.1110.80808	SB
10.3897/zookeys.1110.82173	CN
10.3897/zookeys.1110.82461	MM
10.3897/zookeys.1110.83228	AU
10.3897/zookeys.1110.85399	MM
10.3897/zookeys.1111.68665	MX
10.3897/zookeys.1111.70195	US
10.3897/zookeys.1111.72345	US
10.3897/zookeys.1111.73371	MX
10.3897/zookeys.1111.76239	MN
10.3897/zookeys.1111.76884	VE
10.3897/zookeys.1111.77371	CR
10.3897/zookeys.1111.77413	MX
10.3897/zookeys.1111.77541	BR
10.3897/zookeys.1111.77581	BR
10.3897/zookeys.1111.77586	TZ
10.3897/zookeys.1111.80961	AR
10.3897/zookeys.1111.85307	CD
10.3897/zookeys.1111.85576	EC
10.3897/zookeys.1112.82307	CF
10.3897/zookeys.1112.82551	CN
10.3897/zookeys.1112.83021	CN
10.3897/zookeys.1112.84475	CN
10.3897/zookeys.1112.85278	CN
10.3897/zookeys.1112.85752	PH
10.3897/zookeys.1112.85902	CN
10.3897/zookeys.1112.85950	CM
10.3897/zookeys.1113.79721	CN
10.3897/zookeys.1113.81240	VE
10.3897/zookeys.1113.85448	IN
10.3897/zookeys.1113.85769	PE
10.3897/zookeys.1114.77692	BR
10.3897/zookeys.1114.79492	MX
10.3897/zookeys.1114.79709	CN
10.3897/zookeys.1114.81696	KR
10.3897/zookeys.1114.84361	CR
10.3897/zookeys.1114.84509	CL
10.3897/zookeys.1114.86182	CN
10.3897/zookeys.1114.86598	CN
10.3897/zookeys.1115.75538	CO
10.3897/zookeys.1115.80146	SK
10.3897/zookeys.1115.81668	MA
10.3897/zookeys.1115.83266	KR
10.3897/zookeys.1115.83946	JP
10.3897/zookeys.1115.84527	CN
10.3897/zookeys.1115.86477	TH
10.3897/zookeys.1116.79846	SA
10.3897/zookeys.1116.82762	CH
10.3897/zookeys.1116.82858	CN
10.3897/zookeys.1116.83236	PH
10.3897/zookeys.1116.84593	ID
10.3897/zookeys.1116.85303	CN
10.3897/zookeys.1116.85987	CN
10.3897/zookeys.1116.86906	PH
10.3897/zookeys.1117.76872	US
10.3897/zookeys.1117.83539	MA
10.3897/zookeys.1117.85362	MX
10.3897/zookeys.1117.85787	CN
10.3897/zookeys.1117.86984	EC
10.3897/zookeys.1117.87765	TZ
10.3897/zookeys.1117.89211	CM
10.3897/zookeys.1117.89610	KR
10.3897/zookeys.1118.83156	VN
10.3897/zookeys.1118.84403	CN
10.3897/zookeys.1118.84643	IT
10.3897/zookeys.1118.84686	IN
10.3897/zookeys.1118.85810	GT
10.3897/zookeys.1118.86448	AU
10.3897/zookeys.1118.89337	CN
10.3897/zookeys.1118.89593	TH
10.3897/zookeys.1118.91192	NL
10.3897/zookeys.1119.85400	TH
10.3897/zookeys.1119.87082	CN
10.3897/zookeys.1119.87724	TH
10.3897/zookeys.1120.87067	CN
10.3897/zookeys.1120.87483	CN
10.3897/zookeys.1120.87526	TW
10.3897/zookeys.1120.90086	CN
10.3897/zookeys.1121.84171	SO
10.3897/zookeys.1121.85693	AO
10.3897/zookeys.1121.86264	CN
10.3897/zookeys.1121.86888	DE
10.3897/zookeys.1121.89539	EC
10.3897/zookeys.1121.89613	DZ
10.3897/zookeys.1122.76486	JP
10.3897/zookeys.1122.84424	BR
10.3897/zookeys.1122.85721	IT
10.3897/zookeys.1122.86071	CN
10.3897/zookeys.1122.86344	CN
10.3897/zookeys.1122.86483	CN
10.3897/zookeys.1122.89990	PG
10.3897/zookeys.1123.77217	CN
10.3897/zookeys.1123.86261	CN
10.3897/zookeys.1123.86704	CN
10.3897/zookeys.1123.86960	JP
10.3897/zookeys.1123.87397	JP
10.3897/zookeys.1123.87863	CN
10.3897/zookeys.1123.90202	TW
10.3897/zookeys.1123.90308	KH
10.3897/zookeys.1123.90623	NL
10.3897/zookeys.1123.90917	AU
10.3897/zookeys.1124.85952	CN
10.3897/zookeys.1124.86828	CM
10.3897/zookeys.1124.89282	VN
10.3897/zookeys.1124.89318	BN
10.3897/zookeys.1124.89991	CN
10.3897/zookeys.1124.90077	MA
10.3897/zookeys.1124.91156	BR
10.3897/zookeys.1125.82258	CM
10.3897/zookeys.1125.85431	UZ
10.3897/zookeys.1125.85741	CN
10.3897/zookeys.1125.86905	CN
10.3897/zookeys.1125.89219	CN
10.3897/zookeys.1125.90212	CN
10.3897/zookeys.1125.90802	TH
10.3897/zookeys.1125.91124	FR
10.3897/zookeys.1125.93703	TW
10.3897/zookeys.1125.94060	TH
10.3897/zookeys.1126.87635	GN
10.3897/zookeys.1126.90233	MA
10.3897/zookeys.1126.90916	IN
10.3897/zookeys.1126.94545	FR
10.3897/zookeys.1127.83240	NP
10.3897/zookeys.1127.84920	IT
10.3897/zookeys.1127.84942	AO
10.3897/zookeys.1127.85737	MG
10.3897/zookeys.1127.86004	US
10.3897/zookeys.1127.91310	NZ
10.3897/zookeys.1128.84944	MX
10.3897/zookeys.1128.85536	MA
10.3897/zookeys.1128.86210	CO
10.3897/zookeys.1128.89751	VU
10.3897/zookeys.1128.90016	CA
10.3897/zookeys.1128.90020	CN
10.3897/zookeys.1128.91155	JP
10.3897/zookeys.1128.94242	TH
10.3897/zookeys.1128.95139	US
10.3897/zookeys.1129.82981	KR
10.3897/zookeys.1129.87706	CN
10.3897/zookeys.1129.90287	AO
10.3897/zookeys.1129.90535	TH
10.3897/zookeys.1129.90577	MX
10.3897/zookeys.1129.90986	ZA
10.3897/zookeys.1129.91398	BR
10.3897/zookeys.1129.95245	CN
10.3897/zookeys.1129.95715	ZA
10.3897/zookeys.1130.81874	US
10.3897/zookeys.1130.86413	US
10.3897/zookeys.1130.87730	CN
10.3897/zookeys.1130.91039	TH
10.3897/zookeys.1130.91467	CN
10.3897/zookeys.1131.86644	CN
10.3897/zookeys.1131.90688	CN
10.3897/zookeys.1131.91017	DZ
10.3897/zookeys.1131.91235	CN
10.3897/zookeys.1131.94205	ID
10.3897/zookeys.1131.95038	CN
10.3897/zookeys.1131.95246	SK
10.3897/zookeys.1132.87364	CN
10.3897/zookeys.1132.87629	SD
10.3897/zookeys.1132.89858	CN
10.3897/zookeys.1133.94530	JP
10.3897/zookeys.1134.89267	CN
10.3897/zookeys.1134.89587	BR
10.3897/zookeys.1134.91348	EC
10.3897/zookeys.1134.94198	CN
10.3897/zookeys.1134.95637	LV
10.3897/zookeys.1134.96103	US
10.3897/zookeys.1134.97678	VN
10.3897/zookeys.1135.89373	CN
10.3897/zookeys.1135.93631	AU
10.3897/zookeys.1135.93800	ID
10.3897/zookeys.1135.93843	CN
10.3897/zookeys.1135.94371	CN
10.3897/zookeys.1135.95026	US
10.3897/zookeys.1136.72744	VE
10.3897/zookeys.1136.86680	BR
10.3897/zookeys.1136.91567	CA
10.3897/zookeys.1136.94374	CN
10.3897/zookeys.1137.94217	ID
10.3897/zookeys.1137.94224	CN
10.3897/zookeys.1137.96306	CN
10.3897/zookeys.1137.96414	IT
10.3897/zse.98.76677	BO
10.3897/zse.98.83109	BR
10.3956/2021-97.4.190	CN
10.4002/040.064.0209	BR
10.4039/tce.2021.60	CA
10.4289/0013-8797.123.4.703	CO
10.4289/0013-8797.123.4.741	BO
10.4289/0013-8797.123.4.745	AE
10.4289/0013-8797.123.4.759	US
10.4289/0013-8797.123.4.784	CO
10.4289/0013-8797.123.4.792	US
10.4289/0013-8797.123.4.820	GT
10.4289/0013-8797.123.4.847	IN
10.4314/met.v33i1.5	KE
10.4314/met.v33i1.5	MZ
10.47121/acarolstud.1123419	TR
10.47121/acarolstud.1128804	TR
10.47121/acarolstud.1129248	TR
10.47121/acarolstud.1132099	TR
10.47371/mycosci.2021.09.001	JP
10.47371/mycosci.2021.10.004	CN
10.47371/mycosci.2021.10.005	JP
10.47371/mycosci.2021.11.001	JP
10.47371/mycosci.2021.11.002	JP
10.47371/mycosci.2022.01.003	TW
10.47371/mycosci.2022.02.002	CN
10.47371/mycosci.2022.02.003	JP
10.47371/mycosci.2022.04.002	JP
10.47371/mycosci.2022.05.003	VN
10.47371/mycosci.2022.05.004	CN
10.47371/mycosci.2022.05.005	CN
10.47371/mycosci.2022.07.001	IN
10.47371/mycosci.2022.07.003	JP
10.47371/mycosci.2022.08.001	BR
10.47371/mycosci.2022.08.002	JP
10.47371/mycosci.2022.08.003	TH
10.47371/mycosci.2022.08.005	JP
10.47371/mycosci.2022.09.002	CN
10.47371/mycosci.2022.09.003	JP
10.47371/mycosci.2022.11.002	JP
10.47665/tb.39.2.018	TH
10.4813/SIF-2022-0007	EG
10.48130/SIF-2022-0018	CN
10.5248/136.379	CN
10.5248/136.693	US
10.5248/136.719	CN
10.5248/136.725	IN
10.5248/136.739	CN
10.5248/136.749	MX
10.5248/136.755	CN
10.5248/136.769	IN
10.5248/136.779	CN
10.5248/136.789	SE
10.5248/136.819	TR
10.5248/136.831	CN
10.5248/136.841	TR
10.5248/136.853	TR
10.5248/136.865	CN
10.5248/136.875	MX
10.5248/136.877	PK
10.5248/137.1	SC
10.5248/137.109	PK
10.5248/137.135	PK
10.5248/137.153	DO
10.5248/137.171	BR
10.5248/137.173	CN
10.5248/137.179	MX
10.5248/137.189	CN
10.5248/137.203	CN
10.5248/137.209	CN
10.5248/137.221	CN
10.5248/137.239	CN
10.5248/137.245	IN
10.5248/137.251	TH
10.5248/137.261	CN
10.5248/137.271	IR
10.5248/137.283	IN
10.5248/137.31	CN
10.5248/137.335	PK
10.5248/137.345	BR
10.5248/137.353	US
10.5248/137.359	FR
10.5248/137.381	TR
10.5248/137.387	IN
10.5248/137.389	IT
10.5248/137.391	CN
10.5248/137.51	AU
10.5248/137.63	CN
10.5248/137.73	JP
10.5248/137.89	IN
10.5248/137.95	MY
10.5252/geodiversitas2022v44a12	FR
10.5252/zoosystema2022v44a3	IN
10.5281/odon.v51i1-2.a9	PG
10.5281/odon.v51i3-4.a6	TH
10.5281/zenodo.6090197	PE
10.5281/zenodo.6477767	AR
10.53350/pjmhs22166575	IQ
10.54103/2039-4942/12253	ME
10.54103/2039-4942/14283	RO
10.54103/2039-4942/15175	IT
10.54103/2039-4942/15178	IT
10.54103/2039-4942/15227	TR
10.54103/2039-4942/15381	IT
10.54103/2039-4942/15439	CA
10.54103/2039-4942/15459	IT
10.54103/2039-4942/15744	IT
10.54103/2039-4942/15773	AT
10.54103/2039-4942/15810	RO
10.54103/2039-4942/16665	IT
10.54103/2039-4942/17064	US
10.54103/2039-4942/17084	MM
10.54103/2039-4942/17086	IT
10.54103/2039-4942/17115	IT
10.54103/2039-4942/17253	HU
10.54103/2039-4942/17732	OM
10.5507/fot.2021.016	AR
10.5507/fot.2021.022	MN
10.55230/mabjournal.v51i5.2339	MY
10.5710/amgh.05.11.2022.3496	AR
10.5710/amgh.06.07.2022.3498	PE
10.5710/amgh.08.11.2022.3531	AR
10.5710/amgh.15.06.2022.3504	AU
10.5710/amgh.16.05.2022.3459	BR
10.5710/amgh.16.10.2021.3461	AR
10.5710/amgh.21.06.2022.3486	CV
10.5710/amgh.26.02.2022.3469	AR
10.5710/amgh.27.01.2022.3485	CM
10.5710/amgh.27.02.2022.3470	AR
10.5710/amgh.29.07.2022.3505	BR
10.5735/085.059.0133	VN
10.5735/085.059.0136	DZ
10.5735/085.059.0139	TR
10.5735/085.059.0141	CN
10.5735/085.059.0145	TR
10.5735/086.059.0113	MA
10.57800/faunitaxys-10(26)	TH
10.5852/cr-palevol2022v21a16	AR
10.5852/ejt.2021.787.1613	CN
10.5852/ejt.2021.787.1615	BR
10.5852/ejt.2021.787.1617	TH
10.5852/ejt.2021.787.1619	BR
10.5852/ejt.2021.787.1621	TH
10.5852/ejt.2022.789.1623	FR
10.5852/ejt.2022.789.1627	BR
10.5852/ejt.2022.789.1631	TZ
10.5852/ejt.2022.789.1633	CN
10.5852/ejt.2022.789.1635	DZ
10.5852/ejt.2022.789.1639	BR
10.5852/ejt.2022.790.1641	CN
10.5852/ejt.2022.791.1645	IN
10.5852/ejt.2022.792.1647	AU
10.5852/ejt.2022.793.1643	CO
10.5852/ejt.2022.794.1649	IN
10.5852/ejt.2022.794.1651	CN
10.5852/ejt.2022.794.1653	CN
10.5852/ejt.2022.794.1655	VN
10.5852/ejt.2022.794.1657	VN
10.5852/ejt.2022.794.1659	IN
10.5852/ejt.2022.794.1661	BR
10.5852/ejt.2022.795.1663	IN
10.5852/ejt.2022.796.1665	AU
10.5852/ejt.2022.797.1667	CN
10.5852/ejt.2022.798.1629	IN
10.5852/ejt.2022.798.1673	CV
10.5852/ejt.2022.798.1675	HR
10.5852/ejt.2022.798.1679	CN
10.5852/ejt.2022.799.1681	DE
10.5852/ejt.2022.801.1685	MG
10.5852/ejt.2022.802.1687	CN
10.5852/ejt.2022.803.1691	TZ
10.5852/ejt.2022.804.1689	CN
10.5852/ejt.2022.805.1693	MY
10.5852/ejt.2022.806.1695	MY
10.5852/ejt.2022.806.1697	VN
10.5852/ejt.2022.806.1699	DE
10.5852/ejt.2022.806.1701	PE
10.5852/ejt.2022.806.1703	BR
10.5852/ejt.2022.806.1707	BR
10.5852/ejt.2022.806.1709	TR
10.5852/ejt.2022.806.1711	CM
10.5852/ejt.2022.806.1713	BR
10.5852/ejt.2022.806.1715	BR
10.5852/ejt.2022.807.1717	US
10.5852/ejt.2022.808.1721	NZ
10.5852/ejt.2022.809.1719	AF
10.5852/ejt.2022.810.1723	CN
10.5852/ejt.2022.811.1725	IN
10.5852/ejt.2022.813.1729	ZA
10.5852/ejt.2022.813.1735	CO
10.5852/ejt.2022.813.1739	MX
10.5852/ejt.2022.813.1741	VN
10.5852/ejt.2022.816.1747	GR
10.5852/ejt.2022.817.1757	CN
10.5852/ejt.2022.817.1763	AE
10.5852/ejt.2022.817.1765	LK
10.5852/ejt.2022.817.1767	JP
10.5852/ejt.2022.817.1769	BR
10.5852/ejt.2022.818.1771	DE
10.5852/ejt.2022.819.1775	TZ
10.5852/ejt.2022.819.1777	CL
10.5852/ejt.2022.819.1781	PT
10.5852/ejt.2022.819.1785	MX
10.5852/ejt.2022.819.1787	ID
10.5852/ejt.2022.820.1791	BR
10.5852/ejt.2022.821.1795	IN
10.5852/ejt.2022.821.1797	BR
10.5852/ejt.2022.821.1799	LK
10.5852/ejt.2022.821.1801	EC
10.5852/ejt.2022.821.1803	PT
10.5852/ejt.2022.821.1805	DO
10.5852/ejt.2022.822.1807	AR
10.5852/ejt.2022.823.1809	CN
10.5852/ejt.2022.823.1817	BR
10.5852/ejt.2022.823.1819	DE
10.5852/ejt.2022.823.1821	CN
10.5852/ejt.2022.823.1823	TJ
10.5852/ejt.2022.823.1825	KG
10.5852/ejt.2022.824.1827	IS
10.5852/ejt.2022.826.1835	CN
10.5852/ejt.2022.827.1849	BR
10.5852/ejt.2022.828.1851	MA
10.5852/ejt.2022.828.1855	BR
10.5852/ejt.2022.828.1857	BR
10.5852/ejt.2022.828.1859	BR
10.5852/ejt.2022.828.1861	SE
10.5852/ejt.2022.829.1863	NP
10.5852/ejt.2022.830.1865	IR
10.5852/ejt.2022.831.1867	PK
10.5852/ejt.2022.831.1869	CN
10.5852/ejt.2022.831.1871	DZ
10.5852/ejt.2022.831.1873	MX
10.5852/ejt.2022.831.1875	IL
10.5852/ejt.2022.832.1877	IL
10.5852/ejt.2022.833.1879	MM
10.5852/ejt.2022.833.1883	TZ
10.5852/ejt.2022.833.1885	TH
10.5852/ejt.2022.833.1887	CV
10.5852/ejt.2022.833.1889	CN
10.5852/ejt.2022.833.1891	IT
10.5852/ejt.2022.834.1893	AT
10.5852/ejt.2022.834.1895	MG
10.5852/ejt.2022.834.1899	BR
10.5852/ejt.2022.834.1901	IN
10.5852/ejt.2022.834.1903	TH
10.5852/ejt.2022.834.1905	CO
10.5852/ejt.2022.834.1907	BR
10.5852/ejt.2022.835.1909	ID
10.5852/ejt.2022.835.1909	MA
10.5852/ejt.2022.836.1911	TH
10.5852/ejt.2022.836.1913	MG
10.5852/ejt.2022.836.1917	AU
10.5852/ejt.2022.836.1919	BR
10.5852/ejt.2022.838.1925	OM
10.5852/ejt.2022.839.1927	CN
10.5852/ejt.2022.839.1929	BR
10.5852/ejt.2022.839.1931	FR
10.5852/ejt.2022.839.1933	TW
10.5852/ejt.2022.839.1935	CN
10.5852/ejt.2022.839.1937	IN
10.5852/ejt.2022.839.1939	AR
10.5852/ejt.2022.840.1941	SK
10.5852/ejt.2022.841.1943	CI
10.5852/ejt.2022.843.1947	IR
10.5852/ejt.2022.844.1949	NZ
10.5852/ejt.2022.845.1951	MX
10.5852/ejt.2022.845.1953	EC
10.5852/ejt.2022.845.1955	TZ
10.5852/ejt.2022.846.1969	CN
10.5852/ejt.2022.846.1971	BR
10.5852/ejt.2022.847.1977	CN
10.5852/ejt.2022.847.1991	BR
10.5852/ejt.2022.848.1993	CM
10.5852/ejt.2022.849.1995	LI
10.5852/ejt.2022.851.1999	FR
10.5852/ejt.2022.852.2003	IN
10.5852/ejt.2022.852.2005	CR
10.5852/ejt.2022.852.2009	IN
10.5852/ejt.2022.852.2011	FR
10.5852/ejt.2022.852.2013	CN
10.5852/ejt.2022.852.2015	CN
10.5852/ejt.2022.852.2017	IN
10.5852/ejt.2022.854.2021	EC
10.5852/ejt.2022.855.2023	ID
10.6620/ZS.2021.60-57	BR
10.6620/ZS.2021.60-59	JP
10.6620/ZS.2021.60-65	ID
10.7717/peerj.12614	CM
10.7717/peerj.12734	BR
10.7717/peerj.12765	CO
10.7717/peerj.12773	MX
10.7717/peerj.12842	PL
10.7717/peerj.12913	EC
10.7717/peerj.13010	KR
10.7717/peerj.13211	EC
10.7717/peerj.13761	EC
10.7717/peerj.13891	JP
10.7717/peerj.13909	JP
10.7717/peerj.14026	CN
10.7717/peerj.14066	EC
10.7717/peerj.14197	AU
10.7717/peerj.14298	CN
