10.1002/ajb2.16082	
10.1002/ajb2.1853	
10.1002/anie.202117188	
10.1002/ar.25001	
10.1002/arch.21901	
10.1002/cbic.202200062	https://onlinelibrary.wiley.com/doi/pdfdirect/10.1002/cbic.202200062
10.1002/chem.202104497	https://hal.archives-ouvertes.fr/hal-03594157/file/lescopcor-unmarked.pdf
10.1002/ece3.8612	https://onlinelibrary.wiley.com/doi/pdfdirect/10.1002/ece3.8612
10.1002/ecy.3709	https://onlinelibrary.wiley.com/doi/pdfdirect/10.1002/ecy.3709
10.1002/ecy.3879	
10.1002/evan.21955	https://lirias.kuleuven.be/bitstream/20.500.12942/701411/2/Meneganzin%3b%20Pievani%20and%20Manzi%202022-%20Pan%e2%80%90Africanism%20vs%20%20single%e2%80%90origin%20of%20Homo%20sapiens%20%20Evol%20Anthropol.pdf
10.1002/fedr.202000024	
10.1002/fedr.202000036	
10.1002/fedr.202100010	
10.1002/fedr.202100021	
10.1002/fedr.202100023	
10.1002/fedr.202100024	
10.1002/fedr.202100025	
10.1002/fedr.202100026	
10.1002/fedr.202100030	
10.1002/fedr.202100032	
10.1002/fedr.202100034	
10.1002/fedr.202100039	
10.1002/fedr.202100043	
10.1002/fedr.202100044	
10.1002/fedr.202100050	
10.1002/fedr.202100052	
10.1002/fedr.202200001	
10.1002/fedr.202200002	
10.1002/fedr.202200004	
10.1002/fedr.202200006	
10.1002/fedr.202200008	
10.1002/fedr.202200012	
10.1002/fedr.202200014	
10.1002/fedr.202200023	
10.1002/fedr.202200027	
10.1002/fedr.202200029	
10.1002/fedr.202200034	
10.1002/fedr.202200038	
10.1002/fedr.202270032	
10.1002/jemt.24240	
10.1002/pld3.369	
10.1002/smll.202106269	
10.1002/spp2.1434	
10.1002/tax.12527	
10.1002/tax.12528	
10.1002/tax.12529	
10.1002/tax.12530	
10.1002/tax.12531	
10.1002/tax.12532	
10.1002/tax.12648	
10.1002/tax.12654	
10.1002/tax.12655	
10.1002/tax.12656	https://refubium.fu-berlin.de/bitstream/fub188/34208/2/TAXON%20-%202022%20-%20Mestier%20-%20Character%20evolution%20and%20biogeography%20of%20Casearia%20Salicaceae%20Evidence%20for%20the%20South%20American.pdf
10.1002/tax.12657	
10.1002/tax.12658	
10.1002/tax.12659	
10.1002/tax.12660	
10.1002/tax.12661	
10.1002/tax.12662	
10.1002/tax.12663	
10.1002/tax.12664	
10.1002/tax.12665	
10.1002/tax.12666	
10.1002/tax.12667	
10.1002/tax.12668	
10.1002/tax.12669	
10.1002/tax.12670	
10.1002/tax.12671	
10.1002/tax.12672	
10.1002/tax.12673	
10.1002/tax.12674	
10.1002/tax.12675	
10.1002/tax.12676	
10.1002/tax.12677	
10.1002/tax.12678	
10.1002/tax.12679	
10.1002/tax.12680	https://onlinelibrary.wiley.com/doi/pdfdirect/10.1002/tax.12680
10.1002/tax.12681	
10.1002/tax.12682	
10.1002/tax.12683	
10.1002/tax.12684	
10.1002/tax.12685	
10.1002/tax.12686	
10.1002/tax.12687	
10.1002/tax.12688	
10.1002/tax.12689	
10.1002/tax.12690	
10.1002/tax.12691	https://onlinelibrary.wiley.com/doi/pdfdirect/10.1002/tax.12691
10.1002/tax.12692	
10.1002/tax.12693	https://onlinelibrary.wiley.com/doi/pdfdirect/10.1002/tax.12693
10.1002/tax.12694	
10.1002/tax.12695	
10.1002/tax.12696	https://onlinelibrary.wiley.com/doi/pdfdirect/10.1002/tax.12696
10.1002/tax.12697	
10.1002/tax.12698	https://onlinelibrary.wiley.com/doi/pdfdirect/10.1002/tax.12698
10.1002/tax.12699	
10.1002/tax.12700	
10.1002/tax.12701	
10.1002/tax.12702	
10.1002/tax.12703	
10.1002/tax.12704	
10.1002/tax.12705	https://onlinelibrary.wiley.com/doi/pdfdirect/10.1002/tax.12705
10.1002/tax.12706	https://onlinelibrary.wiley.com/doi/pdfdirect/10.1002/tax.12706
10.1002/tax.12707	https://onlinelibrary.wiley.com/doi/pdfdirect/10.1002/tax.12707
10.1002/tax.12708	
10.1002/tax.12709	
10.1002/tax.12710	
10.1002/tax.12711	https://onlinelibrary.wiley.com/doi/pdfdirect/10.1002/tax.12711
10.1002/tax.12712	
10.1002/tax.12713	https://onlinelibrary.wiley.com/doi/pdfdirect/10.1002/tax.12713
10.1002/tax.12714	
10.1002/tax.12715	
10.1002/tax.12716	
10.1002/tax.12717	
10.1002/tax.12718	https://www.duo.uio.no/bitstream/10852/97587/1/Frisch%2bet%2bal%2b2022%2bArthrorhaphis.pdf
10.1002/tax.12719	
10.1002/tax.12720	https://dipot.ulb.ac.be/dspace/bitstream/2013/344314/3/Bouka.pdf
10.1002/tax.12721	https://onlinelibrary.wiley.com/doi/pdfdirect/10.1002/tax.12721
10.1002/tax.12722	
10.1002/tax.12723	
10.1002/tax.12724	
10.1002/tax.12725	
10.1002/tax.12726	
10.1002/tax.12727	
10.1002/tax.12728	
10.1002/tax.12729	
10.1002/tax.12730	
10.1002/tax.12731	
10.1002/tax.12732	
10.1002/tax.12733	
10.1002/tax.12734	
10.1002/tax.12735	
10.1002/tax.12736	
10.1002/tax.12737	
10.1002/tax.12738	
10.1002/tax.12739	
10.1002/tax.12740	
10.1002/tax.12741	
10.1002/tax.12742	
10.1002/tax.12743	
10.1002/tax.12744	
10.1002/tax.12745	
10.1002/tax.12746	
10.1002/tax.12747	
10.1002/tax.12748	
10.1002/tax.12749	
10.1002/tax.12750	
10.1002/tax.12751	
10.1002/tax.12752	
10.1002/tax.12753	
10.1002/tax.12754	
10.1002/tax.12755	
10.1002/tax.12756	
10.1002/tax.12757	
10.1002/tax.12758	
10.1002/tax.12765	
10.1002/tax.12766	
10.1002/tax.12767	https://onlinelibrary.wiley.com/doi/pdfdirect/10.1002/tax.12767
10.1002/tax.12768	http://real.mtak.hu/150647/1/Papp_Dai_2022_Mycology.pdf
10.1002/tax.12769	
10.1002/tax.12770	
10.1002/tax.12771	
10.1002/tax.12772	
10.1002/tax.12773	
10.1002/tax.12774	
10.1002/tax.12775	
10.1002/tax.12776	
10.1002/tax.12777	https://digital.csic.es/bitstream/10261/281624/1/TAXON%20-%202022%20-%20Turner%20-%202907%20%20Proposal%20to%20reject%20the%20name%20Cuscuta%20aggregata%20%20Convolvulaceae.pdf
10.1002/tax.12778	
10.1002/tax.12779	
10.1002/tax.12780	
10.1002/tax.12781	https://dipot.ulb.ac.be/dspace/bitstream/2013/350304/3/Meerts_Sosef_2022_Taxon.pdf
10.1002/tax.12782	
10.1002/tax.12783	
10.1002/tax.12784	
10.1002/tax.12785	
10.1002/tax.12786	
10.1002/tax.12787	
10.1002/tax.12788	
10.1002/tax.12789	
10.1002/tax.12790	https://lirias.kuleuven.be/bitstream/20.500.12942/708995/2/TAXON%20-%202022%20-%20Beckers%20-%20Comparative%20wood%20anatomy%20and%20origin%20of%20woodiness%20in%20subfamilies%20Secamonoideae%20and%20Asclepiadoideae%20.pdf
10.1002/tax.12791	
10.1002/tax.12792	
10.1002/tax.12793	
10.1002/tax.12794	
10.1002/tax.12795	
10.1002/tax.12796	
10.1002/tax.12797	
10.1002/tax.12798	https://digital.csic.es/bitstream/10261/286536/1/Molecular_insights.pdf
10.1002/tax.12799	
10.1002/tax.12800	
10.1002/tax.12801	
10.1002/tax.12802	
10.1002/tax.12803	
10.1002/tax.12804	
10.1002/tax.12805	
10.1002/tax.12806	
10.1002/tax.12807	
10.1002/tax.12808	
10.1002/tax.12809	https://zaguan.unizar.es/record/120232/files/texto_completo.pdf
10.1002/tax.12810	
10.1002/tax.12811	
10.1002/tax.12812	
10.1002/tax.12813	
10.1002/tax.12814	
10.1002/tax.12815	
10.1002/tax.12816	
10.1002/tax.12817	
10.1002/tax.12818	
10.1002/tax.12819	
10.1002/tax.12820	
10.1002/tax.12821	
10.1002/tax.12822	
10.1002/tax.12823	
10.1002/tax.12824	
10.1002/tax.12825	
10.1002/tax.12826	
10.1002/tax.12827	
10.1002/tax.12828	
10.1002/tax.12829	
10.1002/tax.12830	
10.1002/tax.12831	
10.1002/tax.12832	
10.1002/tax.12833	
10.1002/tax.12834	
10.1002/tax.12835	
10.1002/tax.12836	
10.1002/tax.12837	
10.1002/tax.12838	
10.1002/tax.12839	
10.1002/tax.12840	
10.1002/tax.12841	
10.1002/tax.12842	
10.1002/tax.12843	
10.1002/tax.12844	
10.1002/tax.12845	
10.1002/tax.12846	
10.1002/tax.12847	
10.1002/tax.12848	
10.1002/tax.12849	
10.1002/tax.12850	
10.1002/tax.12851	
10.1002/tax.12852	
10.1002/tax.12853	
10.1002/tax.12854	
10.1002/tax.12855	
10.1002/tax.12856	
10.1002/tax.12857	
10.1002/tax.12858	
10.1002/tax.12859	
10.1002/tax.12860	
10.1002/tax.12861	
10.1002/tax.12862	
10.1002/tax.12863	https://hal.inrae.fr/hal-03946235/file/TAXON%20-%202022%20-%20Randriarisoa%20-%20One%20in%20one%20out%20Generic%20circumscription%20within%20subtribe%20Manilkarinae%20Sapotaceae.pdf
10.1007/978-1-0716-1728-1_23	
10.1007/978-3-030-84902-3	https://link.springer.com/content/pdf/bfm%3A978-3-030-84902-3%2F1
10.1007/978-3-030-93680-8_4	
10.1007/978-3-031-05879-0	https://link.springer.com/content/pdf/bfm:978-3-031-05879-0/1?pdf=chapter%20toc
10.1007/978-981-16-2794-1_120	
10.1007/978-981-16-2986-0_8	
10.1007/978-981-16-7427-3	https://link.springer.com/content/pdf/bfm:978-981-16-7427-3/1?pdf=chapter%20toc
10.1007/978-981-19-0015-0_5	
10.1007/s00114-022-01785-x	
10.1007/s00203-021-02638-3	
10.1007/s00203-021-02674-z	
10.1007/s00203-021-02693-w	
10.1007/s00203-021-02696-7	
10.1007/s00203-021-02715-7	
10.1007/s00203-021-02734-4	
10.1007/s00203-021-02736-2	
10.1007/s00203-021-02738-0	https://www.researchsquare.com/article/rs-906260/latest.pdf
10.1007/s00203-021-02744-2	
10.1007/s00203-021-02749-x	
10.1007/s00203-021-02750-4	https://www.researchsquare.com/article/rs-685177/latest.pdf
10.1007/s00203-021-02753-1	https://www.researchsquare.com/article/rs-939418/latest.pdf
10.1007/s00203-022-02758-4	https://www.researchsquare.com/article/rs-502262/latest.pdf
10.1007/s00203-022-02760-w	
10.1007/s00203-022-02761-9	
10.1007/s00203-022-02764-6	
10.1007/s00203-022-02778-0	
10.1007/s00203-022-02783-3	https://www.researchsquare.com/article/rs-1043332/latest.pdf
10.1007/s00203-022-02789-x	
10.1007/s00203-022-02790-4	
10.1007/s00203-022-02791-3	
10.1007/s00203-022-02797-x	
10.1007/s00203-022-02808-x	
10.1007/s00203-022-02816-x	
10.1007/s00203-022-02818-9	
10.1007/s00203-022-02827-8	https://link.springer.com/content/pdf/10.1007/s00203-022-02827-8.pdf
10.1007/s00203-022-02841-w	https://www.researchsquare.com/article/rs-1113741/latest.pdf
10.1007/s00203-022-02859-0	
10.1007/s00203-022-02865-2	https://www.researchsquare.com/article/rs-1167662/latest.pdf
10.1007/s00203-022-02867-0	
10.1007/s00203-022-02869-y	
10.1007/s00203-022-02878-x	https://link.springer.com/content/pdf/10.1007/s00203-022-02878-x.pdf
10.1007/s00203-022-02886-x	
10.1007/s00203-022-02888-9	
10.1007/s00203-022-02893-y	
10.1007/s00203-022-02895-w	
10.1007/s00203-022-02898-7	
10.1007/s00203-022-02900-2	
10.1007/s00203-022-02905-x	https://link.springer.com/content/pdf/10.1007/s00203-022-02905-x.pdf
10.1007/s00203-022-02908-8	
10.1007/s00203-022-02912-y	
10.1007/s00203-022-02920-y	
10.1007/s00203-022-02927-5	
10.1007/s00203-022-02950-6	https://link.springer.com/content/pdf/10.1007/s00203-022-02950-6.pdf
10.1007/s00203-022-02960-4	
10.1007/s00203-022-02963-1	
10.1007/s00203-022-02967-x	
10.1007/s00203-022-02980-0	https://www.researchsquare.com/article/rs-1352369/latest.pdf
10.1007/s00203-022-02981-z	
10.1007/s00203-022-02991-x	
10.1007/s00203-022-02992-w	
10.1007/s00203-022-03007-4	
10.1007/s00203-022-03011-8	
10.1007/s00203-022-03033-2	
10.1007/s00203-022-03036-z	
10.1007/s00203-022-03042-1	
10.1007/s00203-022-03050-1	
10.1007/s00203-022-03056-9	
10.1007/s00203-022-03067-6	
10.1007/s00203-022-03091-6	
10.1007/s00203-022-03094-3	
10.1007/s00203-022-03099-y	https://link.springer.com/content/pdf/10.1007/s00203-022-03099-y.pdf
10.1007/s00203-022-03101-7	
10.1007/s00203-022-03109-z	
10.1007/s00203-022-03112-4	
10.1007/s00203-022-03116-0	
10.1007/s00203-022-03119-x	
10.1007/s00203-022-03132-0	
10.1007/s00203-022-03150-y	
10.1007/s00203-022-03152-w	https://link.springer.com/content/pdf/10.1007/s00203-022-03152-w.pdf
10.1007/s00203-022-03167-3	https://www.researchsquare.com/article/rs-1903957/latest.pdf
10.1007/s00203-022-03173-5	
10.1007/s00203-022-03178-0	
10.1007/s00203-022-03184-2	
10.1007/s00203-022-03185-1	
10.1007/s00203-022-03188-y	
10.1007/s00203-022-03192-2	
10.1007/s00203-022-03202-3	
10.1007/s00203-022-03225-w	https://link.springer.com/content/pdf/10.1007/s00203-022-03225-w.pdf
10.1007/s00203-022-03228-7	
10.1007/s00203-022-03229-6	
10.1007/s00203-022-03237-6	https://www.researchsquare.com/article/rs-1936406/latest.pdf
10.1007/s00203-022-03244-7	
10.1007/s00203-022-03248-3	https://link.springer.com/content/pdf/10.1007/s00203-022-03248-3.pdf
10.1007/s00203-022-03249-2	
10.1007/s00203-022-03255-4	
10.1007/s00203-022-03261-6	
10.1007/s00203-022-03263-4	
10.1007/s00203-022-03266-1	
10.1007/s00203-022-03268-z	https://link.springer.com/content/pdf/10.1007/s00203-022-03268-z.pdf
10.1007/s00203-022-03273-2	
10.1007/s00203-022-03293-y	
10.1007/s00203-022-03298-7	
10.1007/s00203-022-03305-x	
10.1007/s00203-022-03320-y	
10.1007/s00203-022-03326-6	
10.1007/s00203-022-03343-5	
10.1007/s00203-022-03348-0	
10.1007/s00203-022-03350-6	
10.1007/s00203-022-03360-4	
10.1007/s00203-022-03379-7	
10.1007/s00253-022-11788-3	
10.1007/s00284-021-02688-2	
10.1007/s00284-021-02739-8	
10.1007/s00284-021-02740-1	
10.1007/s00284-021-02741-0	
10.1007/s00284-021-02745-w	
10.1007/s00284-021-02753-w	
10.1007/s00284-021-02757-6	
10.1007/s00284-022-02763-2	
10.1007/s00284-022-02784-x	
10.1007/s00284-022-02798-5	
10.1007/s00284-022-02808-6	
10.1007/s00284-022-02814-8	
10.1007/s00284-022-02816-6	
10.1007/s00284-022-02819-3	
10.1007/s00284-022-02838-0	https://link.springer.com/content/pdf/10.1007/s00284-022-02838-0.pdf
10.1007/s00284-022-02846-0	
10.1007/s00284-022-02855-z	
10.1007/s00284-022-02860-2	
10.1007/s00284-022-02871-z	
10.1007/s00284-022-02890-w	
10.1007/s00284-022-02891-9	
10.1007/s00284-022-02958-7	
10.1007/s00284-022-02968-5	
10.1007/s00284-022-02995-2	
10.1007/s00284-022-02997-0	
10.1007/s00284-022-03001-5	
10.1007/s00284-022-03006-0	
10.1007/s00284-022-03007-z	
10.1007/s00284-022-03020-2	
10.1007/s00284-022-03036-8	
10.1007/s00284-022-03037-7	
10.1007/s00284-022-03051-9	
10.1007/s00284-022-03096-w	
10.1007/s00284-022-03133-8	
10.1007/s00284-022-03134-7	
10.1007/s00284-022-03141-8	
10.1007/s00284-022-03142-7	
10.1007/s00300-022-03017-4	
10.1007/s00300-022-03023-6	https://iris.unige.it/bitstream/11567/1078604/1/Costa%20et%20al.%202022.pdf
10.1007/s00343-021-1111-0	
10.1007/s00343-021-1154-2	
10.1007/s00436-021-07396-1	
10.1007/s00436-021-07397-0	
10.1007/s00436-021-07405-3	
10.1007/s00436-021-07414-2	
10.1007/s00436-021-07419-x	
10.1007/s00436-022-07425-7	
10.1007/s00436-022-07473-z	
10.1007/s00436-022-07620-6	
10.1007/s00438-021-01829-3	
10.1007/s00442-022-05298-2	
10.1007/s00572-021-01064-z	
10.1007/s00606-021-01796-7	https://link.springer.com/content/pdf/10.1007/s00606-021-01796-7.pdf
10.1007/s00606-021-01800-0	https://link.springer.com/content/pdf/10.1007/s00606-021-01800-0.pdf
10.1007/s00606-021-01801-z	
10.1007/s00606-021-01802-y	
10.1007/s00606-021-01803-x	
10.1007/s00606-022-01805-3	
10.1007/s00606-022-01811-5	
10.1007/s00705-021-05324-3	
10.1007/s00705-021-05326-1	https://link.springer.com/content/pdf/10.1007/s00705-021-05326-1.pdf
10.1007/s00705-022-05372-3	
10.1007/s00705-022-05387-w	https://www.researchsquare.com/article/rs-1038451/latest.pdf
10.1007/s00705-022-05478-8	https://link.springer.com/content/pdf/10.1007/s00705-022-05478-8.pdf
10.1007/s00705-022-05503-w	https://www.researchsquare.com/article/rs-1394960/latest.pdf
10.1007/s00705-022-05548-x	
10.1007/s00705-022-05551-2	https://link.springer.com/content/pdf/10.1007/s00705-022-05551-2.pdf
10.1007/s00705-022-05611-7	
10.1007/s00792-022-01263-2	https://link.springer.com/content/pdf/10.1007/s00792-022-01263-2.pdf
10.1007/s00792-022-01267-y	
10.1007/s00792-022-01269-w	
10.1007/s00792-022-01275-y	
10.1007/s00792-022-01280-1	
10.1007/s00792-022-01283-y	
10.1007/s00792-022-01285-w	
10.1007/s10068-021-01027-2	
10.1007/s10228-021-00850-1	
10.1007/s10228-021-00851-0	
10.1007/s10228-022-00860-7	
10.1007/s10228-022-00882-1	
10.1007/s10228-022-00885-y	
10.1007/s10228-022-00894-x	
10.1007/s10228-022-00899-6	
10.1007/s10228-022-00901-1	
10.1007/s10265-022-01389-6	https://link.springer.com/content/pdf/10.1007/s10265-022-01389-6.pdf
10.1007/s10327-022-01084-3	
10.1007/s10482-021-01675-8	https://link.springer.com/content/pdf/10.1007/s10482-021-01675-8.pdf
10.1007/s10482-021-01678-5	https://link.springer.com/content/pdf/10.1007/s10482-021-01678-5.pdf
10.1007/s10482-021-01688-3	https://www.researchsquare.com/article/rs-695447/v1.pdf?c=1641708958000
10.1007/s10482-021-01689-2	
10.1007/s10482-021-01691-8	
10.1007/s10482-021-01693-6	https://www.researchsquare.com/article/rs-703156/v1.pdf?c=1642052653000
10.1007/s10482-021-01694-5	https://www.researchsquare.com/article/rs-812981/latest.pdf
10.1007/s10482-021-01695-4	
10.1007/s10482-021-01696-3	
10.1007/s10482-021-01697-2	https://www.researchsquare.com/article/rs-998405/latest.pdf
10.1007/s10482-021-01699-0	
10.1007/s10482-021-01700-w	
10.1007/s10482-021-01701-9	
10.1007/s10482-021-01702-8	
10.1007/s10482-021-01703-7	
10.1007/s10482-021-01704-6	
10.1007/s10482-021-01705-5	
10.1007/s10482-021-01706-4	
10.1007/s10482-021-01707-3	https://link.springer.com/content/pdf/10.1007/s10482-021-01707-3.pdf
10.1007/s10482-022-01709-9	
10.1007/s10482-022-01710-2	
10.1007/s10482-022-01711-1	
10.1007/s10482-022-01712-0	
10.1007/s10482-022-01713-z	
10.1007/s10482-022-01714-y	https://www.researchsquare.com/article/rs-1143372/latest.pdf
10.1007/s10482-022-01715-x	
10.1007/s10482-022-01716-w	https://link.springer.com/content/pdf/10.1007/s10482-022-01716-w.pdf
10.1007/s10482-022-01717-9	https://link.springer.com/content/pdf/10.1007/s10482-022-01717-9.pdf
10.1007/s10482-022-01718-8	
10.1007/s10482-022-01719-7	https://link.springer.com/content/pdf/10.1007/s10482-022-01719-7.pdf
10.1007/s10482-022-01723-x	
10.1007/s10482-022-01724-w	
10.1007/s10482-022-01728-6	
10.1007/s10482-022-01729-5	https://link.springer.com/content/pdf/10.1007/s10482-022-01729-5.pdf
10.1007/s10482-022-01731-x	
10.1007/s10482-022-01734-8	https://www.researchsquare.com/article/rs-1173277/latest.pdf
10.1007/s10482-022-01741-9	
10.1007/s10482-022-01742-8	
10.1007/s10482-022-01744-6	
10.1007/s10482-022-01749-1	
10.1007/s10482-022-01754-4	
10.1007/s10482-022-01756-2	https://link.springer.com/content/pdf/10.1007/s10482-022-01756-2.pdf
10.1007/s10482-022-01759-z	https://link.springer.com/content/pdf/10.1007/s10482-022-01759-z.pdf
10.1007/s10482-022-01763-3	
10.1007/s10482-022-01768-y	
10.1007/s10482-022-01769-x	
10.1007/s10482-022-01771-3	
10.1007/s10482-022-01772-2	
10.1007/s10482-022-01781-1	
10.1007/s10482-022-01786-w	
10.1007/s10482-022-01788-8	
10.1007/s10482-022-01790-0	
10.1007/s10482-022-01792-y	
10.1007/s10482-022-01794-w	
10.1007/s10482-022-01797-7	
10.1007/s10482-022-01798-6	https://link.springer.com/content/pdf/10.1007/s10482-022-01798-6.pdf
10.1007/s10482-022-01800-1	
10.1007/s10482-022-01801-0	
10.1007/s10482-022-01802-z	
10.1007/s10722-022-01454-y	
10.1007/s10914-022-09634-4	
10.1007/s11033-022-07302-7	
10.1007/s11046-022-00674-1	
10.1007/s11230-021-10002-8	
10.1007/s11230-021-10013-5	
10.1007/s11230-021-10014-4	
10.1007/s11230-021-10015-3	
10.1007/s11230-021-10016-2	
10.1007/s11230-021-10018-0	
10.1007/s11230-021-10019-z	
10.1007/s11230-022-10021-z	
10.1007/s11230-022-10022-y	https://link.springer.com/content/pdf/10.1007/s11230-022-10022-y.pdf
10.1007/s11230-022-10023-x	
10.1007/s11230-022-10028-6	
10.1007/s11230-022-10034-8	https://link.springer.com/content/pdf/10.1007/s11230-022-10034-8.pdf
10.1007/s11230-022-10037-5	
10.1007/s11230-022-10038-4	https://link.springer.com/content/pdf/10.1007/s11230-022-10038-4.pdf
10.1007/s11230-022-10042-8	
10.1007/s11230-022-10044-6	
10.1007/s11230-022-10052-6	
10.1007/s11230-022-10054-4	https://link.springer.com/content/pdf/10.1007/s11230-022-10054-4.pdf
10.1007/s11230-022-10061-5	
10.1007/s11230-022-10063-3	https://link.springer.com/content/pdf/10.1007/s11230-022-10063-3.pdf
10.1007/s11230-022-10068-y	
10.1007/s11230-022-10078-w	
10.1007/s11230-022-10080-2	
10.1007/s11230-022-10081-1	
10.1007/s11262-022-01900-0	https://digital.csic.es/bitstream/10261/268588/1/Maachi2022VirusGenes.pdf
10.1007/s11262-022-01924-6	https://link.springer.com/content/pdf/10.1007/s11262-022-01924-6.pdf
10.1007/s11274-021-03213-0	
10.1007/s11557-021-01675-y	
10.1007/s11557-021-01731-7	
10.1007/s11557-021-01748-y	
10.1007/s11557-021-01751-3	
10.1007/s11557-021-01756-y	https://link.springer.com/content/pdf/10.1007/s11557-021-01756-y.pdf
10.1007/s11557-021-01757-x	https://link.springer.com/content/pdf/10.1007/s11557-021-01757-x.pdf
10.1007/s11557-021-01760-2	
10.1007/s11557-021-01763-z	https://link.springer.com/content/pdf/10.1007/s11557-021-01763-z.pdf
10.1007/s11557-021-01766-w	
10.1007/s11557-021-01767-9	
10.1007/s11557-022-01777-1	
10.1007/s11557-022-01783-3	
10.1007/s11557-022-01784-2	
10.1007/s11557-022-01787-z	
10.1007/s11557-022-01794-0	
10.1007/s11557-022-01797-x	
10.1007/s11557-022-01804-1	https://link.springer.com/content/pdf/10.1007/s11557-022-01804-1.pdf
10.1007/s11557-022-01807-y	
10.1007/s11557-022-01809-w	
10.1007/s11557-022-01813-0	
10.1007/s11557-022-01819-8	
10.1007/s11557-022-01824-x	
10.1007/s11557-022-01828-7	
10.1007/s11557-022-01830-z	
10.1007/s11557-022-01834-9	https://link.springer.com/content/pdf/10.1007/s11557-022-01834-9.pdf
10.1007/s11557-022-01840-x	
10.1007/s11557-022-01847-4	
10.1007/s11557-022-01848-3	
10.1007/s11557-022-01850-9	
10.1007/s11557-022-01855-4	
10.1007/s11686-022-00517-5	
10.1007/s11686-022-00545-1	
10.1007/s11686-022-00581-x	https://link.springer.com/content/pdf/10.1007/s11686-022-00581-x.pdf
10.1007/s11686-022-00593-7	https://link.springer.com/content/pdf/10.1007/s11686-022-00593-7.pdf
10.1007/s11686-022-00618-1	
10.1007/s11686-022-00624-3	
10.1007/s11686-022-00637-y	
10.1007/s11686-022-00643-0	
10.1007/s11756-021-00962-z	
10.1007/s11756-021-00982-9	
10.1007/s11756-022-01116-5	
10.1007/s11756-022-01245-x	
10.1007/s11756-022-01271-9	
10.1007/s12223-021-00931-8	
10.1007/s12224-022-09418-x	
10.1007/s12224-022-09420-3	
10.1007/s12225-021-09979-8	
10.1007/s12225-021-09992-x	
10.1007/s12225-021-09994-9	
10.1007/s12225-021-09996-7	https://link.springer.com/content/pdf/10.1007/s12225-021-09996-7.pdf
10.1007/s12225-021-09997-6	
10.1007/s12225-021-09998-5	
10.1007/s12225-022-10001-y	
10.1007/s12225-022-10005-8	
10.1007/s12225-022-10007-6	
10.1007/s12225-022-10011-w	https://link.springer.com/content/pdf/10.1007/s12225-022-10011-w.pdf
10.1007/s12225-022-10018-3	https://link.springer.com/content/pdf/10.1007/s12225-022-10018-3.pdf
10.1007/s12225-022-10024-5	
10.1007/s12225-022-10027-2	https://link.springer.com/content/pdf/10.1007/s12225-022-10027-2.pdf
10.1007/s12225-022-10034-3	https://link.springer.com/content/pdf/10.1007/s12225-022-10034-3.pdf
10.1007/s12225-022-10042-3	https://link.springer.com/content/pdf/10.1007/s12225-022-10042-3.pdf
10.1007/s12225-022-10044-1	
10.1007/s12225-022-10059-8	
10.1007/s12225-022-10060-1	https://link.springer.com/content/pdf/10.1007/s12225-022-10060-1.pdf
10.1007/s12228-021-09689-2	
10.1007/s12228-021-09692-7	
10.1007/s12228-021-09693-6	
10.1007/s12228-022-09701-3	https://link.springer.com/content/pdf/10.1007/s12228-022-09701-3.pdf
10.1007/s12228-022-09703-1	
10.1007/s12228-022-09710-2	
10.1007/s12228-022-09725-9	
10.1007/s12228-022-09727-7	
10.1007/s12275-022-1199-8	
10.1007/s12275-022-1581-6	
10.1007/s12275-022-1604-3	
10.1007/s12275-022-1647-5	
10.1007/s12275-022-1673-3	
10.1007/s12275-022-2075-2	
10.1007/s12275-022-2089-9	https://link.springer.com/content/pdf/10.1007/s12275-022-2089-9.pdf
10.1007/s12275-022-2099-7	
10.1007/s12275-022-2100-5	
10.1007/s12275-022-2102-3	
10.1007/s12275-022-2134-8	https://link.springer.com/content/pdf/10.1007/s12275-022-2134-8.pdf
10.1007/s12275-022-2137-5	
10.1007/s12275-022-2173-1	
10.1007/s12275-022-2250-5	https://link.springer.com/content/pdf/10.1007/s12275-022-2250-5.pdf
10.1007/s12275-022-2298-2	
10.1007/s12374-022-09358-1	
10.1007/s12526-021-01228-2	
10.1007/s12526-021-01245-1	
10.1007/s12526-022-01288-y	
10.1007/s12526-022-01294-0	https://link.springer.com/content/pdf/10.1007/s12526-022-01294-0.pdf
10.1007/s12542-021-00585-4	
10.1007/s12542-022-00606-w	https://link.springer.com/content/pdf/10.1007/s12542-022-00606-w.pdf
10.1007/s12549-021-00514-y	https://link.springer.com/content/pdf/10.1007/s12549-021-00514-y.pdf
10.1007/s12549-022-00525-3	https://link.springer.com/content/pdf/10.1007/s12549-022-00525-3.pdf
10.1007/s12639-022-01533-y	
10.1007/s13127-022-00541-3	
10.1007/s13127-022-00542-2	
10.1007/s13127-022-00546-y	
10.1007/s13127-022-00575-7	
10.1007/s13127-022-00591-7	
10.1007/s13127-022-00595-3	
10.1007/s13127-022-00599-z	
10.1007/s13199-022-00877-6	
10.1007/s13205-022-03271-7	
10.1007/s13205-022-03366-1	
10.1007/s13225-021-00495-5	https://www.researchsquare.com/article/rs-935829/latest.pdf
10.1007/s13225-021-00497-3	http://nrm.diva-portal.org/smash/get/diva2:1718438/FULLTEXT01
10.1007/s13225-022-00498-w	https://link.springer.com/content/pdf/10.1007/s13225-022-00498-w.pdf
10.1007/s13225-022-00504-1	https://link.springer.com/content/pdf/10.1007/s13225-022-00504-1.pdf
10.1007/s13225-022-00511-2	
10.1007/s13369-022-07104-w	
10.1007/s13744-022-00945-y	
10.1007/s13744-022-00956-9	
10.1007/s13744-022-00957-8	
10.1007/s13744-022-00958-7	
10.1007/s13744-022-00983-6	
10.1007/s13744-022-00987-2	https://link.springer.com/content/pdf/10.1007/s13744-022-00987-2.pdf
10.1007/s13744-022-00999-y	https://link.springer.com/content/pdf/10.1007/s13744-022-00999-y.pdf
10.1007/s40415-022-00838-9	
10.1007/s40858-022-00491-3	
10.1007/s42161-022-01294-w	https://link.springer.com/content/pdf/10.1007/s42161-022-01294-w.pdf
10.1007/s42535-022-00427-x	
10.1007/s42690-022-00776-9	
10.1007/s42690-022-00825-3	
10.1007/s42770-022-00841-y	
10.1007/s42995-022-00146-x	
10.1016/j.actatropica.2022.106368	
10.1016/j.actatropica.2022.106387	
10.1016/j.actatropica.2022.106480	
10.1016/j.anaerobe.2022.102554	
10.1016/j.aspen.2022.101872	https://minerva.usc.es/xmlui/bitstream/10347/29016/1/2022_jasipacent_otero_new.pdf
10.1016/j.aspen.2022.101928	
10.1016/j.aspen.2022.101936	
10.1016/j.biortech.2022.126754	
10.1016/j.coesh.2022.100358	
10.1016/j.cretres.2021.105128	https://hal-insu.archives-ouvertes.fr/insu-03507076/file/santer-2021.pdf
10.1016/j.cretres.2022.105138	http://manuscript.elsevier.com/S0195667122000027/pdf/S0195667122000027.pdf
10.1016/j.cretres.2022.105143	
10.1016/j.cretres.2022.105149	
10.1016/j.cretres.2022.105164	
10.1016/j.cretres.2022.105186	
10.1016/j.cretres.2022.105189	
10.1016/j.cretres.2022.105208	
10.1016/j.cretres.2022.105214	
10.1016/j.cretres.2022.105216	
10.1016/j.cretres.2022.105226	
10.1016/j.cretres.2022.105228	
10.1016/j.cretres.2022.105243	
10.1016/j.cretres.2022.105245	
10.1016/j.cretres.2022.105246	
10.1016/j.crmicr.2021.100083	
10.1016/j.crmicr.2021.100100	
10.1016/j.crpvbd.2021.100050	https://researchrepository.murdoch.edu.au/id/eprint/64395/1/Anthochaera%20lunulata.pdf
10.1016/j.crpvbd.2021.100051	
10.1016/j.crpvbd.2022.100096	
10.1016/j.culher.2022.01.010	
10.1016/j.dsr.2022.103804	http://repository.essex.ac.uk/33581/1/1-s2.0-S0967063722001170-main.pdf
10.1016/j.dsr2.2022.105095	
10.1016/j.ecolind.2022.108643	https://digital.csic.es/bitstream/10261/271957/1/1-s2.0-S1470160X22001145-main%20%281%29.pdf
10.1016/j.egg.2022.100114	
10.1016/j.ejop.2021.125789	
10.1016/j.ejop.2021.125792	
10.1016/j.ejop.2021.125795	
10.1016/j.ejop.2021.125809	
10.1016/j.ejop.2021.125822	https://hal.archives-ouvertes.fr/hal-03323415/file/Dolan%20-%202021%20-%20On%20Edouard%20Clapar%C3%A8de%20and%20Johannes%20Lachmann%20%28Clap%20%26.pdf
10.1016/j.ejop.2021.125823	
10.1016/j.ejop.2021.125824	
10.1016/j.ejop.2021.125825	
10.1016/j.ejop.2021.125826	https://backend.orbit.dtu.dk/ws/files/255391413/Paper_IX_pre_proof.pdf
10.1016/j.ejop.2021.125827	
10.1016/j.ejop.2021.125828	
10.1016/j.ejop.2021.125835	
10.1016/j.ejop.2021.125836	
10.1016/j.ejop.2021.125837	
10.1016/j.ejop.2021.125838	
10.1016/j.ejop.2021.125839	
10.1016/j.ejop.2021.125840	https://scholarworks.smith.edu/cgi/viewcontent.cgi?article=1234&context=bio_facpubs
10.1016/j.ejop.2021.125841	
10.1016/j.ejop.2021.125842	
10.1016/j.ejop.2021.125844	
10.1016/j.ejop.2021.125853	
10.1016/j.ejop.2021.125854	
10.1016/j.ejop.2021.125855	
10.1016/j.ejop.2021.125856	
10.1016/j.ejop.2021.125857	
10.1016/j.ejop.2021.125858	
10.1016/j.ejop.2021.125860	
10.1016/j.ejop.2021.125862	https://hal.sorbonne-universite.fr/hal-03511956/file/Dolan%20-%202022%20-%20On%20charles%20atwood%20kofoid%20%281865-1947%29%20the%20good%2C%20th.pdf
10.1016/j.ejop.2021.125863	
10.1016/j.ejop.2022.125864	
10.1016/j.ejop.2022.125865	https://backend.orbit.dtu.dk/ws/files/267866871/BERAT_1_s2.0_S0932473922000025_main.pdf
10.1016/j.ejop.2022.125866	
10.1016/j.ejop.2022.125867	
10.1016/j.ejop.2022.125868	
10.1016/j.ejop.2022.125875	
10.1016/j.ejop.2022.125878	
10.1016/j.ejop.2022.125879	
10.1016/j.ejop.2022.125880	
10.1016/j.ejop.2022.125881	
10.1016/j.ejop.2022.125888	
10.1016/j.ejop.2022.125891	
10.1016/j.ejop.2022.125892	
10.1016/j.ejop.2022.125893	
10.1016/j.ejop.2022.125894	
10.1016/j.ejop.2022.125895	
10.1016/j.ejop.2022.125896	
10.1016/j.ejop.2022.125910	
10.1016/j.ejop.2022.125913	
10.1016/j.ejsobi.2022.103405	
10.1016/j.fawpar.2022.e00147	
10.1016/j.fct.2022.112878	
10.1016/j.funbio.2021.11.001	
10.1016/j.funbio.2021.12.002	
10.1016/j.funbio.2022.03.005	
10.1016/j.funbio.2022.09.004	
10.1016/j.funbio.2022.11.002	
10.1016/j.gene.2022.146572	
10.1016/j.ijfoodmicro.2021.109509	http://manuscript.elsevier.com/S0168160521004694/pdf/S0168160521004694.pdf
10.1016/j.ijhydene.2021.12.265	
10.1016/j.ijpara.2021.11.012	
10.1016/j.ijpara.2022.03.001	
10.1016/j.ijppaw.2021.09.006	
10.1016/j.ijppaw.2021.12.010	
10.1016/j.ijppaw.2022.01.003	
10.1016/j.ijppaw.2022.01.006	https://researchrepository.murdoch.edu.au/id/eprint/63790/1/microbothriid.pdf
10.1016/j.ijppaw.2022.02.009	
10.1016/j.ijppaw.2022.03.008	
10.1016/j.ijppaw.2022.04.002	
10.1016/j.japb.2021.11.006	
10.1016/j.japb.2021.12.001	
10.1016/j.jcz.2022.02.001	
10.1016/j.jcz.2022.02.002	
10.1016/j.jcz.2022.02.004	https://zenodo.org/record/7158641/files/README_Seiter_et_al_Phrynus_morphometrics.pdf
10.1016/j.jcz.2022.04.004	
10.1016/j.jcz.2022.04.005	
10.1016/j.jcz.2022.05.004	
10.1016/j.jenvman.2022.115560	
10.1016/j.jgar.2022.04.018	
10.1016/j.jglr.2022.04.006	
10.1016/j.jhevol.2021.103076	http://manuscript.elsevier.com/S0047248421001287/pdf/S0047248421001287.pdf
10.1016/j.jhevol.2021.103136	http://manuscript.elsevier.com/S0047248421001883/pdf/S0047248421001883.pdf
10.1016/j.jip.2022.107737	
10.1016/j.jip.2022.107751	
10.1016/j.jip.2022.107754	
10.1016/j.jip.2022.107768	
10.1016/j.jprot.2022.104559	
10.1016/j.margen.2021.100899	https://hal-amu.archives-ouvertes.fr/hal-03335844/file/MG-Genome%20analysis%20of%20Crassaminicella%20sp.%20143-21-revised.pdf
10.1016/j.margen.2022.100931	
10.1016/j.marmicro.2022.102110	
10.1016/j.marpolbul.2022.113423	
10.1016/j.micinf.2022.104932	https://repository.ubn.ru.nl/bitstream/handle/2066/250945/1/250945.pdf
10.1016/j.micpath.2022.105464	
10.1016/j.micres.2022.127072	
10.1016/j.micron.2022.103248	
10.1016/j.molliq.2022.119377	
10.1016/j.mycmed.2022.101337	
10.1016/j.nmni.2022.100973	
10.1016/j.oooo.2021.12.002	
10.1016/j.palaeo.2022.110878	
10.1016/j.palaeo.2022.110894	
10.1016/j.palwor.2022.01.002	
10.1016/j.palwor.2022.01.009	https://hal-insu.archives-ouvertes.fr/insu-03557051/file/brazidec-2022.pdf
10.1016/j.parint.2021.102443	https://digital.csic.es/bitstream/10261/274709/1/FICHERO%20COMOD%c3%8dN.pdf
10.1016/j.parint.2021.102444	
10.1016/j.parint.2021.102445	
10.1016/j.parint.2021.102446	
10.1016/j.parint.2021.102449	https://boris.unibe.ch/160684/1/Frey_Caroline_Evaluation_of_the_PrioCheck_Trichinella_AAD_1-s2.0-S1383576921001677-main.pdf
10.1016/j.parint.2021.102450	
10.1016/j.parint.2021.102457	
10.1016/j.parint.2021.102458	
10.1016/j.parint.2021.102468	
10.1016/j.parint.2021.102469	
10.1016/j.parint.2021.102470	
10.1016/j.parint.2021.102471	
10.1016/j.parint.2021.102472	
10.1016/j.parint.2021.102473	
10.1016/j.parint.2021.102474	
10.1016/j.parint.2021.102475	https://www.sciencedirect.com/science/article/am/pii/S1383576921001938
10.1016/j.parint.2021.102476	https://www.sciencedirect.com/science/article/am/pii/S138357692100194X
10.1016/j.parint.2021.102477	
10.1016/j.parint.2021.102478	https://www.sciencedirect.com/science/article/am/pii/S1383576921001963
10.1016/j.parint.2021.102479	http://umu.diva-portal.org/smash/get/diva2:1628143/FULLTEXT01
10.1016/j.parint.2021.102481	
10.1016/j.parint.2021.102482	
10.1016/j.parint.2021.102483	
10.1016/j.parint.2021.102484	
10.1016/j.parint.2021.102485	
10.1016/j.parint.2021.102486	
10.1016/j.parint.2021.102487	
10.1016/j.parint.2021.102488	
10.1016/j.parint.2021.102489	
10.1016/j.parint.2021.102491	
10.1016/j.parint.2021.102492	
10.1016/j.parint.2021.102493	
10.1016/j.parint.2021.102494	
10.1016/j.parint.2021.102495	
10.1016/j.parint.2021.102496	
10.1016/j.parint.2021.102497	
10.1016/j.parint.2021.102507	
10.1016/j.parint.2021.102508	
10.1016/j.parint.2021.102511	
10.1016/j.parint.2021.102512	
10.1016/j.parint.2021.102513	
10.1016/j.parint.2021.102514	
10.1016/j.parint.2021.102515	
10.1016/j.parint.2021.102517	
10.1016/j.parint.2021.102518	https://www.sciencedirect.com/science/article/am/pii/S1383576921002361
10.1016/j.parint.2021.102519	
10.1016/j.parint.2021.102520	
10.1016/j.parint.2021.102521	
10.1016/j.parint.2021.102522	
10.1016/j.parint.2021.102523	
10.1016/j.parint.2021.102524	https://www.sciencedirect.com/science/article/am/pii/S1383576921002427
10.1016/j.parint.2021.102525	
10.1016/j.parint.2021.102526	
10.1016/j.parint.2021.102527	
10.1016/j.parint.2021.102528	
10.1016/j.parint.2021.102529	https://www.sciencedirect.com/science/article/am/pii/S1383576921002476
10.1016/j.parint.2021.102530	
10.1016/j.parint.2021.102531	
10.1016/j.parint.2021.102532	
10.1016/j.parint.2021.102533	
10.1016/j.parint.2021.102534	
10.1016/j.parint.2021.102535	
10.1016/j.parint.2022.102537	
10.1016/j.parint.2022.102538	
10.1016/j.parint.2022.102539	
10.1016/j.parint.2022.102540	
10.1016/j.parint.2022.102541	
10.1016/j.parint.2022.102542	
10.1016/j.parint.2022.102549	
10.1016/j.parint.2022.102550	
10.1016/j.parint.2022.102551	
10.1016/j.parint.2022.102552	
10.1016/j.parint.2022.102553	
10.1016/j.parint.2022.102554	
10.1016/j.parint.2022.102555	
10.1016/j.parint.2022.102556	
10.1016/j.parint.2022.102557	
10.1016/j.parint.2022.102558	
10.1016/j.parint.2022.102559	
10.1016/j.parint.2022.102560	
10.1016/j.parint.2022.102561	
10.1016/j.parint.2022.102562	
10.1016/j.parint.2022.102563	
10.1016/j.parint.2022.102564	
10.1016/j.parint.2022.102565	
10.1016/j.parint.2022.102566	
10.1016/j.parint.2022.102567	
10.1016/j.parint.2022.102575	
10.1016/j.parint.2022.102576	
10.1016/j.parint.2022.102577	
10.1016/j.parint.2022.102578	
10.1016/j.parint.2022.102579	
10.1016/j.parint.2022.102580	
10.1016/j.parint.2022.102581	
10.1016/j.parint.2022.102582	
10.1016/j.parint.2022.102583	
10.1016/j.parint.2022.102584	
10.1016/j.parint.2022.102585	
10.1016/j.parint.2022.102586	
10.1016/j.parint.2022.102587	
10.1016/j.parint.2022.102588	
10.1016/j.parint.2022.102589	
10.1016/j.parint.2022.102590	
10.1016/j.parint.2022.102591	
10.1016/j.parint.2022.102592	
10.1016/j.parint.2022.102593	
10.1016/j.parint.2022.102594	
10.1016/j.parint.2022.102595	
10.1016/j.parint.2022.102596	
10.1016/j.parint.2022.102597	
10.1016/j.parint.2022.102598	
10.1016/j.parint.2022.102605	
10.1016/j.parint.2022.102606	
10.1016/j.parint.2022.102607	
10.1016/j.parint.2022.102608	
10.1016/j.parint.2022.102693	
10.1016/j.pld.2020.10.004	
10.1016/j.pld.2020.11.003	
10.1016/j.pld.2020.11.004	
10.1016/j.pld.2020.12.006	
10.1016/j.pld.2021.01.001	
10.1016/j.pld.2021.01.002	
10.1016/j.pld.2021.01.003	
10.1016/j.pld.2021.01.006	
10.1016/j.pld.2021.01.007	
10.1016/j.pld.2021.01.008	
10.1016/j.pld.2021.01.009	
10.1016/j.pld.2021.03.001	
10.1016/j.pld.2021.03.004	
10.1016/j.pld.2021.04.002	
10.1016/j.pld.2021.04.006	https://research-repository.griffith.edu.au/bitstream/10072/406424/2/Kitching504226-Published.pdf
10.1016/j.pld.2021.04.007	
10.1016/j.pld.2021.05.001	
10.1016/j.pld.2021.05.002	
10.1016/j.pld.2021.05.003	
10.1016/j.pld.2021.05.004	https://www.researchsquare.com/article/rs-117897/latest.pdf
10.1016/j.pld.2021.05.005	
10.1016/j.pld.2021.05.006	
10.1016/j.pld.2021.06.001	
10.1016/j.pld.2021.06.002	
10.1016/j.pld.2021.06.003	
10.1016/j.pld.2021.06.004	
10.1016/j.pld.2021.06.005	
10.1016/j.pld.2021.06.006	
10.1016/j.pld.2021.06.007	https://refubium.fu-berlin.de/bitstream/fub188/34653/1/1-s2.0-S2468265921000834-main.pdf
10.1016/j.pld.2021.06.008	
10.1016/j.pld.2021.06.009	
10.1016/j.pld.2021.06.010	
10.1016/j.pld.2021.07.001	
10.1016/j.pld.2021.07.004	
10.1016/j.pld.2021.07.005	
10.1016/j.pld.2021.08.002	
10.1016/j.pld.2021.08.003	
10.1016/j.pld.2021.09.005	
10.1016/j.pld.2021.11.007	
10.1016/j.pld.2021.11.008	
10.1016/j.pld.2021.12.006	
10.1016/j.pld.2022.01.001	
10.1016/j.pld.2022.01.002	
10.1016/j.pld.2022.01.003	
10.1016/j.pld.2022.01.004	
10.1016/j.pld.2022.01.005	
10.1016/j.pld.2022.02.001	
10.1016/j.pld.2022.02.002	
10.1016/j.pld.2022.02.003	
10.1016/j.pld.2022.03.001	
10.1016/j.pld.2022.03.002	
10.1016/j.pld.2022.03.003	
10.1016/j.pld.2022.03.004	
10.1016/j.pld.2022.03.005	
10.1016/j.pld.2022.04.001	
10.1016/j.pld.2022.04.002	
10.1016/j.pld.2022.04.003	
10.1016/j.pld.2022.05.001	
10.1016/j.pld.2022.05.002	
10.1016/j.pld.2022.05.003	
10.1016/j.pld.2022.05.004	
10.1016/j.pld.2022.05.005	
10.1016/j.protis.2021.125821	
10.1016/j.protis.2021.125822	https://www.sciencedirect.com/science/article/am/pii/S1434461021000316
10.1016/j.protis.2021.125830	https://www.research-collection.ethz.ch/bitstream/20.500.11850/507014/3/1-s2.0-S1434461021000390-main.pdf
10.1016/j.protis.2021.125831	
10.1016/j.protis.2021.125832	
10.1016/j.protis.2021.125833	
10.1016/j.protis.2021.125834	
10.1016/j.protis.2021.125835	https://hal.sorbonne-universite.fr/hal-03366352/file/Dolan%20-%202021%20-%20On%20the%20Protistan%20Bookplate%20of%20Charles%20Atwood%20Kofoi.pdf
10.1016/j.protis.2021.125836	
10.1016/j.protis.2021.125843	
10.1016/j.protis.2021.125844	
10.1016/j.protis.2021.125845	https://backend.orbit.dtu.dk/ws/files/263555375/1_s2.0_S1434461021000559_main.pdf
10.1016/j.protis.2022.125856	
10.1016/j.protis.2022.125857	
10.1016/j.protis.2022.125858	
10.1016/j.protis.2022.125867	
10.1016/j.protis.2022.125868	
10.1016/j.protis.2022.125869	
10.1016/j.protis.2022.125870	https://dspace.library.uu.nl/bitstream/handle/1874/424000/1_s2.0_S1434461022000153_main.pdf?sequence=1&isAllowed=y
10.1016/j.protis.2022.125878	
10.1016/j.protis.2022.125881	
10.1016/j.protis.2022.125882	https://hal.sorbonne-universite.fr/hal-03670491/file/JoblotMsHAL.pdf
10.1016/j.protis.2022.125883	
10.1016/j.protis.2022.125884	
10.1016/j.protis.2022.125885	
10.1016/j.protis.2022.125886	
10.1016/j.protis.2022.125887	
10.1016/j.revpalbo.2022.104625	
10.1016/j.revpalbo.2022.104643	
10.1016/j.revpalbo.2022.104659	
10.1016/j.revpalbo.2022.104699	
10.1016/j.sjbs.2021.11.013	https://eprints.ucm.es/id/eprint/74789/1/Ballesteros-DGFM-Bioremediation.pdf
10.1016/j.sjbs.2022.103438	
10.1016/j.supflu.2022.105527	
10.1016/j.syapm.2021.126290	
10.1016/j.syapm.2021.126292	
10.1016/j.syapm.2021.126293	http://manuscript.elsevier.com/S0723202021001168/pdf/S0723202021001168.pdf
10.1016/j.syapm.2022.126294	
10.1016/j.syapm.2022.126304	
10.1016/j.syapm.2022.126306	
10.1016/j.syapm.2022.126307	https://repository.tudelft.nl/islandora/object/uuid%3A2fac6ff6-6d5a-45a2-87a9-ed1f4ec46586/datastream/OBJ/download
10.1016/j.syapm.2022.126308	
10.1016/j.syapm.2022.126316	
10.1016/j.syapm.2022.126317	
10.1016/j.syapm.2022.126318	
10.1016/j.syapm.2022.126319	
10.1016/j.syapm.2022.126321	
10.1016/j.syapm.2022.126322	
10.1016/j.syapm.2022.126324	
10.1016/j.syapm.2022.126325	
10.1016/j.syapm.2022.126326	
10.1016/j.syapm.2022.126333	
10.1016/j.syapm.2022.126337	
10.1016/j.syapm.2022.126361	
10.1016/j.syapm.2022.126372	
10.1016/j.ttbdis.2022.101907	
10.1016/j.virol.2022.03.011	
10.1016/j.virusres.2022.198973	
10.1016/j.xinn.2021.100195	
10.1016/j.ympev.2021.107380	
10.1016/j.ympev.2022.107388	
10.1016/j.ympev.2022.107389	
10.1016/j.ympev.2022.107390	http://manuscript.elsevier.com/S1055790322000033/pdf/S1055790322000033.pdf
10.1016/j.ympev.2022.107391	
10.1016/j.ympev.2022.107392	
10.1016/j.ympev.2022.107393	
10.1016/j.ympev.2022.107394	
10.1016/j.ympev.2022.107395	http://manuscript.elsevier.com/S1055790322000082/pdf/S1055790322000082.pdf
10.1016/j.ympev.2022.107396	
10.1016/j.ympev.2022.107397	
10.1016/j.ympev.2022.107398	
10.1016/j.ympev.2022.107399	
10.1016/j.ympev.2022.107400	https://www.biorxiv.org/content/biorxiv/early/2021/10/09/2021.10.09.460971.full.pdf
10.1016/j.ympev.2022.107401	
10.1016/j.ympev.2022.107402	
10.1016/j.ympev.2022.107403	
10.1016/j.ympev.2022.107404	
10.1016/j.ympev.2022.107405	
10.1016/j.ympev.2022.107406	
10.1016/j.ympev.2022.107407	
10.1016/j.ympev.2022.107408	http://manuscript.elsevier.com/S1055790322000215/pdf/S1055790322000215.pdf
10.1016/j.ympev.2022.107409	
10.1016/j.ympev.2022.107410	
10.1016/j.ympev.2022.107411	
10.1016/j.ympev.2022.107412	https://hal.sorbonne-universite.fr/hal-03545559/file/Lagourgue%20et%20al.%20-%202022%20-%20Historical%20biogeographical%20analysis%20of%20the%20Udoteac.pdf
10.1016/j.ympev.2022.107413	
10.1016/j.ympev.2022.107414	http://manuscript.elsevier.com/S1055790322000276/pdf/S1055790322000276.pdf
10.1016/j.ympev.2022.107415	
10.1016/j.ympev.2022.107416	
10.1016/j.ympev.2022.107417	
10.1016/j.ympev.2022.107425	
10.1016/j.ympev.2022.107426	
10.1016/j.ympev.2022.107427	
10.1016/j.ympev.2022.107428	
10.1016/j.ympev.2022.107429	https://research-information.bris.ac.uk/ws/files/314592138/1_s2.0_S1055790322000422_main.pdf
10.1016/j.ympev.2022.107430	https://shareok.org/bitstream/11244/336854/3/oksd_howard_peeling_back_the_layers_2020.pdf
10.1016/j.ympev.2022.107431	
10.1016/j.ympev.2022.107432	
10.1016/j.ympev.2022.107433	
10.1016/j.ympev.2022.107434	
10.1016/j.ympev.2022.107435	
10.1016/j.ympev.2022.107436	
10.1016/j.ympev.2022.107437	
10.1016/j.ympev.2022.107438	
10.1016/j.ympev.2022.107439	
10.1016/j.ympev.2022.107440	
10.1016/j.ympev.2022.107441	
10.1016/j.ympev.2022.107442	https://hal.archives-ouvertes.fr/hal-03869380/file/MPE-D-21-00287.pdf
10.1016/j.ympev.2022.107443	
10.1016/j.ympev.2022.107444	
10.1016/j.ympev.2022.107445	
10.1016/j.ympev.2022.107452	
10.1016/j.ympev.2022.107453	
10.1016/j.ympev.2022.107454	
10.1016/j.ympev.2022.107455	
10.1016/j.ympev.2022.107456	
10.1016/j.ympev.2022.107457	
10.1016/j.ympev.2022.107458	
10.1016/j.ympev.2022.107459	
10.1016/j.ympev.2022.107460	
10.1016/j.ympev.2022.107461	
10.1016/j.ympev.2022.107462	
10.1016/j.ympev.2022.107463	https://www.biorxiv.org/content/biorxiv/early/2021/11/13/2021.11.10.468114.full.pdf
10.1016/j.ympev.2022.107464	
10.1016/j.ympev.2022.107465	
10.1016/j.ympev.2022.107466	
10.1016/j.ympev.2022.107467	https://digital.csic.es/bitstream/10261/266186/1/Restringido.pdf
10.1016/j.ympev.2022.107468	https://oceanrep.geomar.de/id/eprint/56343/1/2021.11.17.469027v1.full.pdf
10.1016/j.ympev.2022.107469	https://pure.rug.nl/ws/files/215909457/88188923_7634176_Juszkiewicz_et_al_2022_Mol_Phyl_Evol.pdf
10.1016/j.ympev.2022.107470	
10.1016/j.ympev.2022.107479	
10.1016/j.ympev.2022.107480	http://addi.ehu.es/bitstream/10810/56684/1/1-s2.0-S1055790322000938-main.pdf
10.1016/j.ympev.2022.107481	
10.1016/j.ympev.2022.107482	
10.1016/j.ympev.2022.107483	https://digital.csic.es/bitstream/10261/280466/1/1-s2.0-S1055790322000963-main.pdf
10.1016/j.ympev.2022.107484	
10.1016/j.ympev.2022.107485	
10.1016/j.ympev.2022.107486	
10.1016/j.ympev.2022.107494	
10.1016/j.ympev.2022.107495	
10.1016/j.ympev.2022.107496	
10.1016/j.ympev.2022.107504	
10.1016/j.ympev.2022.107505	
10.1016/j.ympev.2022.107506	
10.1016/j.ympev.2022.107507	
10.1016/j.ympev.2022.107508	
10.1016/j.ympev.2022.107509	https://dipot.ulb.ac.be/dspace/bitstream/2013/345941/3/Silva_et_al_2022_Phylogeny_and_systematics_of_uakaris.pdf
10.1016/j.ympev.2022.107510	
10.1016/j.ympev.2022.107511	https://authors.library.caltech.edu/115334/1/1-s2.0-S1055790322001245-main.pdf
10.1016/j.ympev.2022.107512	
10.1016/j.ympev.2022.107513	
10.1016/j.ympev.2022.107514	
10.1016/j.ympev.2022.107515	https://zenodo.org/record/6416205/files/README_updated2.pdf
10.1016/j.ympev.2022.107516	
10.1016/j.ympev.2022.107517	
10.1016/j.ympev.2022.107518	
10.1016/j.ympev.2022.107519	
10.1016/j.ympev.2022.107520	https://www.biorxiv.org/content/biorxiv/early/2022/03/02/2021.12.09.472027.full.pdf
10.1016/j.ympev.2022.107521	
10.1016/j.ympev.2022.107522	
10.1016/j.ympev.2022.107523	
10.1016/j.ympev.2022.107524	https://digital.csic.es/bitstream/10261/272601/1/Miller_J_Recurrent.pdf
10.1016/j.ympev.2022.107525	
10.1016/j.ympev.2022.107526	
10.1016/j.ympev.2022.107527	
10.1016/j.ympev.2022.107530	
10.1016/j.ympev.2022.107589	
10.1016/S0932-4739(21)00083-3	
10.1016/S0932-4739(22)00009-8	
10.1016/S0932-4739(22)00022-0	
10.1016/S1055-7903(21)00318-3	
10.1016/S1055-7903(22)00062-8	
10.1016/S1055-7903(22)00087-2	
10.1016/S1055-7903(22)00103-8	
10.1016/S1055-7903(22)00113-0	
10.1016/S1383-5769(21)00219-1	
10.1016/S1383-5769(21)00222-1	
10.1016/S1383-5769(22)00010-1	
10.1016/S1383-5769(22)00035-6	
10.1016/S1383-5769(22)00066-6	
10.1016/S1434-4610(21)00049-3	
10.1016/S1434-4610(21)00059-6	
10.1016/S1434-4610(22)00007-4	
10.1016/S1434-4610(22)00010-4	
10.1016/S1434-4610(22)00019-0	
10.1016/S1434-4610(22)00036-0	
10.1017/jpa.2021.114	https://zaguan.unizar.es/record/118858/files/texto_completo.pdf
10.1017/jpa.2021.117	
10.1017/jpa.2021.118	
10.1017/jpa.2021.120	
10.1017/jpa.2021.121	
10.1017/jpa.2021.122	
10.1017/jpa.2021.123	https://digital.csic.es/bitstream/10261/278933/1/Cambrian%20Age%203%20small.pdf
10.1017/jpa.2021.124	
10.1017/jpa.2021.125	https://www.cambridge.org/core/services/aop-cambridge-core/content/view/C5B8339C4418AA94EC11FB036C96D876/S0022336021001256a.pdf/div-class-title-the-soft-bodied-biota-of-the-cambrian-series-2-parker-quarry-lagerstatte-of-northwestern-vermont-usa-div.pdf
10.1017/jpa.2021.133	https://www.cambridge.org/core/services/aop-cambridge-core/content/view/A129163828063C7F4D4F902EDC4EFB7C/S0022336021001335a.pdf/div-class-title-jpa-volume-95-s86-cover-and-front-matter-div.pdf
10.1017/jpa.2021.134	https://www.cambridge.org/core/services/aop-cambridge-core/content/view/A686EC2DF2B764B645D1E938EEC9684B/S0022336021001347a.pdf/div-class-title-jpa-volume-95-s86-cover-and-back-matter-div.pdf
10.1017/jpa.2021.2	https://www.cambridge.org/core/services/aop-cambridge-core/content/view/C776AFE85183499EA9FD8687D0F9D386/S0022336021000020a.pdf/div-class-title-the-carboniferous-conodont-span-class-italic-lochriea-commutata-span-branson-and-mehl-1941-the-type-species-of-span-class-italic-lochriea-span-scott-1942-nomenclatural-history-apparatus-composition-and-effects-on-span-class-italic-lochriea-span-species-div.pdf
10.1017/jpa.2022.1	
10.1017/jpa.2022.10	
10.1017/jpa.2022.11	https://zenodo.org/record/5851832/files/marrellomorph_supplementary_text_3.0.pdf
10.1017/jpa.2022.12	https://www.cambridge.org/core/services/aop-cambridge-core/content/view/904F4A5175D5E6A5A641116267945BA5/S0022336022000129a.pdf/div-class-title-a-new-bohaiornithid-like-bird-from-the-lower-cretaceous-of-china-fills-a-gap-in-enantiornithine-disparity-div.pdf
10.1017/jpa.2022.14	https://www.cambridge.org/core/services/aop-cambridge-core/content/view/04348207C71AFCA2C4A2362949BB47A9/S0022336022000142a.pdf/div-class-title-new-records-of-injured-cambrian-and-ordovician-trilobites-div.pdf
10.1017/jpa.2022.15	
10.1017/jpa.2022.16	
10.1017/jpa.2022.17	https://www.cambridge.org/core/services/aop-cambridge-core/content/view/4AC8CFA888D017604737B9B07C36B2C1/S0022336022000178a.pdf/div-class-title-jpa-volume-96-issue-2-cover-and-front-matter-div.pdf
10.1017/jpa.2022.18	https://www.cambridge.org/core/services/aop-cambridge-core/content/view/AFDF21A3C59895E4B60745D5EB69F7D5/S002233602200018Xa.pdf/div-class-title-rare-stromatoporoids-from-the-lower-devonian-emsian-of-nevada-and-their-biostratigraphic-and-paleobiogeographic-significance-div.pdf
10.1017/jpa.2022.19	
10.1017/jpa.2022.2	https://www.cambridge.org/core/services/aop-cambridge-core/content/view/CD6B76AADF67B0499A25AA382052D293/S0022336022000026a.pdf/div-class-title-jpa-volume-96-s87-cover-and-front-matter-div.pdf
10.1017/jpa.2022.20	
10.1017/jpa.2022.21	
10.1017/jpa.2022.22	https://www.cambridge.org/core/services/aop-cambridge-core/content/view/E3CF1858B0DD8A384C2BD36753672B1A/S0022336022000221a.pdf/div-class-title-the-ordovician-trilobite-span-class-italic-oenonella-span-and-the-new-family-oenonellidae-with-new-species-from-western-newfoundland-canada-div.pdf
10.1017/jpa.2022.23	https://www.cambridge.org/core/services/aop-cambridge-core/content/view/A670012A44DDC68FC098BB8C73368408/S0022336022000233a.pdf/div-class-title-morphology-and-paleobiology-of-the-late-cretaceous-large-sized-shark-span-class-italic-cretodus-crassidens-span-dixon-a-href-ref36-ref-type-bibr-1850-a-neoselachii-lamniformes-div.pdf
10.1017/jpa.2022.24	https://www.cambridge.org/core/services/aop-cambridge-core/content/view/9D92BDFEF614EB981FEC8F060AF6ADA4/S0022336022000245a.pdf/div-class-title-the-last-representatives-of-the-superfamily-wellerelloidea-brachiopoda-rhynchonellida-in-the-westernmost-tethys-iberian-paleomargins-prior-to-their-demise-in-the-early-toarcian-mass-extinction-event-div.pdf
10.1017/jpa.2022.25	
10.1017/jpa.2022.26	
10.1017/jpa.2022.27	
10.1017/jpa.2022.28	
10.1017/jpa.2022.29	
10.1017/jpa.2022.3	https://www.cambridge.org/core/services/aop-cambridge-core/content/view/33B1C9167B8271B0CBAD89FEA7C4DFF3/S0022336022000038a.pdf/div-class-title-jpa-volume-96-s87-cover-and-back-matter-div.pdf
10.1017/jpa.2022.30	https://www.cambridge.org/core/services/aop-cambridge-core/content/view/1DCAB5685FAFFED4BD702B3936B0957E/S0022336022000300a.pdf/div-class-title-a-new-titanopteran-span-class-italic-magnatitan-jongheoni-span-n-gen-n-sp-from-southwestern-korean-peninsula-div.pdf
10.1017/jpa.2022.31	https://www.cambridge.org/core/services/aop-cambridge-core/content/view/1ADF3EF3AF2E440D9E607D5D83562C4A/S0022336022000312a.pdf/div-class-title-paleontology-and-ichnology-of-the-late-ediacaran-nasep-huns-transition-nama-group-southern-namibia-div.pdf
10.1017/jpa.2022.32	https://www.cambridge.org/core/services/aop-cambridge-core/content/view/0069A0E746C6886AC1E7A0DB459AA942/S0022336022000324a.pdf/div-class-title-systematics-of-12-jurassic-cretaceous-and-paleogene-squat-lobster-taxa-galatheoidea-div.pdf
10.1017/jpa.2022.33	https://www.cambridge.org/core/services/aop-cambridge-core/content/view/60894D4A78537B267D9E1F0B25DFFE77/S0022336022000336a.pdf/div-class-title-a-possible-erect-coralline-alga-from-the-ediacaran-dengying-formation-in-the-zhenba-area-of-south-china-div.pdf
10.1017/jpa.2022.34	
10.1017/jpa.2022.35	https://www.cambridge.org/core/services/aop-cambridge-core/content/view/DE97BBA0C9DEDEDD54C1A8B09A4F5A3A/S002233602200035Xa.pdf/div-class-title-cambrian-stage-4-to-wuliuan-brachiopods-from-sonora-mexico-div.pdf
10.1017/jpa.2022.36	
10.1017/jpa.2022.37	
10.1017/jpa.2022.38	
10.1017/jpa.2022.4	
10.1017/jpa.2022.40	https://www.cambridge.org/core/services/aop-cambridge-core/content/view/62BA3AFC958D5418078A2D08886490C0/S0022336022000403a.pdf/div-class-title-jpa-volume-96-issue-3-cover-and-front-matter-div.pdf
10.1017/jpa.2022.41	
10.1017/jpa.2022.42	https://www.cambridge.org/core/services/aop-cambridge-core/content/view/57AA79F8F105D741DC6CBEE42BDA7F9A/S0022336022000427a.pdf/div-class-title-a-partial-tyrannosauroid-femur-from-the-mid-cretaceous-wayan-formation-of-eastern-idaho-usa-div.pdf
10.1017/jpa.2022.44	
10.1017/jpa.2022.45	
10.1017/jpa.2022.46	https://www.cambridge.org/core/services/aop-cambridge-core/content/view/DDA3CF752FB1D82DCB409F114C2547D1/S0022336022000464a.pdf/div-class-title-the-first-canid-from-the-gray-fossil-site-in-tennessee-new-perspective-on-the-distribution-and-ecology-of-span-class-italic-borophagus-span-div.pdf
10.1017/jpa.2022.47	
10.1017/jpa.2022.48	
10.1017/jpa.2022.5	https://www.cambridge.org/core/services/aop-cambridge-core/content/view/886395FE1283453DF1B2735C2DF1145F/S0022336022000051a.pdf/div-class-title-octocorals-alcyonacea-and-pennatulacea-from-paleogene-deep-water-strata-in-western-washington-state-usa-div.pdf
10.1017/jpa.2022.53	
10.1017/jpa.2022.54	
10.1017/jpa.2022.56	
10.1017/jpa.2022.57	
10.1017/jpa.2022.58	
10.1017/jpa.2022.6	
10.1017/jpa.2022.60	https://www.cambridge.org/core/services/aop-cambridge-core/content/view/9D7EEAF08C5BFD31A847C881F3E506BD/S0022336022000609a.pdf/div-class-title-jpa-volume-96-issue-4-cover-and-front-matter-div.pdf
10.1017/jpa.2022.61	https://www.cambridge.org/core/services/aop-cambridge-core/content/view/8F0F903EEA3891544701D0884A429A35/S0022336022000610a.pdf/div-class-title-presentation-of-the-2021-schuchert-award-of-the-paleontological-society-to-melanie-jane-hopkins-div.pdf
10.1017/jpa.2022.62	https://www.cambridge.org/core/services/aop-cambridge-core/content/view/599E3A0F95A0B08D86797D556E89BEA2/S0022336022000622a.pdf/div-class-title-response-by-melanie-hopkins-for-the-presentation-of-the-2021-schuchert-award-of-the-paleontological-society-div.pdf
10.1017/jpa.2022.63	https://www.cambridge.org/core/services/aop-cambridge-core/content/view/02CD8F138938E06C6C2F7B73ECA4D83C/S0022336022000634a.pdf/div-class-title-presentation-of-the-2021-harrell-l-strimple-award-of-the-paleontological-society-to-daniel-phelps-div.pdf
10.1017/jpa.2022.64	https://www.cambridge.org/core/services/aop-cambridge-core/content/view/E798BDD12D2286D43CCA7FFF393A550A/S0022336022000646a.pdf/div-class-title-response-by-daniel-phelps-for-the-presentation-of-the-2021-strimple-award-of-the-paleontological-society-div.pdf
10.1017/jpa.2022.65	https://www.cambridge.org/core/services/aop-cambridge-core/content/view/1A2B8CD3719C1459710D9C624CAEA78C/S0022336022000658a.pdf/div-class-title-presentation-of-the-2021-paleontological-society-medal-to-scott-l-wing-div.pdf
10.1017/jpa.2022.66	https://www.cambridge.org/core/services/aop-cambridge-core/content/view/3EF0337DAE1F7E290CD1950B6023E90C/S002233602200066Xa.pdf/div-class-title-response-by-scott-l-wing-for-the-presentation-of-the-2021-paleontological-society-medal-div.pdf
10.1017/jpa.2022.68	
10.1017/jpa.2022.69	
10.1017/jpa.2022.75	https://www.cambridge.org/core/services/aop-cambridge-core/content/view/CF7D9C93F36A92F0437B791B44C641A1/S0022336022000750a.pdf/div-class-title-jpa-volume-96-issue-5-cover-and-front-matter-div.pdf
10.1017/jpa.2022.8	
10.1017/jpa.2022.9	
10.1017/jpa.2022.92	https://www.cambridge.org/core/services/aop-cambridge-core/content/view/33DF8B5ECED319B86E9E146D6BAB6B53/S0022336022000920a.pdf/div-class-title-jpa-volume-96-issue-6-cover-and-front-matter-div.pdf
10.1017/S0022149X22000189	
10.1017/S0022149X22000232	
10.1017/S0022149X22000372	
10.1017/S0022149X22000426	https://www.cambridge.org/core/services/aop-cambridge-core/content/view/06E66DE3CEA5C40B9D5DFBCC0F34F665/S0022149X22000426a.pdf/div-class-title-span-class-italic-steinernema-populi-span-n-sp-panagrolaimomorpha-steinernematidae-a-new-entomopathogenic-nematode-species-from-china-div.pdf
10.1017/S0022149X22000657	
10.1017/S0022149X22000670	
10.1017/S0024282921000499	
10.1017/S0024282922000020	
10.1017/S0024282922000081	
10.1017/S0024282922000123	https://www.cambridge.org/core/services/aop-cambridge-core/content/view/5F89C48F736863C9ECBB1BFFA91789A5/S0024282922000123a.pdf/div-class-title-long-sigmoid-and-twisted-ascospores-in-the-genus-span-class-italic-harpidium-h-longisporum-span-sp-nov-a-synopsis-of-the-genus-and-a-key-to-the-species-div.pdf
10.1017/S0024282922000275	
10.1017/S0025315421000862	https://www.cambridge.org/core/services/aop-cambridge-core/content/view/0FDEB295BC29AC40087E31BFA8A0EFA4/S0025315421000862a.pdf/div-class-title-span-class-italic-lacydonia-shohoensis-span-annelida-lacydoniidae-sp-nov-a-new-lacydonid-species-from-deep-sea-sunken-wood-discovered-at-the-nishi-shichito-ridge-north-western-pacific-ocean-div.pdf
10.1017/s0025315422000169	
10.1017/s0025315422000650	
10.1017/S0025315422000753	
10.1017/S0031182022000208	
10.1021/acs.accounts.2c00444	
10.1021/acs.analchem.2c02666	http://arxiv.org/pdf/2111.06268
10.1021/acs.jnatprod.1c01179	https://ruc.udc.es/dspace/bitstream/2183/31043/3/Jimenez_Carlos_2022_Enigmazole_C_cytotoxic_macrocyclic_lactone_ring-opened_derivatives.pdf
10.1021/jacs.2c02098	
10.1038/s41429-022-00525-7	
10.1038/s41429-022-00568-w	
10.1038/s41429-022-00589-5	
10.1038/s41467-022-28065-6	https://www.nature.com/articles/s41467-022-28065-6.pdf
10.1038/s41467-022-28402-9	https://www.nature.com/articles/s41467-022-28402-9.pdf
10.1038/s41559-022-01698-y	
10.1038/s41564-022-01167-z	https://nrl.northumbria.ac.uk/id/eprint/50049/1/Nature%20Micro%20Rahi%20response%20final%20edited%20version.pdf
10.1038/s41598-021-03573-5	https://www.nature.com/articles/s41598-021-03573-5.pdf
10.1038/s41598-022-06836-x	https://www.nature.com/articles/s41598-022-06836-x.pdf
10.1038/s41598-022-09121-z	https://www.nature.com/articles/s41598-022-09121-z.pdf
10.1038/s41598-022-10047-9	https://www.nature.com/articles/s41598-022-10047-9.pdf
10.1038/s41598-022-10486-4	https://www.nature.com/articles/s41598-022-10486-4.pdf
10.1038/s41598-022-11063-5	https://www.nature.com/articles/s41598-022-11063-5.pdf
10.1038/s41598-022-16116-3	https://www.nature.com/articles/s41598-022-16116-3.pdf
10.1038/s41598-022-19183-8	https://www.nature.com/articles/s41598-022-19183-8.pdf
10.1038/s41598-022-22784-y	https://www.nature.com/articles/s41598-022-22784-y.pdf
10.1038/s41598-022-24844-9	https://www.nature.com/articles/s41598-022-24844-9.pdf
10.1038/s41598-022-25223-0	https://www.nature.com/articles/s41598-022-25223-0.pdf
10.1038/s41598-022-25873-0	https://www.nature.com/articles/s41598-022-25873-0.pdf
10.1038/s42003-021-02971-9	https://www.nature.com/articles/s42003-021-02971-9.pdf
10.1038/s42003-022-03685-2	https://www.nature.com/articles/s42003-022-03685-2.pdf
10.1038/s42003-022-04371-z	https://www.nature.com/articles/s42003-022-04371-z.pdf
10.1038/s43705-022-00201-9	https://www.nature.com/articles/s43705-022-00201-9.pdf
10.1039/d2dt01947g	
10.1051/parasite/2021072	https://www.parasite-journal.org/articles/parasite/pdf/2021/01/parasite210126.pdf
10.1051/parasite/2022035	https://www.parasite-journal.org/articles/parasite/pdf/2022/01/parasite210178.pdf
10.1071/IS21002	
10.1071/IS21011	
10.1071/IS21013	
10.1071/IS21015	
10.1071/IS21019	
10.1071/IS21022	
10.1071/IS21026	
10.1071/IS21028	
10.1071/IS21038	https://www.publish.csiro.au/is/pdf/IS21038
10.1071/IS21040	
10.1071/IS21041	https://www.publish.csiro.au/is/pdf/IS21041
10.1071/IS21044	
10.1071/IS21047	
10.1071/IS21053	
10.1071/IS21054	
10.1071/IS21056	
10.1071/IS21057	
10.1071/IS21058	
10.1071/IS21061	
10.1071/IS21062	
10.1071/IS21066	
10.1071/IS21067	
10.1071/IS21068	
10.1071/IS21071	
10.1071/IS21073	https://www.publish.csiro.au/is/pdf/IS21073
10.1071/IS21075	https://www.publish.csiro.au/is/pdf/IS21075
10.1071/IS21076	https://www.publish.csiro.au/is/pdf/IS21076
10.1071/IS21080	
10.1071/IS21081	
10.1071/IS21082	
10.1071/IS21084	
10.1071/IS22007	
10.1071/IS22008	
10.1071/IS22011	
10.1071/IS22013	https://digital.csic.es/bitstream/10261/280688/1/Restringido.pdf
10.1071/IS22018	
10.1071/IS22020	
10.1071/IS22026	
10.1071/IS22028	
10.1071/IS22031	
10.1071/IS22035	https://www.publish.csiro.au/is/pdf/IS22035
10.1071/IS22042	
10.1071/IS22043	https://www.publish.csiro.au/is/pdf/IS22043
10.1080/00222933.2022.2046886	
10.1080/00222933.2022.2118642	
10.1080/00222933.2022.2124892	
10.1080/00222933.2022.2134059	
10.1080/00275514.2021.1994815	https://www.tandfonline.com/doi/pdf/10.1080/00275514.2021.1994815?needAccess=true
10.1080/00275514.2021.2005985	
10.1080/00275514.2021.2006995	
10.1080/00275514.2021.2008765	https://www.tandfonline.com/doi/pdf/10.1080/00275514.2021.2008765?needAccess=true
10.1080/00275514.2021.2012063	
10.1080/00275514.2021.2018881	
10.1080/00275514.2021.2018889	https://figshare.com/ndownloader/files/34019037
10.1080/00275514.2021.2019547	
10.1080/00275514.2021.2024407	
10.1080/00275514.2021.2024422	
10.1080/00275514.2022.2025563	
10.1080/00275514.2022.2030081	
10.1080/00275514.2022.2031493	
10.1080/00275514.2022.2031780	
10.1080/00275514.2022.2035148	
10.1080/00275514.2022.2035156	
10.1080/00275514.2022.2037307	
10.1080/00275514.2022.2037338	https://figshare.com/ndownloader/files/34943691
10.1080/00275514.2022.2037339	http://uu.diva-portal.org/smash/get/diva2:1694111/FULLTEXT01
10.1080/00275514.2022.2039487	
10.1080/00275514.2022.2040285	https://figshare.com/ndownloader/files/35158327
10.1080/00275514.2022.2045116	https://www.tandfonline.com/doi/pdf/10.1080/00275514.2022.2045116?needAccess=true
10.1080/00275514.2022.2048625	
10.1080/00275514.2022.2050127	
10.1080/00275514.2022.2051972	
10.1080/00275514.2022.2051986	
10.1080/00275514.2022.2058853	
10.1080/00275514.2022.2058854	
10.1080/00275514.2022.2059639	https://figshare.com/ndownloader/files/35877815
10.1080/00275514.2022.2060007	
10.1080/00275514.2022.2060008	
10.1080/00275514.2022.2064170	
10.1080/00275514.2022.2065441	
10.1080/00275514.2022.2065443	http://real.mtak.hu/150736/1/mycologia-S-21-00201.pdf
10.1080/00275514.2022.2065781	
10.1080/00275514.2022.2068114	
10.1080/00275514.2022.2070389	https://www.tandfonline.com/doi/pdf/10.1080/00275514.2022.2070389?needAccess=true
10.1080/00275514.2022.2071119	
10.1080/00275514.2022.2071563	https://figshare.com/ndownloader/files/35820477
10.1080/00275514.2022.2072140	https://www.tandfonline.com/doi/pdf/10.1080/00275514.2022.2072140?needAccess=true
10.1080/00275514.2022.2072148	
10.1080/00275514.2022.2079368	
10.1080/00275514.2022.2084672	
10.1080/00275514.2022.2090219	
10.1080/00275514.2022.2092365	
10.1080/00275514.2022.2094046	
10.1080/00275514.2022.2094116	
10.1080/00275514.2022.2096822	
10.1080/00275514.2022.2108977	https://www.tandfonline.com/doi/pdf/10.1080/00275514.2022.2108977?needAccess=true
10.1080/00275514.2022.2109914	
10.1080/00275514.2022.2111052	
10.1080/00275514.2022.2115284	
10.1080/00275514.2022.2115419	https://figshare.com/ndownloader/files/37842154
10.1080/00275514.2022.2115420	
10.1080/00275514.2022.2118512	
10.1080/00275514.2022.2119761	https://figshare.com/ndownloader/files/38357243
10.1080/00275514.2022.2125712	
10.1080/00275514.2022.2132088	https://www.tandfonline.com/doi/pdf/10.1080/00275514.2022.2132088?needAccess=true
10.1080/00275514.2022.2133526	
10.1080/00275514.2022.2135915	
10.1080/00275514.2022.2139144	
10.1080/00275514.2022.2141558	
10.1080/00275514.2022.2146473	
10.1080/00275514.2022.2146978	
10.1080/0028825X.2022.2064758	https://figshare.com/articles/journal_contribution/A_new_red_algal_crust_from_New_Zealand_Apophlaea_darchinoae_sp_nov_Hildenbrandiales_/21158836/1/files/37515394.pdf
10.1080/0028825X.2022.2107939	
10.1080/00305316.2021.2022546	
10.1080/00305316.2021.2023056	
10.1080/00305316.2021.2023679	
10.1080/00305316.2021.2023680	
10.1080/00305316.2021.2024464	
10.1080/00305316.2021.2024465	
10.1080/00305316.2022.2027828	
10.1080/00305316.2022.2030290	
10.1080/00305316.2022.2033335	
10.1080/00305316.2022.2036259	
10.1080/00305316.2022.2123056	
10.1080/00318884.2021.2005330	
10.1080/00318884.2021.2006589	https://www.tandfonline.com/doi/pdf/10.1080/00318884.2021.2006589?needAccess=true
10.1080/00318884.2022.2025727	
10.1080/00318884.2022.2031781	
10.1080/00318884.2022.2033948	
10.1080/00318884.2022.2034364	
10.1080/00318884.2022.2035169	
10.1080/00318884.2022.2045080	
10.1080/00318884.2022.2046933	
10.1080/00318884.2022.2054252	
10.1080/00318884.2022.2062189	
10.1080/00318884.2022.2073422	

Notice: Trying to get property 'is_oa' of non-object in /Users/rpage/Sites/biorss/tables/doi-to-pdf.php on line 36
10.1080/00318884.2022.2080996	
10.1080/00318884.2022.2086428	
10.1080/00318884.2022.2093540	
10.1080/00318884.2022.2117932	
10.1080/00318884.2022.2133269	
10.1080/00318884.2022.2140548	
10.1080/00318884.2022.2142430	
10.1080/00379271.2021.2016484	
10.1080/00379271.2022.2027270	
10.1080/00379271.2022.2029562	
10.1080/00379271.2022.2033641	
10.1080/00379271.2022.2036639	
10.1080/00379271.2022.2037461	https://hal.archives-ouvertes.fr/hal-03619508/file/First%20insights%20on%20the%20diversity%20of%20the%20genus%20Psychoda%20in%20Corsica%20-%20HAL.pdf
10.1080/00379271.2022.2042853	https://www.tandfonline.com/doi/pdf/10.1080/00379271.2022.2042853?needAccess=true
10.1080/00379271.2022.2049457	
10.1080/00379271.2022.2050470	
10.1080/00379271.2022.2054468	
10.1080/00379271.2022.2060859	
10.1080/00379271.2022.2062446	
10.1080/00379271.2022.2066018	
10.1080/00379271.2022.2067076	
10.1080/00379271.2022.2077832	
10.1080/00379271.2022.2081606	
10.1080/00379271.2022.2084641	
10.1080/00379271.2022.2085627	
10.1080/00379271.2022.2089233	
10.1080/00379271.2022.2099972	
10.1080/00379271.2022.2100480	
10.1080/00379271.2022.2101526	
10.1080/00379271.2022.2110515	
10.1080/00379271.2022.2113341	https://figshare.com/ndownloader/files/37842432
10.1080/00379271.2022.2120536	
10.1080/00379271.2022.2124191	
10.1080/00379271.2022.2125071	
10.1080/00379271.2022.2129450	
10.1080/00379271.2022.2130505	
10.1080/00379271.2022.2137059	
10.1080/00379271.2022.2142158	
10.1080/00379271.2022.2147864	
10.1080/01647954.2021.2022758	
10.1080/01647954.2022.2033319	
10.1080/01647954.2022.2042382	
10.1080/01647954.2022.2049365	
10.1080/01647954.2022.2055642	
10.1080/01647954.2022.2056244	
10.1080/01647954.2022.2056245	
10.1080/01647954.2022.2062049	
10.1080/01647954.2022.2130424	
10.1080/01647954.2022.2134451	
10.1080/01650424.2022.2050261	
10.1080/01650424.2022.2056202	
10.1080/01650521.2021.2021013	
10.1080/01650521.2021.2024054	https://figshare.com/ndownloader/files/33968342
10.1080/01650521.2021.2024055	https://figshare.com/ndownloader/files/33959275
10.1080/01650521.2022.2035119	
10.1080/01650521.2022.2041322	
10.1080/01650521.2022.2045784	
10.1080/01650521.2022.2046962	
10.1080/01650521.2022.2052685	
10.1080/01650521.2022.2053459	
10.1080/01650521.2022.2057159	
10.1080/01650521.2022.2060544	
10.1080/01650521.2022.2062184	
10.1080/01650521.2022.2065738	
10.1080/01650521.2022.2068223	
10.1080/01650521.2022.2070097	
10.1080/01650521.2022.2076964	
10.1080/01650521.2022.2076983	
10.1080/01650521.2022.2081466	
10.1080/01650521.2022.2085018	
10.1080/01650521.2022.2085071	
10.1080/01650521.2022.2095832	
10.1080/01650521.2022.2099679	https://www.tandfonline.com/doi/pdf/10.1080/01650521.2022.2099679?needAccess=true
10.1080/01650521.2022.2099694	https://figshare.com/articles/journal_contribution/Ocelot_occupancy_in_fragmented_areas_of_the_Brazilian_Cerrado_and_Atlantic_Forest/20367248/1/files/36406931.pdf
10.1080/01650521.2022.2101351	
10.1080/01650521.2022.2111991	
10.1080/01650521.2022.2113853	
10.1080/01650521.2022.2117530	https://figshare.com/articles/journal_contribution/Small_scale_changes_in_spider_diversity_and_composition_between_two_close_elevations_in_a_Neotropical_forest/21344357/1/files/37884629.pdf
10.1080/01650521.2022.2129020	
10.1080/01650521.2022.2129336	
10.1080/01650521.2022.2133410	
10.1080/01650521.2022.2133591	
10.1080/01650521.2022.2147045	https://figshare.com/articles/journal_contribution/The_importance_of_legal_reserve_for_predator_social_wasp_diversity_in_an_agroecosystem_in_the_Brazilian_Cerrado/21731282/1/files/38558234.pdf
10.1080/01650521.2022.2147046	https://figshare.com/articles/journal_contribution/The_overlooked_underground_diversity_physical_and_chemical_edaphic_structure_predict_morphological_variation_in_South_American_amphisbaenians_Squamata_Amphisbaenidae_/21590164/1/files/38266798.pdf
10.1080/01650521.2022.2147435	
10.1080/0269249X.2021.2010808	
10.1080/0269249X.2022.2033327	https://hal.archives-ouvertes.fr/hal-03667307/file/article-DR-Beauger-et-al-2022%20Fontina%20HAL.pdf
10.1080/0269249X.2022.2078427	
10.1080/0269249X.2022.2118834	
10.1080/0269249X.2022.2130993	
10.1080/03115518.2021.2012595	
10.1080/03115518.2022.2126008	
10.1080/03115518.2022.2126009	
10.1080/03736687.2022.2041799	
10.1080/03736687.2022.2078084	
10.1080/08912963.2021.2014482	
10.1080/08912963.2021.2018686	
10.1080/08912963.2021.2023138	
10.1080/08912963.2021.2025364	
10.1080/08912963.2022.2032690	
10.1080/08912963.2022.2060099	https://www.tandfonline.com/doi/pdf/10.1080/08912963.2022.2060099?needAccess=true
10.1080/08912963.2022.2067757	
10.1080/08912963.2022.2089982	
10.1080/08912963.2022.2109966	
10.1080/08912963.2022.2117039	
10.1080/08912963.2022.2117040	
10.1080/08912963.2022.2130794	
10.1080/08912963.2022.2134782	
10.1080/08912963.2022.2134783	https://figshare.com/ndownloader/files/38247246
10.1080/08912963.2022.2142913	
10.1080/08912963.2022.2157275	
10.1080/09397140.2021.2021654	
10.1080/09397140.2021.2021655	https://figshare.com/articles/journal_contribution/Seasonal_and_ontogenic_variation_in_the_trophic_spectrum_of_Anatolian_water_frogs_i_Pelophylax_ridibundus_i_group_in_the_Eastern_Mediterranean_Amphibia_Anura_/18004947/1/files/32728803.pdf
10.1080/09397140.2021.2021657	https://figshare.com/articles/journal_contribution/Wintering_phenology_and_site_fidelity_of_European_Robins_i_Erithacus_rubecula_i_in_an_eastern_Mediterranean_wintering_area_Aves_Passeriformes_/18006124/1/files/32730208.pdf
10.1080/09397140.2021.2021659	https://figshare.com/articles/journal_contribution/Genetic_variation_and_cytological_diversity_in_the_Urar_Brush-tailed_Mouse_i_Calomyscus_urartensis_i_Vorontsov_Kartavseva_1979_Mammalia_Rodentia_in_Lesser_Caucasia/18006117/1/files/32730201.pdf
10.1080/09397140.2022.2030525	https://figshare.com/articles/journal_contribution/_i_Turkocranum_i_gen_n_a_new_genus_of_Liocranidae_Arachnida_Araneae_from_Turkey/19069411/1/files/33893881.pdf
10.1080/09397140.2022.2030527	
10.1080/09397140.2022.2030528	
10.1080/09397140.2022.2030531	https://figshare.com/articles/journal_contribution/Morphological_analysis_and_DNA_barcoding_confirm_presence_of_Sickle_Pomfret_i_Taractichthys_steindachneri_i_D_derlein_1883_Teleostei_Bramidae_in_the_Gulf_of_Oman/19083572/1/files/33912953.pdf
10.1080/09397140.2022.2030533	
10.1080/09397140.2022.2034305	
10.1080/09397140.2022.2034306	
10.1080/09397140.2022.2034307	
10.1080/09397140.2022.2051915	
10.1080/09397140.2022.2051916	https://figshare.com/articles/journal_contribution/Fisheries_bycatch_and_conservation_priorities_of_young_sharks_Chondrichthyes_Elasmobranchii_in_the_Eastern_Mediterranean/19342682/1/files/34350359.pdf
10.1080/09397140.2022.2051917	https://figshare.com/articles/journal_contribution/Genetic_diversity_of_the_Caucasian_Parsley_Frog_i_Pelodytes_caucasicus_i_Anura_Pelodytidae_/19342681/1/files/34350358.pdf
10.1080/09397140.2022.2051918	
10.1080/09397140.2022.2058192	
10.1080/09397140.2022.2058193	https://figshare.com/articles/journal_contribution/Phylogeographic_structure_of_the_Persian_Squirrel_i_Sciurus_anomalus_i_G_ldenst_dt_1785_Mammalia_Rodentia_in_the_Anatolian_Peninsula_based_on_mitochondrial_DNA_sequences_implications_for_metapopulation/19589696/1/files/34796747.pdf
10.1080/09397140.2022.2058196	https://figshare.com/articles/journal_contribution/First_record_of_the_colubrid_snake_i_Platyceps_ventromaculatus_i_Reptilia_Colubridae_for_Afghanistan/19589698/1/files/34796749.pdf
10.1080/09397140.2022.2073683	https://figshare.com/articles/journal_contribution/The_potential_of_remotely-sensed_data_to_identify_suitable_sites_for_the_reintroduction_of_Arabian_Oryx_i_Oryx_leucoryx_i_/19721774/1/files/35024588.pdf
10.1080/09397140.2022.2073685	
10.1080/09397140.2022.2073687	https://figshare.com/articles/journal_contribution/New_species_of_robber_fly_of_the_genus_i_Andrenosoma_i_Rondani_1856_Diptera_Asilidae_from_Iran/20238836/1/files/36173531.pdf
10.1080/09397140.2022.2073690	
10.1080/09397140.2022.2073693	
10.1080/09397140.2022.2077560	
10.1080/09397140.2022.2077564	https://figshare.com/articles/journal_contribution/Connecting_protected_areas_in_the_North_Mesopotamian_steppes_can_this_ensure_the_survival_of_the_Arabian_Sand_Gazelle_i_Gazella_marica_i_/20012483/1/files/35647853.pdf
10.1080/09397140.2022.2077565	
10.1080/09397140.2022.2109814	
10.1080/09397140.2022.2109815	
10.1080/09397140.2022.2109816	https://figshare.com/articles/journal_contribution/The_genus_i_Neurigona_i_R_ndani_1856_of_Iran_with_the_description_of_a_new_species_from_the_Hyrcanian_Mixed_Forests_biome_Diptera_Dolichopodidae_/20625842/1/files/36827126.pdf
10.1080/09397140.2022.2109818	https://figshare.com/articles/journal_contribution/Which_is_a_stronger_predictor_of_the_abundance_of_Dorcas_Gazelle_i_Gazella_dorcas_i_in_the_Eastern_desert_of_Egypt_human_or_natural_factors_/20508785/1/files/36711149.pdf
10.1080/09397140.2022.2109820	https://figshare.com/articles/journal_contribution/Orca_i_Orcinus_orca_i_observations_in_the_Arabian_Persian_Gulf/21540353/1/files/38179253.pdf
10.1080/09397140.2022.2109827	
10.1080/09397140.2022.2116170	
10.1080/09397140.2022.2116171	https://figshare.com/articles/journal_contribution/_i_Dursogammarus_dromaderus_i_gen_et_sp_nov_a_new_Ponto-Caspian_gammarid_Amphipoda_Gammaridae_from_the_coastal_pebble_habitats_of_the_foothills_of_the_Caucasus/20626067/1/files/36827537.pdf
10.1080/09397140.2022.2121082	
10.1080/09397140.2022.2121083	
10.1080/09397140.2022.2121084	
10.1080/09397140.2022.2121085	https://figshare.com/articles/journal_contribution/Sex_ratio_estimation_for_Green_Turtle_i_Chelonia_mydas_i_hatchlings_at_Akyatan_Beach_Turkey/21088640/1/files/37427222.pdf
10.1080/09397140.2022.2145793	
10.1080/09397140.2022.2145796	https://figshare.com/articles/journal_contribution/Poorly_studied_Black-headed_Penduline_Tit_i_Remiz_macronyx_i_recorded_for_the_first_time_in_Turkey_Aves_Remizidae_/21550403/1/files/38199923.pdf
10.1080/09397140.2022.2145798	
10.1080/09397140.2022.2145801	
10.1080/09397140.2022.2145802	https://figshare.com/articles/journal_contribution/Contributions_of_citizen_scientists_to_monitoring_alien_species_the_case_study_on_Giant_Asian_Mantes_i_Hierodula_tenuidentata_i_and_i_H_patellifera_i_Mantodea_Mantidae_/21629892/1/files/38345052.pdf
10.1080/09397140.2022.2145803	
10.1080/09583157.2022.2035680	
10.1080/09670262.2022.2027023	https://figshare.com/ndownloader/files/34121372
10.1080/09670262.2022.2029950	
10.1080/09670262.2022.2042603	https://figshare.com/ndownloader/files/34532048
10.1080/09670262.2022.2116750	https://figshare.com/ndownloader/files/38225294
10.1080/11263504.2022.2100503	
10.1080/11263504.2022.2100504	
10.1080/12298093.2022.2058164	
10.1080/13235818.2022.2035889	
10.1080/13235818.2022.2102887	https://figshare.com/ndownloader/files/37562592
10.1080/13235818.2022.2110643	
10.1080/13235818.2022.2151070	
10.1080/14772000.2021.2012296	
10.1080/14772000.2021.2014597	
10.1080/14772000.2022.2030424	
10.1080/14772000.2022.2030425	https://figshare.com/articles/journal_contribution/Phylogenetics_of_i_Serjania_i_Sapindaceae-Paullinieae_with_emphasis_on_fruit_evolution_and_the_description_of_a_new_species_from_Michoac_n_Mexico/19368099/2/files/34398021.pdf
10.1080/14772000.2022.2039317	
10.1080/14772000.2022.2039318	
10.1080/14772000.2022.2046199	
10.1080/14772000.2022.2116124	
10.1080/14772000.2022.2118389	
10.1080/14772000.2022.2135630	
10.1080/14772019.2022.2109216	
10.1080/17451000.2022.2043553	https://www.tandfonline.com/doi/pdf/10.1080/17451000.2022.2043553?needAccess=true
10.1080/17451000.2022.2046279	
10.1080/17451000.2022.2048669	
10.1080/21505594.2022.2026037	https://www.tandfonline.com/doi/pdf/10.1080/21505594.2022.2026037?needAccess=true
10.1080/21564574.2021.1998233	
10.1080/21564574.2021.1998234	
10.1080/21564574.2021.1998235	
10.1080/21564574.2021.1998236	https://figshare.com/articles/journal_contribution/Convergence_and_vicariance_speciation_of_chameleons_in_the_Cape_Fold_Mountains_South_Africa_and_the_description_of_three_new_species_of_i_Bradypodion_i_Fitzinger_1843/19298718/1/files/34273890.pdf
10.1080/21564574.2021.2014989	
10.1080/21564574.2021.2019838	https://figshare.com/articles/journal_contribution/Mistaken_identity_challenges_with_specimen_identification_for_morphologically_conservative_skinks_i_Trachylepis_i_leads_to_taxonomic_error/19097117/1/files/33937220.pdf
10.1080/21564574.2021.2019839	
10.1080/21564574.2022.2036825	
10.1080/21564574.2022.2043945	
10.1080/21564574.2022.2055652	
10.1080/21564574.2022.2055653	
10.1080/21564574.2022.2062459	
10.1080/21564574.2022.2098392	https://figshare.com/articles/journal_contribution/Is_it_like_night_and_day_Nocturnal_versus_diurnal_perch_use_by_dwarf_chameleons_i_Bradypodion_pumilum_i_/20859894/1/files/37122180.pdf
10.1080/21564574.2022.2098393	https://figshare.com/articles/journal_contribution/Thermal_physiology_of_Tropical_House_Geckos_i_Hemidactylus_mabouia_i_in_a_cool_temperate_region_of_South_Africa_/20509027/1/files/36711838.pdf
10.1080/21564574.2022.2115154	
10.1080/23818107.2022.2062445	
10.1080/23818107.2022.2095671	
10.1080/23818107.2022.2124452	
10.1080/23818107.2022.2156601	
10.1080/24750263.2022.2032849	https://www.tandfonline.com/doi/pdf/10.1080/24750263.2022.2032849?needAccess=true
10.1080/24750263.2022.2034998	
10.1080/24750263.2022.2107242	
10.1080/26895293.2022.2114551	
10.1086/719160	
10.1086/720386	
10.1086/721261	
10.1086/721263	
10.1089/scd.2021.0253	
10.1093/aob/mcac001	
10.1093/bib/bbac096	
10.1093/botlinnean/boac041	https://archive-ouverte.unige.ch/unige:165951/ATTACHMENT01
10.1093/femsec/fiac113	
10.1093/femsle/fnac066	
10.1093/femsle/fnac074	
10.1093/femsle/fnac086	
10.1093/femsle/fnac099	
10.1093/femsle/fnac112	
10.1093/femsle/fnac119	
10.1093/isd/ixab022	https://academic.oup.com/isd/article-pdf/6/1/8/42268840/ixab022.pdf
10.1093/isd/ixab023	https://academic.oup.com/isd/article-pdf/6/1/9/42268848/ixab023.pdf
10.1093/isd/ixab025	https://academic.oup.com/isd/article-pdf/6/1/4/43927081/ixab025.pdf
10.1093/isd/ixab026	https://academic.oup.com/isd/article-pdf/6/1/5/42268871/ixab026.pdf
10.1093/isd/ixab027	https://academic.oup.com/isd/article-pdf/6/1/10/42268862/ixab027.pdf
10.1093/isd/ixab028	https://academic.oup.com/isd/article-pdf/6/1/2/42090337/ixab028.pdf
10.1093/isd/ixab029	https://academic.oup.com/isd/article-pdf/6/1/11/42268890/ixab029.pdf
10.1093/isd/ixab030	
10.1093/isd/ixab031	https://academic.oup.com/isd/article-pdf/6/1/6/42268918/ixab031.pdf
10.1093/isd/ixab032	
10.1093/isd/ixac001	https://academic.oup.com/isd/article-pdf/6/1/8/42536333/ixac001.pdf
10.1093/isd/ixac002	https://academic.oup.com/isd/article-pdf/6/2/2/43023831/ixac002.pdf
10.1093/isd/ixac003	
10.1093/isd/ixac004	https://digital.csic.es/bitstream/10261/279348/1/Integrative_taxonomy_reveals_a_new_melitaea.pdf
10.1093/isd/ixac005	https://academic.oup.com/isd/article-pdf/6/2/4/43350609/ixac005.pdf
10.1093/isd/ixac008	https://academic.oup.com/isd/article-pdf/6/3/1/43615473/ixac008.pdf
10.1093/isd/ixac009	https://academic.oup.com/isd/article-pdf/6/2/5/43460064/ixac009.pdf
10.1093/isd/ixac010	
10.1093/isd/ixac013	https://oist.repo.nii.ac.jp/?action=repository_action_common_download&item_id=2811&item_no=1&attribute_id=22&file_no=1
10.1093/isd/ixac014	
10.1093/isd/ixac015	
10.1093/isd/ixac016	
10.1093/isd/ixac017	https://hal.umontpellier.fr/hal-03870088/file/Jouault%20et%20al.%20final%20version.pdf
10.1093/isd/ixac019	https://academic.oup.com/isd/article-pdf/6/4/5/45271026/ixac019.pdf
10.1093/isd/ixac020	
10.1093/isd/ixac024	
10.1093/isd/ixac025	
10.1093/isd/ixac026	
10.1093/isd/ixac027	
10.1093/isd/ixac028	
10.1093/isd/ixac030	
10.1093/jcbiol/ruab070	
10.1093/jcbiol/ruab083	
10.1093/jcbiol/ruac001	
10.1093/jcbiol/ruac013	
10.1093/jcbiol/ruac027	
10.1093/jcbiol/ruac039	
10.1093/jme/tjac071	
10.1093/jme/tjac087	
10.1093/jme/tjac098	
10.1093/jme/tjac151	
10.1093/mmy/myac001	
10.1093/mollus/eyac022	
10.1093/nsr/nwab084	https://academic.oup.com/nsr/article-pdf/8/12/nwab084/41890897/nwab084.pdf
10.1093/ornithapp/duac025	
10.1093/zoolinnean/zlab047	https://academic.oup.com/zoolinnean/article-pdf/194/3/893/42771096/zlab047.pdf
10.1093/zoolinnean/zlab082	
10.1093/zoolinnean/zlab086	
10.1093/zoolinnean/zlab090	
10.1093/zoolinnean/zlab091	
10.1093/zoolinnean/zlab100	
10.1093/zoolinnean/zlab102	
10.1093/zoolinnean/zlab107	
10.1093/zoolinnean/zlab109	
10.1093/zoolinnean/zlab111	
10.1093/zoolinnean/zlab112	
10.1093/zoolinnean/zlab113	
10.1093/zoolinnean/zlab114	
10.1093/zoolinnean/zlab115	
10.1093/zoolinnean/zlab118	https://orbi.uliege.be/bitstream/2268/289549/1/Postprint_auteur_Laboury_et_al.%2c2022.pdf
10.1093/zoolinnean/zlab119	
10.1093/zoolinnean/zlab120	https://academic.oup.com/zoolinnean/article-pdf/195/1/157/43614692/zlab120.pdf
10.1093/zoolinnean/zlab121	
10.1093/zoolinnean/zlab122	
10.1093/zoolinnean/zlab123	
10.1093/zoolinnean/zlab124	
10.1093/zoolinnean/zlab125	
10.1093/zoolinnean/zlab126	
10.1093/zoolinnean/zlab127	https://academic.oup.com/zoolinnean/article-pdf/195/1/1/43614709/zlab127.pdf
10.1093/zoolinnean/zlac002	
10.1093/zoolinnean/zlac003	
10.1093/zoolinnean/zlac004	
10.1093/zoolinnean/zlac006	
10.1093/zoolinnean/zlac008	
10.1093/zoolinnean/zlac009	
10.1093/zoolinnean/zlac010	
10.1093/zoolinnean/zlac011	https://academic.oup.com/zoolinnean/advance-article-pdf/doi/10.1093/zoolinnean/zlac011/43402936/zlac011.pdf
10.1093/zoolinnean/zlac013	
10.1093/zoolinnean/zlac014	https://academic.oup.com/zoolinnean/advance-article-pdf/doi/10.1093/zoolinnean/zlac014/44647156/zlac014.pdf
10.1093/zoolinnean/zlac015	
10.1093/zoolinnean/zlac019	
10.1093/zoolinnean/zlac020	
10.1093/zoolinnean/zlac021	https://zaguan.unizar.es/record/118084/files/texto_completo.pdf
10.1093/zoolinnean/zlac022	
10.1093/zoolinnean/zlac023	https://hal.archives-ouvertes.fr/hal-03664299/file/ZOJ-10-2021-4781.R1_Proof_hi%281%29.pdf
10.1093/zoolinnean/zlac025	
10.1093/zoolinnean/zlac026	
10.1093/zoolinnean/zlac028	
10.1093/zoolinnean/zlac031	
10.1093/zoolinnean/zlac032	
10.1093/zoolinnean/zlac034	
10.1093/zoolinnean/zlac036	
10.1093/zoolinnean/zlac037	
10.1093/zoolinnean/zlac039	
10.1093/zoolinnean/zlac040	
10.1093/zoolinnean/zlac041	
10.1093/zoolinnean/zlac042	
10.1093/zoolinnean/zlac044	
10.1093/zoolinnean/zlac045	
10.1093/zoolinnean/zlac046	
10.1093/zoolinnean/zlac047	
10.1093/zoolinnean/zlac048	
10.1093/zoolinnean/zlac049	
10.1093/zoolinnean/zlac051	https://academic.oup.com/zoolinnean/article-pdf/196/1/314/45582796/zlac051.pdf
10.1093/zoolinnean/zlac052	https://digital.csic.es/bitstream/10261/276579/1/ToroDelgado_et_al_2022.pdf
10.1093/zoolinnean/zlac053	
10.1093/zoolinnean/zlac055	
10.1093/zoolinnean/zlac058	https://zenodo.org/record/7184588/files/source.pdf
10.1093/zoolinnean/zlac060	https://zenodo.org/record/7381272/files/source.pdf
10.1093/zoolinnean/zlac062	https://academic.oup.com/zoolinnean/advance-article-pdf/doi/10.1093/zoolinnean/zlac062/45636397/zlac062.pdf
10.1093/zoolinnean/zlac064	
10.1093/zoolinnean/zlac069	
10.1093/zoolinnean/zlac071	
10.1093/zoolinnean/zlac073	
10.1093/zoolinnean/zlac092	
10.1094/PDIS-01-22-0097-RE	
10.1094/PDIS-02-22-0448-FE	
10.1094/PDIS-11-21-2444-RE	
10.1094/PDIS-12-21-2774-PDN	
10.1094/PHYTO-07-22-0243-SC	
10.1098/rspb.2021.2708	
10.1098/rspb.2022.1102	
10.1099/ijsem.0.004477	
10.1099/ijsem.0.004609	
10.1099/ijsem.0.004616	
10.1099/ijsem.0.004617	
10.1099/ijsem.0.004618	
10.1099/ijsem.0.004619	
10.1099/ijsem.0.004620	
10.1099/ijsem.0.004928	
10.1099/ijsem.0.005095	
10.1099/ijsem.0.005110	
10.1099/ijsem.0.005153	
10.1099/ijsem.0.005162	
10.1099/ijsem.0.005173	
10.1099/ijsem.0.005178	
10.1099/ijsem.0.005179	
10.1099/ijsem.0.005180	
10.1099/ijsem.0.005181	
10.1099/ijsem.0.005182	
10.1099/ijsem.0.005183	
10.1099/ijsem.0.005187	
10.1099/ijsem.0.005188	
10.1099/ijsem.0.005189	
10.1099/ijsem.0.005190	https://hau.repository.guildhe.ac.uk/id/eprint/17810/1/Dawn%20Arnold%20Rahnella%20perminowiae%20sp%20UPLOAD%203.pdf
10.1099/ijsem.0.005191	
10.1099/ijsem.0.005193	https://repository.uantwerpen.be/docstore/d:irua:11051
10.1099/ijsem.0.005194	
10.1099/ijsem.0.005195	
10.1099/ijsem.0.005196	
10.1099/ijsem.0.005198	
10.1099/ijsem.0.005199	
10.1099/ijsem.0.005200	
10.1099/ijsem.0.005201	
10.1099/ijsem.0.005202	
10.1099/ijsem.0.005203	https://kops.uni-konstanz.de/bitstream/123456789/56668/1/Hauth_2-1two3zzmga24u3.pdf
10.1099/ijsem.0.005204	
10.1099/ijsem.0.005205	
10.1099/ijsem.0.005206	
10.1099/ijsem.0.005207	
10.1099/ijsem.0.005208	
10.1099/ijsem.0.005209	
10.1099/ijsem.0.005210	
10.1099/ijsem.0.005211	https://orbi.uliege.be/bitstream/2268/267257/1/ICSPPHototrophs15ImhoffIJSEM22.pdf
10.1099/ijsem.0.005212	https://orbi.uliege.be/bitstream/2268/267256/1/ICSPPHototrophs21ImhoffIJSEM22.pdf
10.1099/ijsem.0.005213	
10.1099/ijsem.0.005214	
10.1099/ijsem.0.005215	
10.1099/ijsem.0.005216	
10.1099/ijsem.0.005217	
10.1099/ijsem.0.005218	
10.1099/ijsem.0.005219	
10.1099/ijsem.0.005220	
10.1099/ijsem.0.005221	
10.1099/ijsem.0.005222	
10.1099/ijsem.0.005223	https://digital.csic.es/bitstream/10261/270180/1/ijsem005223.pdf
10.1099/ijsem.0.005224	
10.1099/ijsem.0.005225	
10.1099/ijsem.0.005226	
10.1099/ijsem.0.005227	
10.1099/ijsem.0.005228	
10.1099/ijsem.0.005229	
10.1099/ijsem.0.005230	
10.1099/ijsem.0.005231	
10.1099/ijsem.0.005232	
10.1099/ijsem.0.005233	
10.1099/ijsem.0.005234	
10.1099/ijsem.0.005235	
10.1099/ijsem.0.005236	
10.1099/ijsem.0.005237	
10.1099/ijsem.0.005238	
10.1099/ijsem.0.005239	
10.1099/ijsem.0.005240	https://digital.csic.es/bitstream/10261/285921/1/sagittula.pdf
10.1099/ijsem.0.005241	
10.1099/ijsem.0.005242	
10.1099/ijsem.0.005243	https://flore.unifi.it/bitstream/2158/1259826/1/Kuzmanovic%20et%20al.%202022%20IJSEM.pdf
10.1099/ijsem.0.005244	
10.1099/ijsem.0.005245	
10.1099/ijsem.0.005246	
10.1099/ijsem.0.005247	
10.1099/ijsem.0.005248	
10.1099/ijsem.0.005249	
10.1099/ijsem.0.005250	
10.1099/ijsem.0.005251	
10.1099/ijsem.0.005252	
10.1099/ijsem.0.005253	
10.1099/ijsem.0.005254	
10.1099/ijsem.0.005255	
10.1099/ijsem.0.005257	
10.1099/ijsem.0.005258	
10.1099/ijsem.0.005259	
10.1099/ijsem.0.005260	
10.1099/ijsem.0.005261	
10.1099/ijsem.0.005262	
10.1099/ijsem.0.005263	
10.1099/ijsem.0.005264	
10.1099/ijsem.0.005265	
10.1099/ijsem.0.005266	
10.1099/ijsem.0.005267	
10.1099/ijsem.0.005268	http://diposit.ub.edu/dspace/bitstream/2445/184541/1/722325.pdf
10.1099/ijsem.0.005269	
10.1099/ijsem.0.005270	
10.1099/ijsem.0.005271	
10.1099/ijsem.0.005272	
10.1099/ijsem.0.005273	
10.1099/ijsem.0.005274	
10.1099/ijsem.0.005275	
10.1099/ijsem.0.005276	
10.1099/ijsem.0.005277	
10.1099/ijsem.0.005278	
10.1099/ijsem.0.005279	
10.1099/ijsem.0.005280	
10.1099/ijsem.0.005281	
10.1099/ijsem.0.005282	
10.1099/ijsem.0.005283	
10.1099/ijsem.0.005284	https://figshare.com/articles/dataset/Phylogenomic_and_comparative_genomic_analyses_of_Leuconostocaceae_species_identification_of_molecular_signatures_specific_for_the_genera_Leuconostoc_Fructobacillus_and_Oenococcus_and_proposal_for_a_novel_genus_Periweissella_gen_nov_/18866273/1/files/33676439.pdf
10.1099/ijsem.0.005285	
10.1099/ijsem.0.005286	
10.1099/ijsem.0.005287	
10.1099/ijsem.0.005288	
10.1099/ijsem.0.005289	
10.1099/ijsem.0.005290	
10.1099/ijsem.0.005291	
10.1099/ijsem.0.005292	
10.1099/ijsem.0.005293	
10.1099/ijsem.0.005296	
10.1099/ijsem.0.005297	
10.1099/ijsem.0.005300	
10.1099/ijsem.0.005301	
10.1099/ijsem.0.005302	
10.1099/ijsem.0.005304	
10.1099/ijsem.0.005305	
10.1099/ijsem.0.005306	
10.1099/ijsem.0.005307	
10.1099/ijsem.0.005308	
10.1099/ijsem.0.005309	
10.1099/ijsem.0.005310	
10.1099/ijsem.0.005311	
10.1099/ijsem.0.005312	
10.1099/ijsem.0.005313	https://www.researchsquare.com/article/rs-850054/v1.pdf?c=1637263622000
10.1099/ijsem.0.005314	
10.1099/ijsem.0.005315	
10.1099/ijsem.0.005316	https://figshare.com/articles/figure/Erwinia_phyllosphaerae_sp_nov_a_novel_bacterium_isolated_from_phyllosphere_of_pomelo_Citrus_maxima_/19127516/1/files/33983093.pdf
10.1099/ijsem.0.005317	
10.1099/ijsem.0.005318	
10.1099/ijsem.0.005319	https://gfzpublic.gfz-potsdam.de/pubman/item/item_5011237_1/component/file_5011259/5011237.pdf
10.1099/ijsem.0.005320	
10.1099/ijsem.0.005321	
10.1099/ijsem.0.005322	http://pure.aber.ac.uk/ws/files/51739939/ijsem005322.pdf
10.1099/ijsem.0.005323	
10.1099/ijsem.0.005324	
10.1099/ijsem.0.005325	
10.1099/ijsem.0.005326	
10.1099/ijsem.0.005327	
10.1099/ijsem.0.005328	https://pub.epsilon.slu.se/27919/1/schnurer-a-et-al-220517.pdf
10.1099/ijsem.0.005329	
10.1099/ijsem.0.005330	
10.1099/ijsem.0.005331	
10.1099/ijsem.0.005333	https://gfzpublic.gfz-potsdam.de/pubman/item/item_5011184_1/component/file_5011193/5011184.pdf
10.1099/ijsem.0.005334	
10.1099/ijsem.0.005335	
10.1099/ijsem.0.005336	
10.1099/ijsem.0.005337	
10.1099/ijsem.0.005338	https://figshare.com/ndownloader/files/34413131
10.1099/ijsem.0.005339	
10.1099/ijsem.0.005340	
10.1099/ijsem.0.005341	
10.1099/ijsem.0.005342	
10.1099/ijsem.0.005343	
10.1099/ijsem.0.005345	
10.1099/ijsem.0.005346	
10.1099/ijsem.0.005347	
10.1099/ijsem.0.005348	
10.1099/ijsem.0.005349	
10.1099/ijsem.0.005351	
10.1099/ijsem.0.005352	
10.1099/ijsem.0.005353	https://air.unimi.it/bitstream/2434/924764/2/Candidatus%20Phytoplasma%20revision%20final%20revision.pdf
10.1099/ijsem.0.005354	
10.1099/ijsem.0.005355	
10.1099/ijsem.0.005356	
10.1099/ijsem.0.005357	
10.1099/ijsem.0.005358	
10.1099/ijsem.0.005359	
10.1099/ijsem.0.005360	
10.1099/ijsem.0.005361	
10.1099/ijsem.0.005362	
10.1099/ijsem.0.005363	
10.1099/ijsem.0.005364	
10.1099/ijsem.0.005366	
10.1099/ijsem.0.005367	
10.1099/ijsem.0.005368	
10.1099/ijsem.0.005369	
10.1099/ijsem.0.005370	
10.1099/ijsem.0.005371	
10.1099/ijsem.0.005372	
10.1099/ijsem.0.005373	
10.1099/ijsem.0.005374	
10.1099/ijsem.0.005376	
10.1099/ijsem.0.005377	
10.1099/ijsem.0.005379	
10.1099/ijsem.0.005380	
10.1099/ijsem.0.005381	
10.1099/ijsem.0.005383	https://figshare.com/articles/dataset/Acinetobacter_silvestris_sp_nov_discovered_in_forest_ecosystems_in_Czechia/19397414/1/files/34463396.pdf
10.1099/ijsem.0.005385	
10.1099/ijsem.0.005387	
10.1099/ijsem.0.005391	
10.1099/ijsem.0.005393	
10.1099/ijsem.0.005394	
10.1099/ijsem.0.005396	
10.1099/ijsem.0.005397	
10.1099/ijsem.0.005398	
10.1099/ijsem.0.005399	
10.1099/ijsem.0.005400	
10.1099/ijsem.0.005401	
10.1099/ijsem.0.005402	
10.1099/ijsem.0.005404	
10.1099/ijsem.0.005405	
10.1099/ijsem.0.005406	
10.1099/ijsem.0.005407	
10.1099/ijsem.0.005408	
10.1099/ijsem.0.005409	
10.1099/ijsem.0.005410	https://figshare.com/articles/figure/Chromobacterium_alticapitis_sp_nov_and_Chromobacterium_sinusclupearum_sp_nov_Isolated_from_Wild_Cranberry_Bogs_in_the_Cape_Cod_National_Seashore_USA/19199741/1/files/34845897.pdf
10.1099/ijsem.0.005411	
10.1099/ijsem.0.005412	
10.1099/ijsem.0.005414	
10.1099/ijsem.0.005415	
10.1099/ijsem.0.005416	
10.1099/ijsem.0.005417	
10.1099/ijsem.0.005418	
10.1099/ijsem.0.005419	
10.1099/ijsem.0.005420	
10.1099/ijsem.0.005421	
10.1099/ijsem.0.005423	
10.1099/ijsem.0.005424	
10.1099/ijsem.0.005425	
10.1099/ijsem.0.005426	
10.1099/ijsem.0.005427	https://www.biorxiv.org/content/biorxiv/early/2022/01/18/2022.01.17.476658.full.pdf
10.1099/ijsem.0.005428	
10.1099/ijsem.0.005429	
10.1099/ijsem.0.005430	
10.1099/ijsem.0.005431	
10.1099/ijsem.0.005432	
10.1099/ijsem.0.005433	
10.1099/ijsem.0.005435	
10.1099/ijsem.0.005436	
10.1099/ijsem.0.005439	
10.1099/ijsem.0.005441	https://eprints.ncl.ac.uk/file_store/production/282566/72961185-1E6B-49D8-8810-6849CA5FDCD3.pdf
10.1099/ijsem.0.005442	
10.1099/ijsem.0.005444	
10.1099/ijsem.0.005446	https://researchrepository.murdoch.edu.au/id/eprint/65847/1/Bradyrhizobium%20cenepequi%20sp.%20nov.pdf
10.1099/ijsem.0.005447	
10.1099/ijsem.0.005448	
10.1099/ijsem.0.005449	http://pure.aber.ac.uk/ws/files/51739834/ijsem005449.pdf
10.1099/ijsem.0.005450	
10.1099/ijsem.0.005452	
10.1099/ijsem.0.005454	
10.1099/ijsem.0.005455	
10.1099/ijsem.0.005456	
10.1099/ijsem.0.005457	
10.1099/ijsem.0.005458	
10.1099/ijsem.0.005459	
10.1099/ijsem.0.005460	
10.1099/ijsem.0.005461	
10.1099/ijsem.0.005462	
10.1099/ijsem.0.005463	
10.1099/ijsem.0.005464	
10.1099/ijsem.0.005465	
10.1099/ijsem.0.005466	
10.1099/ijsem.0.005467	
10.1099/ijsem.0.005468	
10.1099/ijsem.0.005469	
10.1099/ijsem.0.005470	
10.1099/ijsem.0.005471	
10.1099/ijsem.0.005472	
10.1099/ijsem.0.005473	
10.1099/ijsem.0.005474	
10.1099/ijsem.0.005475	
10.1099/ijsem.0.005476	
10.1099/ijsem.0.005477	
10.1099/ijsem.0.005478	
10.1099/ijsem.0.005479	
10.1099/ijsem.0.005480	https://hal-pasteur.archives-ouvertes.fr/pasteur-03791331/file/ijsem005480.pdf
10.1099/ijsem.0.005481	
10.1099/ijsem.0.005482	https://ueaeprints.uea.ac.uk/id/eprint/88710/1/ijsem005482.pdf
10.1099/ijsem.0.005483	
10.1099/ijsem.0.005484	
10.1099/ijsem.0.005485	
10.1099/ijsem.0.005486	
10.1099/ijsem.0.005487	
10.1099/ijsem.0.005488	
10.1099/ijsem.0.005489	
10.1099/ijsem.0.005492	
10.1099/ijsem.0.005493	
10.1099/ijsem.0.005494	
10.1099/ijsem.0.005495	
10.1099/ijsem.0.005496	
10.1099/ijsem.0.005497	
10.1099/ijsem.0.005498	https://digital.csic.es/bitstream/10261/281719/1/Lucena_et_al_2022.pdf
10.1099/ijsem.0.005499	
10.1099/ijsem.0.005501	
10.1099/ijsem.0.005502	
10.1099/ijsem.0.005503	
10.1099/ijsem.0.005504	
10.1099/ijsem.0.005505	
10.1099/ijsem.0.005506	
10.1099/ijsem.0.005507	
10.1099/ijsem.0.005508	
10.1099/ijsem.0.005509	
10.1099/ijsem.0.005510	
10.1099/ijsem.0.005511	
10.1099/ijsem.0.005512	https://cris.unibo.it/bitstream/11585/898937/1/ijsem005512.pdf
10.1099/ijsem.0.005513	
10.1099/ijsem.0.005514	
10.1099/ijsem.0.005515	
10.1099/ijsem.0.005516	
10.1099/ijsem.0.005517	
10.1099/ijsem.0.005518	https://figshare.com/articles/dataset/Oceanobacillus_alkalisoli_sp_nov_an_alkaliphilic_bacterium_isolated_from_saline-alkaline_soil/19880800/1/files/35296567.pdf
10.1099/ijsem.0.005519	
10.1099/ijsem.0.005520	
10.1099/ijsem.0.005521	
10.1099/ijsem.0.005522	
10.1099/ijsem.0.005523	
10.1099/ijsem.0.005524	
10.1099/ijsem.0.005525	
10.1099/ijsem.0.005527	
10.1099/ijsem.0.005528	
10.1099/ijsem.0.005530	
10.1099/ijsem.0.005531	
10.1099/ijsem.0.005532	
10.1099/ijsem.0.005533	
10.1099/ijsem.0.005534	
10.1099/ijsem.0.005535	
10.1099/ijsem.0.005536	
10.1099/ijsem.0.005537	
10.1099/ijsem.0.005538	
10.1099/ijsem.0.005539	
10.1099/ijsem.0.005541	
10.1099/ijsem.0.005542	https://eprints.mdx.ac.uk/36477/2/ijsem005542.pdf
10.1099/ijsem.0.005543	
10.1099/ijsem.0.005544	
10.1099/ijsem.0.005545	
10.1099/ijsem.0.005546	
10.1099/ijsem.0.005547	
10.1099/ijsem.0.005548	
10.1099/ijsem.0.005552	
10.1099/ijsem.0.005555	
10.1099/ijsem.0.005558	
10.1099/ijsem.0.005561	
10.1099/ijsem.0.005563	
10.1099/ijsem.0.005565	
10.1099/ijsem.0.005567	
10.1099/ijsem.0.005568	
10.1099/ijsem.0.005569	
10.1099/ijsem.0.005571	
10.1099/ijsem.0.005572	
10.1099/ijsem.0.005574	
10.1099/ijsem.0.005576	
10.1099/ijsem.0.005577	
10.1099/ijsem.0.005578	
10.1099/ijsem.0.005579	
10.1099/ijsem.0.005580	
10.1099/ijsem.0.005581	
10.1099/ijsem.0.005582	
10.1099/ijsem.0.005587	
10.1099/ijsem.0.005593	
10.1099/ijsem.0.005599	https://figshare.com/articles/dataset/Pseudomonas_aegrilactucae_sp_nov_and_Pseudomonas_morbosilactucae_sp_nov_pathogens_causing_bacterial_rot_of_lettuce_in_Japan/20572620/1/files/36797739.pdf
10.1099/ijsem.0.005600	https://repozitorij.uni-lj.si/Dokument.php?id=164184&dn=
10.1099/ijsem.0.005601	
10.1099/ijsem.0.005602	
10.1099/ijsem.0.005603	
10.1099/ijsem.0.005604	
10.1099/ijsem.0.005606	
10.1099/ijsem.0.005608	
10.1099/ijsem.0.005610	
10.1099/ijsem.0.005615	
10.1099/ijsem.0.005616	
10.1099/ijsem.0.005621	
10.1099/ijsem.0.005622	
10.1099/ijsem.0.005623	
10.1099/ijsem.0.005624	
10.1099/ijsem.0.005626	
10.1099/ijsem.0.005627	
10.1099/ijsem.0.005628	
10.1099/ijsem.0.005629	
10.1099/ijsem.0.005630	https://nrl.northumbria.ac.uk/id/eprint/50920/1/Emendations%20Requests%202022%20-%20Final-2%20August%202022.pdf
10.1099/ijsem.0.005631	
10.1099/ijsem.0.005632	
10.1099/ijsem.0.005633	
10.1099/ijsem.0.005634	
10.1099/ijsem.0.005636	
10.1099/ijsem.0.005637	
10.1099/ijsem.0.005638	
10.1099/ijsem.0.005640	
10.1099/ijsem.0.005647	
10.1099/ijsem.0.005659	
10.1099/ijsem.0.005680	https://digital.csic.es/bitstream/10261/286520/1/Six%20novel%20micromoospora.pdf
10.1099/ijsem.0.005754	
10.1101/2022.01.14.476417	https://www.biorxiv.org/content/biorxiv/early/2022/01/15/2022.01.14.476417.full.pdf
10.1101/2022.01.26.477889	https://www.biorxiv.org/content/biorxiv/early/2022/01/26/2022.01.26.477889.full.pdf
10.1101/2022.02.08.479620.full	
10.1101/2022.02.17.480913	https://www.biorxiv.org/content/biorxiv/early/2022/02/19/2022.02.17.480913.full.pdf
10.1101/2022.03.02.482672	https://www.biorxiv.org/content/biorxiv/early/2022/09/17/2022.03.02.482672.full.pdf
10.1101/2022.03.04.482989	https://www.biorxiv.org/content/biorxiv/early/2022/03/04/2022.03.04.482989.full.pdf
10.1101/2022.03.05.483086	https://www.biorxiv.org/content/biorxiv/early/2022/03/05/2022.03.05.483086.full.pdf
10.1101/2022.03.10.483821	http://slas-technology.org/article/S2472630322051767/pdf
10.1111/1462-2920.16016	
10.1111/1755-0998.13591	
10.1111/1758-2229.13066	
10.1111/aen.12579	
10.1111/aen.12582	
10.1111/aen.12583	
10.1111/btp.13062	
10.1111/cla.12503	
10.1111/eva.13281	https://onlinelibrary.wiley.com/doi/pdfdirect/10.1111/eva.13281
10.1111/jeu.12889	
10.1111/jeu.12902	
10.1111/jeu.12938	
10.1111/jfb.15011	
10.1111/jfb.15031	
10.1111/jfb.15071	
10.1111/jfb.15255	
10.1111/jpy.13234	
10.1111/jpy.13246	
10.1111/jpy.13248	
10.1111/jse.12811	https://onlinelibrary.wiley.com/doi/pdfdirect/10.1111/jse.12811
10.1111/jse.12831	
10.1111/jvs.13122	
10.1111/njb.03106	
10.1111/njb.03203	
10.1111/njb.03237	
10.1111/njb.03238	
10.1111/njb.03290	
10.1111/njb.03304	
10.1111/njb.03314	https://onlinelibrary.wiley.com/doi/pdfdirect/10.1111/njb.03314
10.1111/njb.03326	
10.1111/njb.03345	
10.1111/njb.03385	
10.1111/njb.03387	
10.1111/njb.03389	
10.1111/njb.03390	
10.1111/njb.03392	
10.1111/njb.03403	
10.1111/njb.03411	
10.1111/njb.03412	
10.1111/njb.03417	
10.1111/njb.03422	
10.1111/njb.03424	
10.1111/njb.03425	
10.1111/njb.03427	
10.1111/njb.03430	
10.1111/njb.03442	
10.1111/njb.03455	
10.1111/njb.03464	
10.1111/njb.03470	https://onlinelibrary.wiley.com/doi/pdfdirect/10.1111/njb.03470
10.1111/njb.03471	https://biblio.ugent.be/publication/8765183/file/8767892.pdf
10.1111/njb.03476	
10.1111/njb.03482	https://flore.unifi.it/bitstream/2158/1254584/1/Nordic%20Journal%20of%20Botany%2040.2022.pdf
10.1111/njb.03490	
10.1111/njb.03491	
10.1111/njb.03492	
10.1111/njb.03493	
10.1111/njb.03494	
10.1111/njb.03496	
10.1111/njb.03501	
10.1111/njb.03505	
10.1111/njb.03507	
10.1111/njb.03510	
10.1111/njb.03520	https://pub.epsilon.slu.se/27735/1/leo-j-et-al-220509.pdf
10.1111/njb.03521	
10.1111/njb.03524	
10.1111/njb.03534	
10.1111/njb.03535	https://helda.helsinki.fi/bitstream/10138/348279/1/Nordic_Journal_of_Botany_2022_Sennikov_The_concept_of_epitypes_in_theory_and_practice.pdf
10.1111/njb.03543	
10.1111/njb.03549	
10.1111/njb.03550	
10.1111/njb.03562	
10.1111/njb.03564	
10.1111/njb.03566	
10.1111/njb.03567	
10.1111/njb.03568	
10.1111/njb.03573	
10.1111/njb.03579	
10.1111/njb.03580	
10.1111/njb.03581	
10.1111/njb.03601	
10.1111/njb.03608	
10.1111/njb.03611	
10.1111/njb.03612	
10.1111/njb.03620	http://uu.diva-portal.org/smash/get/diva2:1719411/FULLTEXT01
10.1111/njb.03632	
10.1111/njb.03636	https://preprints.arphahub.com/article/80690/download/pdf/
10.1111/njb.03643	
10.1111/njb.03644	
10.1111/njb.03646	
10.1111/njb.03648	
10.1111/njb.03649	
10.1111/njb.03654	
10.1111/njb.03660	
10.1111/njb.03662	https://www.biorxiv.org/content/biorxiv/early/2022/01/12/2022.01.11.475828.full.pdf
10.1111/njb.03663	
10.1111/njb.03670	
10.1111/njb.03671	
10.1111/njb.03676	
10.1111/njb.03679	
10.1111/njb.03683	
10.1111/njb.03684	
10.1111/njb.03686	
10.1111/njb.03687	http://uu.diva-portal.org/smash/get/diva2:1723325/FULLTEXT01
10.1111/njb.03688	
10.1111/njb.03692	
10.1111/njb.03704	
10.1111/njb.03706	
10.1111/njb.03708	
10.1111/njb.03711	
10.1111/njb.03716	
10.1111/njb.03717	
10.1111/njb.03719	https://zenodo.org/record/7050393/files/TableS1.pdf
10.1111/njb.03721	
10.1111/njb.03724	
10.1111/njb.03727	
10.1111/njb.03731	
10.1111/njb.03742	
10.1111/njb.03748	
10.1111/njb.03749	
10.1111/njb.03751	
10.1111/njb.03756	
10.1111/njb.03759	
10.1111/njb.03760	
10.1111/njb.03770	
10.1111/njb.03773	
10.1111/njb.03776	
10.1111/njb.03792	
10.1111/njb.03801	
10.1111/njb.03803	
10.1111/njb.03806	
10.1111/njb.03829	
10.1111/nph.17956	
10.1111/nph.17991	https://ora.ox.ac.uk/objects/uuid:9e268d09-a817-4239-acc4-aac6d5a14a6d/download_file?safe_filename=Munoz_Rodriguez_et_al_2022_Discovery_and_characterizationV.pdf&file_format=application%2Fpdf&type_of_work=Journal+article
10.1111/odi.14373	
10.1111/tbed.14477	https://onlinelibrary.wiley.com/doi/pdfdirect/10.1111/tbed.14477
10.1111/zsc.12527	
10.11158/saa.27.1.1	https://www.biotaxa.org/saa/article/download/70815/69937
10.11158/saa.27.1.13	
10.11158/saa.27.1.2	
10.11158/saa.27.1.3	
10.11158/saa.27.1.4	
10.11158/saa.27.1.5	
10.11158/saa.27.1.7	
10.11158/saa.27.1.9	
10.11158/saa.27.10.1	
10.11158/saa.27.10.14	
10.11158/saa.27.10.16	
10.11158/saa.27.10.17	
10.11158/saa.27.10.18	
10.11158/saa.27.10.20	https://www.biotaxa.org/saa/article/download/75877/73502
10.11158/saa.27.10.3	
10.11158/saa.27.10.4	
10.11158/saa.27.10.5	
10.11158/saa.27.10.6	http://real.mtak.hu/149897/1/Kontschan_Ermilov_Schwendingeriella.pdf
10.11158/saa.27.11.11	
10.11158/saa.27.11.12	
10.11158/saa.27.11.13	
10.11158/saa.27.11.16	
10.11158/saa.27.11.17	
10.11158/saa.27.11.6	
10.11158/saa.27.11.7	
10.11158/saa.27.11.8	
10.11158/saa.27.12.1	
10.11158/saa.27.12.12	
10.11158/saa.27.12.6	
10.11158/saa.27.12.7	
10.11158/saa.27.12.9	
10.11158/saa.27.2.1	https://www.biotaxa.org/saa/article/download/73331/70051
10.11158/saa.27.2.2	https://www.biotaxa.org/saa/article/download/71752/70053
10.11158/saa.27.2.4	
10.11158/saa.27.2.8	
10.11158/saa.27.3.12	
10.11158/saa.27.3.14	
10.11158/saa.27.3.15	
10.11158/saa.27.3.16	
10.11158/saa.27.3.3	
10.11158/saa.27.3.6	https://www.biotaxa.org/saa/article/download/72076/70211
10.11158/saa.27.3.7	
10.11158/saa.27.3.8	
10.11158/saa.27.4.10	
10.11158/saa.27.4.12	
10.11158/saa.27.4.3	
10.11158/saa.27.4.4	
10.11158/saa.27.4.5	
10.11158/saa.27.4.6	
10.11158/saa.27.4.8	
10.11158/saa.27.5.4	
10.11158/saa.27.5.6	
10.11158/saa.27.5.7	
10.11158/saa.27.5.9	
10.11158/saa.27.6.1	
10.11158/saa.27.6.11	
10.11158/saa.27.6.14	
10.11158/saa.27.6.15	https://www.biotaxa.org/saa/article/download/74637/72170
10.11158/saa.27.6.16	https://www.biotaxa.org/saa/article/download/74681/72173
10.11158/saa.27.6.17	https://www.biotaxa.org/saa/article/download/75144/72175
10.11158/saa.27.6.18	
10.11158/saa.27.6.3	
10.11158/saa.27.6.4	
10.11158/saa.27.6.7	
10.11158/saa.27.6.9	
10.11158/saa.27.7.1	
10.11158/saa.27.7.10	
10.11158/saa.27.7.11	
10.11158/saa.27.7.12	
10.11158/saa.27.7.13	
10.11158/saa.27.7.3	
10.11158/saa.27.7.5	
10.11158/saa.27.7.8	
10.11158/saa.27.8.10	
10.11158/saa.27.8.12	
10.11158/saa.27.8.16	
10.11158/saa.27.8.2	
10.11158/saa.27.8.4	
10.11158/saa.27.8.8	
10.11158/saa.27.9.1	
10.11158/saa.27.9.10	
10.11158/saa.27.9.2	https://www.biotaxa.org/saa/article/download/75022/73075
10.11158/saa.27.9.3	
10.11158/saa.27.9.5	
10.11158/saa.27.9.7	
10.1127/njgpa/2022/1060	
10.1127/njgpa/2022/1087	
10.1127/nova_hedwigia/2022/0666	
10.1127/nova_hedwigia/2022/0667	
10.1127/nova_hedwigia/2022/0668	
10.1127/nova_hedwigia/2022/0669	
10.1127/nova_hedwigia/2022/0670	
10.1127/nova_hedwigia/2022/0671	
10.1127/nova_hedwigia/2022/0672	
10.1127/nova_hedwigia/2022/0673	
10.1127/nova_hedwigia/2022/0674	
10.1127/nova_hedwigia/2022/0675	
10.1127/nova_hedwigia/2022/0677	
10.1127/nova_hedwigia/2022/0678	
10.1127/nova_hedwigia/2022/0680	
10.1127/nova_hedwigia/2022/0681	
10.1127/nova_hedwigia/2022/0682	
10.1127/nova_hedwigia/2022/0683	
10.1127/nova_hedwigia/2022/0684	
10.1127/nova_hedwigia/2022/0685	
10.1127/nova_hedwigia/2022/0686	
10.1127/nova_hedwigia/2022/0687	
10.1127/nova_hedwigia/2022/0688	
10.1127/nova_hedwigia/2022/0689	
10.1127/nova_hedwigia/2022/0690	
10.1127/nova_hedwigia/2022/0691	
10.1127/nova_hedwigia/2022/0692	
10.1127/nova_hedwigia/2022/0695	
10.1127/nova_hedwigia/2022/0696	
10.1127/nova_hedwigia/2022/0697	
10.1127/nova_hedwigia/2022/0698	
10.1127/nova_hedwigia/2022/0699	
10.1127/nova_hedwigia/2022/0700	
10.1127/nova_hedwigia/2022/0702	
10.1127/nova_hedwigia/2022/0703	
10.1127/nova_hedwigia/2022/0704	
10.1127/nova_hedwigia/2022/0705	
10.1127/nova_hedwigia/2022/0706	
10.1127/nova_hedwigia/2022/0707	
10.1127/nova_hedwigia/2022/0708	
10.1127/nova_hedwigia/2022/0710	
10.1127/nova_hedwigia/2022/0711	
10.1127/nova_hedwigia/2022/0712	
10.1127/nova_hedwigia/2022/0713	
10.1127/nova_hedwigia/2022/0714	
10.1127/nova_hedwigia/2022/0715	
10.1127/nova_hedwigia/2022/0716	
10.1127/nova_hedwigia/2022/0717	
10.1127/nova_hedwigia/2022/0718	
10.1127/nova_hedwigia/2022/0719	
10.1127/nova_hedwigia/2022/0720	
10.1127/nova_hedwigia/2022/0721	
10.1127/nova_hedwigia/2022/0722	
10.1127/nova_hedwigia/2022/0801	
10.1127/pala/2022/0134	
10.1128/mbio.03421-21	https://authors.library.caltech.edu/111942/2/mbio.03421-21.pdf
10.1128/mra.00030-22	
10.1128/mra.01038-22	
10.1128/msphere.00908-21	
10.1128/msystems.00016-22	https://vbn.aau.dk/ws/files/482458282/msystems.00016_22.pdf
10.1134/S0026261722020114	https://link.springer.com/content/pdf/10.1134/S0026261722020114.pdf
10.1134/S0031030121120042	
10.1134/S0031030121120078	
10.1134/S0031030122010026	
10.1134/S0031030122010087	
10.1134/S0031030122030042	
10.1134/S0031030122040037	
10.1134/S0031030122040049	
10.1134/S0031030122040050	
10.1134/S0031030122040086	
10.1134/S0031030122040116	
10.1134/S0031030122040128	
10.1134/S003103012204013X	
10.1134/S0031030122050057	
10.1134/S0031030122050070	
10.1134/S0031030122060120	
10.1134/S0032945221060126	
10.1134/S0032945222020047	
10.1134/S0032945222020151	
10.1134/S0032945222030158	
10.1134/S1995082922030087	
10.1139/cjes-2021-0105	
10.1139/cjes-2021-0166	
10.1139/cjz-2021-0131	https://cdnsciencepub.com/doi/pdf/10.1139/cjz-2021-0131
10.1139/cjz-2021-0160	
10.1139/cjz-2022-0058	
10.11464/diatom.38.1	
10.1155/2022/7151655	https://downloads.hindawi.com/journals/ecam/2022/7151655.pdf
10.1159/000523747	https://www.karger.com/Article/Pdf/523747
10.11609/jott.4715.14.6.21290-21295	https://threatenedtaxa.org/JoTT/article/download/4715/8633
10.11609/jott.4793.14.9.21826-21835	https://threatenedtaxa.org/JoTT/article/download/4793/8827
10.11609/jott.4943.14.7.21347-21355	https://threatenedtaxa.org/JoTT/article/download/4943/8672
10.11609/jott.5299.14.8.21660-21695	https://threatenedtaxa.org/JoTT/article/download/5299/8781
10.11609/jott.5490.14.5.21043-21054	https://threatenedtaxa.org/JoTT/article/download/5490/8541
10.11609/jott.5589.14.6.21170-21178	https://threatenedtaxa.org/JoTT/article/download/5589/8623
10.11609/jott.5658.14.12.22346-22350	https://threatenedtaxa.org/JoTT/article/download/5658/8923
10.11609/jott.5738.14.7.21356-21367	https://threatenedtaxa.org/JoTT/article/download/5738/8668
10.11609/jott.5813.14.7.21388-21395	https://threatenedtaxa.org/JoTT/article/download/5813/8687
10.11609/jott.5870.14.9.21900-21902	https://threatenedtaxa.org/JoTT/article/download/5870/8825
10.11609/jott.5916.14.9.21870-21890	https://threatenedtaxa.org/JoTT/article/download/5916/8823
10.11609/jott.5942.14.1.20433-20443	https://threatenedtaxa.org/JoTT/article/download/5942/8278
10.11609/jott.5956.14.1.20526-20529	
10.11609/jott.5977.14.6.21239-21245	https://threatenedtaxa.org/JoTT/article/download/5977/8613
10.11609/jott.6178.14.3.20703-20712	https://threatenedtaxa.org/JoTT/article/download/6178/8417
10.11609/jott.6321.14.7.21484-21486	https://threatenedtaxa.org/JoTT/article/download/6321/8701
10.11609/jott.6330.14.12.22309-22328	https://threatenedtaxa.org/JoTT/article/download/6330/8919
10.11609/jott.6347.14.7.21458-21461	https://threatenedtaxa.org/JoTT/article/download/6347/8664
10.11609/jott.6377.14.1.20523-20525	https://threatenedtaxa.org/JoTT/article/download/6377/8282
10.11609/jott.6381.14.4.20859-20865	https://threatenedtaxa.org/JoTT/article/download/6381/8476
10.11609/jott.6455.14.4.20840-20847	https://threatenedtaxa.org/JoTT/article/download/6455/8472
10.11609/jott.6458.14.8.21508-21528	https://threatenedtaxa.org/JoTT/article/download/6458/8779
10.11609/jott.6485.14.7.21476-21479	https://threatenedtaxa.org/JoTT/article/download/6485/8703
10.11609/jott.6536.14.3.20792-20797	https://threatenedtaxa.org/JoTT/article/download/6536/8441
10.11609/jott.6551.14.5.21068-21075	https://threatenedtaxa.org/JoTT/article/download/6551/8545
10.11609/jott.6583.14.2.20576-20583	https://threatenedtaxa.org/JoTT/article/download/6583/8396
10.11609/jott.6659.14.11.22156-22163	https://threatenedtaxa.org/JoTT/article/download/6659/8874
10.11609/jott.6664.14.1.20311-20322	https://threatenedtaxa.org/JoTT/article/download/6664/8284
10.11609/jott.6692.14.5.21002-21009	https://threatenedtaxa.org/JoTT/article/download/6692/8531
10.11609/jott.6705.14.5.20988-21001	https://threatenedtaxa.org/JoTT/article/download/6705/8529
10.11609/jott.6708.14.5.21117-21121	https://threatenedtaxa.org/JoTT/article/download/6708/8556
10.11609/jott.6721.14.5.21076-21083	https://threatenedtaxa.org/JoTT/article/download/6721/8547
10.11609/jott.6754.14.3.20758-20772	https://threatenedtaxa.org/JoTT/article/download/6754/8429
10.11609/jott.6762.14.1.20461-20468	https://threatenedtaxa.org/JoTT/article/download/6762/8286
10.11609/jott.6786.14.2.20539-20549	https://threatenedtaxa.org/JoTT/article/download/6786/8370
10.11609/jott.6804.14.4.20811-20820	https://threatenedtaxa.org/JoTT/article/download/6804/8466
10.11609/jott.6817.14.12.22260-22269	https://threatenedtaxa.org/JoTT/article/download/6817/8915
10.11609/jott.6831.14.1.20530-20533	https://threatenedtaxa.org/JoTT/article/download/6831/8288
10.11609/jott.6899.14.2.20637-20642	https://threatenedtaxa.org/JoTT/article/download/6899/8386
10.11609/jott.6900.14.8.21605-21611	https://threatenedtaxa.org/JoTT/article/download/6900/8777
10.11609/jott.6910.14.4.20915-20920	https://threatenedtaxa.org/JoTT/article/download/6910/8488
10.11609/jott.6913.14.2.20625-20630	https://threatenedtaxa.org/JoTT/article/download/6913/8374
10.11609/jott.6919.14.8.21553-21560	https://threatenedtaxa.org/JoTT/article/download/6919/8775
10.11609/jott.6928.14.5.21091-21101	https://threatenedtaxa.org/JoTT/article/download/6928/8551
10.11609/jott.6962.14.3.20780-20785	https://threatenedtaxa.org/JoTT/article/download/6962/8439
10.11609/jott.6970.14.1.20426-20432	https://threatenedtaxa.org/JoTT/article/download/6970/8290
10.11609/jott.6977.14.1.20387-20399	https://threatenedtaxa.org/JoTT/article/download/6977/8292
10.11609/jott.6985.14.3.20773-20779	https://threatenedtaxa.org/JoTT/article/download/6985/8431
10.11609/jott.6999.14.2.20597-20605	https://threatenedtaxa.org/JoTT/article/download/6999/8354
10.11609/jott.7011.14.9.21769-21775	https://threatenedtaxa.org/JoTT/article/download/7011/8829
10.11609/jott.7021.14.2.20584-20596	https://threatenedtaxa.org/JoTT/article/download/7021/8376
10.11609/jott.7048.14.1.20534-20536	https://threatenedtaxa.org/JoTT/article/download/7048/8294
10.11609/jott.7058.14.8.21720-21726	https://threatenedtaxa.org/JoTT/article/download/7058/8773
10.11609/jott.7067.14.8.21561-21578	https://threatenedtaxa.org/JoTT/article/download/7067/8771
10.11609/jott.7075.14.7.21453-21457	https://threatenedtaxa.org/JoTT/article/download/7075/8679
10.11609/jott.7092.14.4.20866-20872	https://threatenedtaxa.org/JoTT/article/download/7092/8478
10.11609/jott.7117.14.1.20400-20405	https://threatenedtaxa.org/JoTT/article/download/7117/8296
10.11609/jott.7133.14.7.21432-21441	https://threatenedtaxa.org/JoTT/article/download/7133/8677
10.11609/jott.7165.14.3.20747-20757	https://threatenedtaxa.org/JoTT/article/download/7165/8427
10.11609/jott.7203.14.5.21025-21031	https://threatenedtaxa.org/JoTT/article/download/7203/8537
10.11609/jott.7208.14.1.20323-20345	https://threatenedtaxa.org/JoTT/article/download/7208/8325
10.11609/jott.7261.14.3.20713-20720	https://threatenedtaxa.org/JoTT/article/download/7261/8419
10.11609/jott.7267.14.1.20413-20425	https://threatenedtaxa.org/JoTT/article/download/7267/8298
10.11609/jott.7275.14.4.20943-20945	https://threatenedtaxa.org/JoTT/article/download/7275/8500
10.11609/jott.7306.14.3.20740-20746	https://threatenedtaxa.org/JoTT/article/download/7306/8425
10.11609/jott.7327.14.4.20908-20914	https://threatenedtaxa.org/JoTT/article/download/7327/8486
10.11609/jott.7341.14.4.20828-20839	https://threatenedtaxa.org/JoTT/article/download/7341/8470
10.11609/jott.7360.14.6.21266-21281	https://threatenedtaxa.org/JoTT/article/download/7360/8617
10.11609/jott.7417.14.2.20566-20575	https://threatenedtaxa.org/JoTT/article/download/7417/8366
10.11609/jott.7419.14.2.20606-20614	https://threatenedtaxa.org/JoTT/article/download/7419/8394
10.11609/jott.7427.14.2.20643-20647	https://threatenedtaxa.org/JoTT/article/download/7427/8398
10.11609/jott.7437.14.1.20444-20460	
10.11609/jott.7443.14.4.20873-20889	
10.11609/jott.7445.14.4.20926-20929	https://threatenedtaxa.org/JoTT/article/download/7445/8492
10.11609/jott.7452.14.1.20371-20386	https://threatenedtaxa.org/JoTT/article/download/7452/8302
10.11609/jott.7454.14.8.21696-21703	https://threatenedtaxa.org/JoTT/article/download/7454/8769
10.11609/jott.7458.14.9.21862-21869	https://threatenedtaxa.org/JoTT/article/download/7458/8821
10.11609/jott.7471.14.5.21032-21042	https://threatenedtaxa.org/JoTT/article/download/7471/8539
10.11609/jott.7477.14.1.20469-20477	https://threatenedtaxa.org/JoTT/article/download/7477/8323
10.11609/jott.7481.14.11.22184-22189	https://threatenedtaxa.org/JoTT/article/download/7481/8888
10.11609/jott.7483.14.7.21331-21346	https://threatenedtaxa.org/JoTT/article/download/7483/8666
10.11609/jott.7485.14.4.20848-20858	https://threatenedtaxa.org/JoTT/article/download/7485/8474
10.11609/jott.7487.14.6.21246-21265	https://threatenedtaxa.org/JoTT/article/download/7487/8619
10.11609/jott.7490.14.6.21155-21160	https://threatenedtaxa.org/JoTT/article/download/7490/8605
10.11609/jott.7504.14.2.20654-20665	https://threatenedtaxa.org/JoTT/article/download/7504/8390
10.11609/jott.7511.14.11.22105-22117	https://threatenedtaxa.org/JoTT/article/download/7511/8878
10.11609/jott.7517.14.8.21727-21732	https://threatenedtaxa.org/JoTT/article/download/7517/8767
10.11609/jott.7522.14.9.21895-21897	https://threatenedtaxa.org/JoTT/article/download/7522/8819
10.11609/jott.7530.14.6.21302-21306	https://threatenedtaxa.org/JoTT/article/download/7530/8625
10.11609/jott.7545.14.2.20686-20688	https://threatenedtaxa.org/JoTT/article/download/7545/8360
10.11609/jott.7549.14.5.21055-21067	https://threatenedtaxa.org/JoTT/article/download/7549/8543
10.11609/jott.7550.14.6.21321-21323	https://threatenedtaxa.org/JoTT/article/download/7550/8593
10.11609/jott.7553.14.12.22270-22276	https://threatenedtaxa.org/JoTT/article/download/7553/8916
10.11609/jott.7558.14.2.20672-20676	https://threatenedtaxa.org/JoTT/article/download/7558/8368
10.11609/jott.7560.14.1.20478-20487	https://threatenedtaxa.org/JoTT/article/download/7560/8321
10.11609/jott.7564.14.2.20683-20685	https://threatenedtaxa.org/JoTT/article/download/7564/8392
10.11609/jott.7572.14.6.21127-21139	https://threatenedtaxa.org/JoTT/article/download/7572/8599
10.11609/jott.7575.14.3.20733-20739	https://threatenedtaxa.org/JoTT/article/download/7575/8423
10.11609/jott.7578.14.1.20494-20499	https://threatenedtaxa.org/JoTT/article/download/7578/8319
10.11609/jott.7581.14.2.20550-20565	https://threatenedtaxa.org/JoTT/article/download/7581/8384
10.11609/jott.7583.14.5.21019-21024	https://threatenedtaxa.org/JoTT/article/download/7583/8535
10.11609/jott.7589.14.9.21811-21817	https://threatenedtaxa.org/JoTT/article/download/7589/8817
10.11609/jott.7590.14.6.21324–21326	
10.11609/jott.7591.14.3.20805-20807	
10.11609/jott.7592.14.8.21529-21552	https://threatenedtaxa.org/JoTT/article/download/7592/8765
10.11609/jott.7593.14.8.21704-21709	https://threatenedtaxa.org/JoTT/article/download/7593/8763
10.11609/jott.7606.14.5.21084-21090	https://threatenedtaxa.org/JoTT/article/download/7606/8549
10.11609/jott.7607.14.4.20821-20827	https://threatenedtaxa.org/JoTT/article/download/7607/8468
10.11609/jott.7611.14.4.20921-20925	https://threatenedtaxa.org/JoTT/article/download/7611/8490
10.11609/jott.7613.14.8.21619-21641	https://threatenedtaxa.org/JoTT/article/download/7613/8761
10.11609/jott.7615.14.3.20808-20810	https://threatenedtaxa.org/JoTT/article/download/7615/8435
10.11609/jott.7621.14.8.21579-21587	https://threatenedtaxa.org/JoTT/article/download/7621/8759
10.11609/jott.7630.14.6.21307-21310	https://threatenedtaxa.org/JoTT/article/download/7630/8609
10.11609/jott.7635.14.6.21311-21314	https://threatenedtaxa.org/JoTT/article/download/7635/8639
10.11609/jott.7638.14.1.20503-20510	https://threatenedtaxa.org/JoTT/article/download/7638/8317
10.11609/jott.7640.14.11.22039-22057	https://threatenedtaxa.org/JoTT/article/download/7640/8871
10.11609/jott.7643.14.2.20689-20691	https://threatenedtaxa.org/JoTT/article/download/7643/8378
10.11609/jott.7650.14.9.21818-21825	https://threatenedtaxa.org/JoTT/article/download/7650/8815
10.11609/jott.7652.14.1.20511-20516	https://threatenedtaxa.org/JoTT/article/download/7652/8315
10.11609/jott.7660.14.2.20677-20679	https://threatenedtaxa.org/JoTT/article/download/7660/8380
10.11609/jott.7662.14.6.21327-21330	https://threatenedtaxa.org/JoTT/article/download/7662/8595
10.11609/jott.7663.14.2.20615-20624	https://threatenedtaxa.org/JoTT/article/download/7663/8400
10.11609/jott.7666.14.5.21010-21018	https://threatenedtaxa.org/JoTT/article/download/7666/8533
10.11609/jott.7670.14.1.20488-20493	https://threatenedtaxa.org/JoTT/article/download/7670/8312
10.11609/jott.7672.14.2.20648-20653	https://threatenedtaxa.org/JoTT/article/download/7672/8358
10.11609/jott.7677.14.2.20692-20694	https://threatenedtaxa.org/JoTT/article/download/7677/8388
10.11609/jott.7681.14.6.21179-21189	https://threatenedtaxa.org/JoTT/article/download/7681/8631
10.11609/jott.7682.14.7.21368-21387	https://threatenedtaxa.org/JoTT/article/download/7682/8683
10.11609/jott.7683.14.7.21409-21420	https://threatenedtaxa.org/JoTT/article/download/7683/8670
10.11609/jott.7687.14.6.21190-21198	https://threatenedtaxa.org/JoTT/article/download/7687/8635
10.11609/jott.7700.14.3.20801-20804	https://threatenedtaxa.org/JoTT/article/download/7700/8445
10.11609/jott.7711.14.1.20346-20370	https://threatenedtaxa.org/JoTT/article/download/7711/8310
10.11609/jott.7713.14.1.20517-20522	https://threatenedtaxa.org/JoTT/article/download/7713/8308
10.11609/jott.7715.14.11.22164-22178	https://threatenedtaxa.org/JoTT/article/download/7715/8886
10.11609/jott.7718.14.4.20946-20950	https://threatenedtaxa.org/JoTT/article/download/7718/8502
10.11609/jott.7719.14.1.20406-20412	
10.11609/jott.7722.14.2.20680-20682	https://threatenedtaxa.org/JoTT/article/download/7722/8356
10.11609/jott.7726.14.6.21140-21148	https://threatenedtaxa.org/JoTT/article/download/7726/8601
10.11609/jott.7727.14.9.21805-21810	https://threatenedtaxa.org/JoTT/article/download/7727/8813
10.11609/jott.7730.14.4.20903-20907	https://threatenedtaxa.org/JoTT/article/download/7730/8484
10.11609/jott.7742.14.2.20695-20697	https://threatenedtaxa.org/JoTT/article/download/7742/8362
10.11609/jott.7748.14.3.20721-20732	https://threatenedtaxa.org/JoTT/article/download/7748/8421
10.11609/jott.7751.14.11.22179-22183	https://threatenedtaxa.org/JoTT/article/download/7751/8887
10.11609/jott.7753.14.1.20500-20502	
10.11609/jott.7758.14.5.20964-20969	https://threatenedtaxa.org/JoTT/article/download/7758/8525
10.11609/jott.7761.14.6.21149-21154	https://threatenedtaxa.org/JoTT/article/download/7761/8603
10.11609/jott.7762.14.5.20970-20987	https://threatenedtaxa.org/JoTT/article/download/7762/8527
10.11609/jott.7765.14.2.20631-20636	https://threatenedtaxa.org/JoTT/article/download/7765/8372
10.11609/jott.7769.14.4.20930-20934	https://threatenedtaxa.org/JoTT/article/download/7769/8494
10.11609/jott.7774.14.11.22148-22155	https://threatenedtaxa.org/JoTT/article/download/7774/8872
10.11609/jott.7776.14.8.21715-21719	https://threatenedtaxa.org/JoTT/article/download/7776/8757
10.11609/jott.7779.14.4.20935-20938	https://threatenedtaxa.org/JoTT/article/download/7779/8496
10.11609/jott.7785.14.9.21853-21861	https://threatenedtaxa.org/JoTT/article/download/7785/8811
10.11609/jott.7790.14.3.20786-20791	https://threatenedtaxa.org/JoTT/article/download/7790/8433
10.11609/jott.7792.14.7.21421-21431	https://threatenedtaxa.org/JoTT/article/download/7792/8685
10.11609/jott.7797.14.9.21797-21804	https://threatenedtaxa.org/JoTT/article/download/7797/8831
10.11609/jott.7801.14.4.20890-20902	https://threatenedtaxa.org/JoTT/article/download/7801/8482
10.11609/jott.7802.14.3.20798-20800	https://threatenedtaxa.org/JoTT/article/download/7802/8443
10.11609/jott.7807.14.6.21227-21238	https://threatenedtaxa.org/JoTT/article/download/7807/8615
10.11609/jott.7808.14.7.21402-21408	https://threatenedtaxa.org/JoTT/article/download/7808/8689
10.11609/jott.7810.14.2.20666-20671	https://threatenedtaxa.org/JoTT/article/download/7810/8382
10.11609/jott.7816.14.9.21786-21796	https://threatenedtaxa.org/JoTT/article/download/7816/8833
10.11609/jott.7819.14.7.21442-21448	https://threatenedtaxa.org/JoTT/article/download/7819/8675
10.11609/jott.7826.14.11.22080-22085	https://threatenedtaxa.org/JoTT/article/download/7826/8877
10.11609/jott.7830.14.8.21612-21618	https://threatenedtaxa.org/JoTT/article/download/7830/8755
10.11609/jott.7835.14.5.20951-20963	https://threatenedtaxa.org/JoTT/article/download/7835/8523
10.11609/jott.7837.14.5.21102-21116	https://threatenedtaxa.org/JoTT/article/download/7837/8553
10.11609/jott.7840.14.6.21199-21212	https://threatenedtaxa.org/JoTT/article/download/7840/8629
10.11609/jott.7841.14.12.22232-22259	https://threatenedtaxa.org/JoTT/article/download/7841/8911
10.11609/jott.7842.14.8.21588-21604	https://threatenedtaxa.org/JoTT/article/download/7842/8753
10.11609/jott.7846.14.8.21745-21748	https://threatenedtaxa.org/JoTT/article/download/7846/8751
10.11609/jott.7849.14.1.20537-20538	https://threatenedtaxa.org/JoTT/article/download/7849/8276
10.11609/jott.7853.14.8.21739-21741	https://threatenedtaxa.org/JoTT/article/download/7853/8749
10.11609/jott.7857.14.7.21480-21483	https://threatenedtaxa.org/JoTT/article/download/7857/8695
10.11609/jott.7860.14.8.21651-21659	https://threatenedtaxa.org/JoTT/article/download/7860/8747
10.11609/jott.7861.14.11.22086-22097	https://threatenedtaxa.org/JoTT/article/download/7861/8880
10.11609/jott.7864.14.5.21122-21124	https://threatenedtaxa.org/JoTT/article/download/7864/8558
10.11609/jott.7870.14.7.21396-21401	https://threatenedtaxa.org/JoTT/article/download/7870/8681
10.11609/jott.7871.14.6.21285-21289	https://threatenedtaxa.org/JoTT/article/download/7871/8637
10.11609/jott.7885.14.6.21213-21226	https://threatenedtaxa.org/JoTT/article/download/7885/8627
10.11609/jott.7886.14.12.22207-22214	https://threatenedtaxa.org/JoTT/article/download/7886/8912
10.11609/jott.7890.14.4.20939-20942	https://threatenedtaxa.org/JoTT/article/download/7890/8498
10.11609/jott.7891.14.7.21467-21469	https://threatenedtaxa.org/JoTT/article/download/7891/8691
10.11609/jott.7896.14.6.21315-21317	https://threatenedtaxa.org/JoTT/article/download/7896/8591
10.11609/jott.7897.14.12.22341-22345	https://threatenedtaxa.org/JoTT/article/download/7897/8922
10.11609/jott.7898.14.2.20701-20702	https://threatenedtaxa.org/JoTT/article/download/7898/8352
10.11609/jott.7899.14.2.20698-20700	https://threatenedtaxa.org/JoTT/article/download/7899/8364
10.11609/jott.7902.14.6.21296-21301	https://threatenedtaxa.org/JoTT/article/download/7902/8611
10.11609/jott.7915.14.5.21125-21126	https://threatenedtaxa.org/JoTT/article/download/7915/8560
10.11609/jott.7930.14.8.21642-21650	https://threatenedtaxa.org/JoTT/article/download/7930/8745
10.11609/jott.7934.14.11.22118-22132	https://threatenedtaxa.org/JoTT/article/download/7934/8875
10.11609/jott.7936.14.6.21161-21169	https://threatenedtaxa.org/JoTT/article/download/7936/8607
10.11609/jott.7953.14.12.22221-22231	https://threatenedtaxa.org/JoTT/article/download/7953/8914
10.11609/jott.7955.14.8.21736-21738	https://threatenedtaxa.org/JoTT/article/download/7955/8743
10.11609/jott.7957.14.9.21836-21844	https://threatenedtaxa.org/JoTT/article/download/7957/8809
10.11609/jott.7959.14.11.22133-22138	https://threatenedtaxa.org/JoTT/article/download/7959/8881
10.11609/jott.7960.14.12.22215-22220	https://threatenedtaxa.org/JoTT/article/download/7960/8913
10.11609/jott.7962.14.8.21733-21735	https://threatenedtaxa.org/JoTT/article/download/7962/8741
10.11609/jott.7964.14.8.21710-21714	https://threatenedtaxa.org/JoTT/article/download/7964/8739
10.11609/jott.7976.14.8.21742-21744	https://threatenedtaxa.org/JoTT/article/download/7976/8737
10.11609/jott.7986.14.7.21449-21452	https://threatenedtaxa.org/JoTT/article/download/7986/8693
10.11609/jott.7989.14.6.21282-21284	https://threatenedtaxa.org/JoTT/article/download/7989/8621
10.11609/jott.7992.14.7.21473-21475	https://threatenedtaxa.org/JoTT/article/download/7992/8699
10.11609/jott.7995.14.8.21501-21507	https://threatenedtaxa.org/JoTT/article/download/7995/8735
10.11609/jott.7999.14.11.22098-22104	https://threatenedtaxa.org/JoTT/article/download/7999/8876
10.11609/jott.8010.14.12.22293-22308	https://threatenedtaxa.org/JoTT/article/download/8010/8918
10.11609/jott.8019.14.9.21845-21852	https://threatenedtaxa.org/JoTT/article/download/8019/8807
10.11609/jott.8021.14.8.21749-21750	https://threatenedtaxa.org/JoTT/article/download/8021/8733
10.11609/jott.8026.14.7.21462-21466	https://threatenedtaxa.org/JoTT/article/download/8026/8697
10.11609/jott.8030.14.8.21487-21500	https://threatenedtaxa.org/JoTT/article/download/8030/8731
10.11609/jott.8040.14.12.22277-22292	https://threatenedtaxa.org/JoTT/article/download/8040/8917
10.11609/jott.8049.14.11.22190-22194	https://threatenedtaxa.org/JoTT/article/download/8049/8885
10.11609/jott.8050.14.9.21751-21768	https://threatenedtaxa.org/JoTT/article/download/8050/8835
10.11609/jott.8052.14.6.21318-21320	https://threatenedtaxa.org/JoTT/article/download/8052/8589
10.11609/jott.8058.14.7.21470-21472	https://threatenedtaxa.org/JoTT/article/download/8058/8662
10.11609/jott.8064.14.9.21898-21899	https://threatenedtaxa.org/JoTT/article/download/8064/8805
10.11609/jott.8074.14.9.21776-21785	https://threatenedtaxa.org/JoTT/article/download/8074/8803
10.11609/jott.8085.14.11.22139-22147	https://threatenedtaxa.org/JoTT/article/download/8085/8873
10.11609/jott.8092.14.12.22329-22336	https://threatenedtaxa.org/JoTT/article/download/8092/8920
10.11609/jott.8100.14.11.22201-22202	https://threatenedtaxa.org/JoTT/article/download/8100/8889
10.11609/jott.8119.14.11.22058-22079	https://threatenedtaxa.org/JoTT/article/download/8119/8879
10.11609/jott.8130.14.11.22195-22200	https://threatenedtaxa.org/JoTT/article/download/8130/8909
10.11609/jott.8148.14.9.21891-21894	https://threatenedtaxa.org/JoTT/article/download/8148/8801
10.11609/jott.8167.14.12.22337-22340	https://threatenedtaxa.org/JoTT/article/download/8167/8921
10.11609/jott.8223.14.12.22351-22353	https://threatenedtaxa.org/JoTT/article/download/8223/8924
10.11609/jott.8278.14.11.22203-22204	https://threatenedtaxa.org/JoTT/article/download/8278/8883
10.11609/jott.8282.14.11.22205-22206	https://threatenedtaxa.org/JoTT/article/download/8282/8882
10.11609/jott.8304.14.12.22354	https://threatenedtaxa.org/JoTT/article/download/8304/8925
10.1163/15685403-bja10174	
10.1163/15685403-bja10176	
10.1163/15685403-bja10178	
10.1163/15685403-bja10181	
10.1163/15685403-bja10186	
10.1163/15685403-bja10192	
10.1163/15685403-bja10234	
10.1163/15685411-bja10176	
10.1163/15685411-bja10178	
10.1163/18759866-bja10024	https://brill.com/downloadpdf/journals/ctoz/91/1/article-p1_1.pdf
10.1163/18759866-bja10025	https://brill.com/downloadpdf/journals/ctoz/91/1/article-p62_62.pdf
10.1163/1876312X-bja10036	
10.11646/megataxa.8.1.1	
10.11646/palaeoentomology.5.1.2	
10.11646/palaeoentomology.5.2.4	
10.11646/palaeoentomology.5.2.5	
10.11646/palaeoentomology.5.2.7	https://mapress.com/pe/article/download/palaeoentomology.5.2.7/47347
10.11646/palaeoentomology.5.6.10	
10.11646/palaeoentomology.5.6.11	
10.11646/palaeoentomology.5.6.8	
10.11646/phytotaxa.530.1.1	
10.11646/phytotaxa.530.1.10	
10.11646/phytotaxa.530.1.11	
10.11646/phytotaxa.530.1.12	
10.11646/phytotaxa.530.1.13	
10.11646/phytotaxa.530.1.14	
10.11646/phytotaxa.530.1.15	
10.11646/phytotaxa.530.1.2	
10.11646/phytotaxa.530.1.3	
10.11646/phytotaxa.530.1.4	
10.11646/phytotaxa.530.1.5	
10.11646/phytotaxa.530.1.6	
10.11646/phytotaxa.530.1.7	
10.11646/phytotaxa.530.1.8	
10.11646/phytotaxa.530.1.9	
10.11646/phytotaxa.530.2.1	https://www.biotaxa.org/Phytotaxa/article/download/phytotaxa.530.2.1/70027
10.11646/phytotaxa.530.2.10	
10.11646/phytotaxa.530.2.11	
10.11646/phytotaxa.530.2.12	
10.11646/phytotaxa.530.2.13	
10.11646/phytotaxa.530.2.2	
10.11646/phytotaxa.530.2.3	
10.11646/phytotaxa.530.2.4	
10.11646/phytotaxa.530.2.5	
10.11646/phytotaxa.530.2.6	
10.11646/phytotaxa.530.2.7	
10.11646/phytotaxa.530.2.8	
10.11646/phytotaxa.530.2.9	
10.11646/phytotaxa.530.3.1	
10.11646/phytotaxa.530.3.2	
10.11646/phytotaxa.530.3.3	
10.11646/phytotaxa.530.3.4	
10.11646/phytotaxa.530.3.5	
10.11646/phytotaxa.531.1.1	
10.11646/phytotaxa.531.1.10	
10.11646/phytotaxa.531.1.2	
10.11646/phytotaxa.531.1.3	
10.11646/phytotaxa.531.1.4	
10.11646/phytotaxa.531.1.5	
10.11646/phytotaxa.531.1.6	
10.11646/phytotaxa.531.1.7	
10.11646/phytotaxa.531.1.8	
10.11646/phytotaxa.531.1.9	
10.11646/phytotaxa.531.2.2	
10.11646/phytotaxa.531.2.5	
10.11646/phytotaxa.531.2.7	
10.11646/phytotaxa.531.2.9	
10.11646/phytotaxa.531.3.1	
10.11646/phytotaxa.531.3.2	
10.11646/phytotaxa.531.3.3	
10.11646/phytotaxa.531.3.4	
10.11646/phytotaxa.531.3.5	
10.11646/phytotaxa.531.3.6	
10.11646/phytotaxa.531.3.7	
10.11646/phytotaxa.531.3.8	
10.11646/phytotaxa.532.1.1	
10.11646/phytotaxa.532.1.10	
10.11646/phytotaxa.532.1.2	
10.11646/phytotaxa.532.1.3	
10.11646/phytotaxa.532.1.4	
10.11646/phytotaxa.532.1.5	
10.11646/phytotaxa.532.1.6	
10.11646/phytotaxa.532.1.7	
10.11646/phytotaxa.532.1.8	
10.11646/phytotaxa.532.1.9	
10.11646/phytotaxa.532.2.1	
10.11646/phytotaxa.532.2.2	
10.11646/phytotaxa.532.2.3	
10.11646/phytotaxa.532.2.4	
10.11646/phytotaxa.532.2.5	
10.11646/phytotaxa.532.2.6	
10.11646/phytotaxa.532.2.7	
10.11646/phytotaxa.532.2.8	
10.11646/phytotaxa.532.3.1	
10.11646/phytotaxa.532.3.3	
10.11646/phytotaxa.533.1.3	
10.11646/phytotaxa.533.2.2	
10.11646/phytotaxa.533.2.4	
10.11646/phytotaxa.533.3.1	
10.11646/phytotaxa.533.3.2	
10.11646/phytotaxa.533.3.3	https://www.biotaxa.org/Phytotaxa/article/download/phytotaxa.533.3.3/70476
10.11646/phytotaxa.533.4.1	
10.11646/phytotaxa.533.4.2	
10.11646/phytotaxa.533.4.3	
10.11646/phytotaxa.533.4.4	
10.11646/phytotaxa.533.4.5	
10.11646/phytotaxa.533.4.6	
10.11646/phytotaxa.533.4.7	
10.11646/phytotaxa.536.1.1	https://www.biotaxa.org/Phytotaxa/article/download/phytotaxa.536.1.1/70727
10.11646/phytotaxa.536.1.2	
10.11646/phytotaxa.536.1.3	
10.11646/phytotaxa.536.1.4	
10.11646/phytotaxa.536.1.5	
10.11646/phytotaxa.536.1.6	
10.11646/phytotaxa.536.1.7	
10.11646/phytotaxa.536.1.8	
10.11646/phytotaxa.536.2.2	
10.11646/phytotaxa.536.2.5	
10.11646/phytotaxa.536.3.1	
10.11646/phytotaxa.536.3.10	
10.11646/phytotaxa.536.3.2	
10.11646/phytotaxa.536.3.3	
10.11646/phytotaxa.536.3.4	
10.11646/phytotaxa.536.3.5	
10.11646/phytotaxa.536.3.6	
10.11646/phytotaxa.536.3.7	
10.11646/phytotaxa.536.3.8	
10.11646/phytotaxa.536.3.9	
10.11646/phytotaxa.538.2.1	
10.11646/phytotaxa.538.2.10	
10.11646/phytotaxa.538.2.2	
10.11646/phytotaxa.538.2.3	
10.11646/phytotaxa.538.2.4	
10.11646/phytotaxa.538.2.5	
10.11646/phytotaxa.538.2.6	
10.11646/phytotaxa.538.2.7	
10.11646/phytotaxa.538.2.8	
10.11646/phytotaxa.538.2.9	
10.11646/phytotaxa.538.3.7	
10.11646/phytotaxa.539.1.1	https://www.biotaxa.org/Phytotaxa/article/download/phytotaxa.539.1.1/71115
10.11646/phytotaxa.539.1.10	
10.11646/phytotaxa.539.1.2	
10.11646/phytotaxa.539.1.3	
10.11646/phytotaxa.539.1.4	
10.11646/phytotaxa.539.1.5	
10.11646/phytotaxa.539.1.6	
10.11646/phytotaxa.539.1.7	
10.11646/phytotaxa.539.1.8	
10.11646/phytotaxa.539.1.9	
10.11646/phytotaxa.539.2.5	
10.11646/phytotaxa.541.1.1	https://www.biotaxa.org/Phytotaxa/article/download/phytotaxa.541.1.1/71316
10.11646/phytotaxa.541.1.10	https://www.biotaxa.org/Phytotaxa/article/download/phytotaxa.541.1.10/71325
10.11646/phytotaxa.541.1.2	
10.11646/phytotaxa.541.1.3	
10.11646/phytotaxa.541.1.4	
10.11646/phytotaxa.541.1.5	
10.11646/phytotaxa.541.1.6	
10.11646/phytotaxa.541.1.7	
10.11646/phytotaxa.541.1.8	
10.11646/phytotaxa.541.1.9	
10.11646/phytotaxa.541.3.1	https://www.biotaxa.org/Phytotaxa/article/download/phytotaxa.541.3.1/71398
10.11646/phytotaxa.541.3.10	
10.11646/phytotaxa.541.3.2	
10.11646/phytotaxa.541.3.3	
10.11646/phytotaxa.541.3.4	
10.11646/phytotaxa.541.3.5	
10.11646/phytotaxa.541.3.6	
10.11646/phytotaxa.541.3.7	
10.11646/phytotaxa.541.3.8	
10.11646/phytotaxa.541.3.9	
10.11646/phytotaxa.542.2.1	
10.11646/phytotaxa.542.2.2	
10.11646/phytotaxa.542.2.3	
10.11646/phytotaxa.542.2.4	https://hal.archives-ouvertes.fr/hal-03667528/file/Beauger%20et%20al.%202022%20Phytotaxa%20Gomphosphenia.pdf
10.11646/phytotaxa.542.2.5	
10.11646/phytotaxa.542.2.6	
10.11646/phytotaxa.542.2.7	
10.11646/phytotaxa.542.2.8	
10.11646/phytotaxa.542.2.9	
10.11646/phytotaxa.543.1.1	
10.11646/phytotaxa.543.1.10	
10.11646/phytotaxa.543.1.11	
10.11646/phytotaxa.543.1.2	https://www.biotaxa.org/Phytotaxa/article/download/phytotaxa.543.1.2/71520
10.11646/phytotaxa.543.1.3	
10.11646/phytotaxa.543.1.4	
10.11646/phytotaxa.543.1.5	
10.11646/phytotaxa.543.1.6	
10.11646/phytotaxa.543.1.7	
10.11646/phytotaxa.543.1.8	
10.11646/phytotaxa.543.1.9	https://www.biotaxa.org/Phytotaxa/article/download/phytotaxa.543.1.9/71527
10.11646/phytotaxa.543.4.3	
10.11646/phytotaxa.543.4.4	
10.11646/phytotaxa.544.1.1	https://www.biotaxa.org/Phytotaxa/article/download/phytotaxa.544.1.1/71736
10.11646/phytotaxa.544.1.10	
10.11646/phytotaxa.544.1.2	
10.11646/phytotaxa.544.1.3	
10.11646/phytotaxa.544.1.4	
10.11646/phytotaxa.544.1.5	
10.11646/phytotaxa.544.1.6	
10.11646/phytotaxa.544.1.7	
10.11646/phytotaxa.544.1.8	
10.11646/phytotaxa.544.1.9	
10.11646/phytotaxa.544.2.2	
10.11646/phytotaxa.544.2.3	
10.11646/phytotaxa.544.2.5	
10.11646/phytotaxa.544.2.7	
10.11646/phytotaxa.544.3.1	
10.11646/phytotaxa.544.3.2	
10.11646/phytotaxa.544.3.3	
10.11646/phytotaxa.544.3.4	
10.11646/phytotaxa.545.1.2	
10.11646/phytotaxa.545.3.3	
10.11646/phytotaxa.547.1.1	
10.11646/phytotaxa.547.1.10	
10.11646/phytotaxa.547.1.11	https://www.biotaxa.org/Phytotaxa/article/download/phytotaxa.547.1.11/71965
10.11646/phytotaxa.547.1.12	
10.11646/phytotaxa.547.1.2	
10.11646/phytotaxa.547.1.3	
10.11646/phytotaxa.547.1.4	
10.11646/phytotaxa.547.1.5	
10.11646/phytotaxa.547.1.6	
10.11646/phytotaxa.547.1.7	
10.11646/phytotaxa.547.1.8	
10.11646/phytotaxa.547.1.9	
10.11646/phytotaxa.548.1.2	
10.11646/phytotaxa.548.1.7	
10.11646/phytotaxa.549.1.1	
10.11646/phytotaxa.549.1.10	
10.11646/phytotaxa.549.1.11	
10.11646/phytotaxa.549.1.12	
10.11646/phytotaxa.549.1.2	
10.11646/phytotaxa.549.1.3	
10.11646/phytotaxa.549.1.4	
10.11646/phytotaxa.549.1.5	
10.11646/phytotaxa.549.1.6	
10.11646/phytotaxa.549.1.7	
10.11646/phytotaxa.549.1.8	
10.11646/phytotaxa.549.1.9	
10.11646/phytotaxa.552.1.2	
10.11646/phytotaxa.552.1.3	
10.11646/phytotaxa.552.1.6	
10.11646/phytotaxa.552.2.1	
10.11646/phytotaxa.552.2.2	
10.11646/phytotaxa.552.2.3	
10.11646/phytotaxa.552.2.4	
10.11646/phytotaxa.552.5.2	
10.11646/phytotaxa.554.2.1	
10.11646/phytotaxa.554.2.2	
10.11646/phytotaxa.554.2.3	
10.11646/phytotaxa.554.2.7	
10.11646/phytotaxa.554.3.3	
10.11646/phytotaxa.555.1.1	https://www.biotaxa.org/Phytotaxa/article/download/phytotaxa.555.1.1/72698
10.11646/phytotaxa.555.1.2	
10.11646/phytotaxa.555.1.3	
10.11646/phytotaxa.555.1.4	
10.11646/phytotaxa.555.1.5	
10.11646/phytotaxa.555.1.6	
10.11646/phytotaxa.555.1.7	
10.11646/phytotaxa.555.1.8	
10.11646/phytotaxa.555.1.9	
10.11646/phytotaxa.555.4.1	
10.11646/phytotaxa.555.4.2	
10.11646/phytotaxa.556.1.5	
10.11646/phytotaxa.556.1.7	
10.11646/phytotaxa.556.1.8	
10.11646/phytotaxa.556.2.3	
10.11646/phytotaxa.556.2.4	
10.11646/phytotaxa.556.2.6	
10.11646/phytotaxa.556.2.8	
10.11646/phytotaxa.556.3.2	
10.11646/phytotaxa.556.3.4	
10.11646/phytotaxa.558.1.2	
10.11646/phytotaxa.558.1.7	https://hal.archives-ouvertes.fr/hal-03864559/file/Manuscript%20Staurophora%20et%20al.%20.pdf
10.11646/phytotaxa.558.2.5	
10.11646/phytotaxa.558.2.6	
10.11646/phytotaxa.558.3.1	
10.11646/phytotaxa.558.3.2	
10.11646/phytotaxa.558.3.3	
10.11646/phytotaxa.558.3.4	
10.11646/phytotaxa.558.3.5	
10.11646/phytotaxa.558.3.6	
10.11646/phytotaxa.558.3.7	
10.11646/phytotaxa.559.1.3	
10.11646/phytotaxa.559.1.4	
10.11646/phytotaxa.559.2.3	
10.11646/phytotaxa.559.2.8	
10.11646/phytotaxa.559.3.1	
10.11646/phytotaxa.559.3.3	
10.11646/phytotaxa.559.3.4	
10.11646/phytotaxa.560.1.10	
10.11646/phytotaxa.560.1.6	
10.11646/phytotaxa.560.1.7	
10.11646/phytotaxa.560.2.3	
10.11646/phytotaxa.560.2.8	
10.11646/phytotaxa.560.3.2	
10.11646/phytotaxa.561.1.4	
10.11646/phytotaxa.561.1.5	
10.11646/phytotaxa.561.1.7	
10.11646/phytotaxa.561.2.1	
10.11646/phytotaxa.561.2.10	
10.11646/phytotaxa.561.2.2	
10.11646/phytotaxa.561.2.3	
10.11646/phytotaxa.561.2.4	
10.11646/phytotaxa.561.2.5	
10.11646/phytotaxa.561.2.6	
10.11646/phytotaxa.561.2.7	
10.11646/phytotaxa.561.2.8	
10.11646/phytotaxa.561.2.9	
10.11646/phytotaxa.564.2.9	
10.11646/phytotaxa.564.3.3	
10.11646/phytotaxa.566.2.2	
10.11646/phytotaxa.566.2.3	
10.11646/phytotaxa.566.2.6	
10.11646/phytotaxa.567.1.3	
10.11646/phytotaxa.567.1.5	
10.11646/phytotaxa.567.1.7	
10.11646/phytotaxa.567.3.2	
10.11646/phytotaxa.567.3.4	
10.11646/phytotaxa.567.3.5	
10.11646/phytotaxa.567.3.6	
10.11646/phytotaxa.567.3.8	
10.11646/phytotaxa.568.1.1	https://www.biotaxa.org/Phytotaxa/article/download/phytotaxa.568.1.1/73769
10.11646/phytotaxa.568.1.2	
10.11646/phytotaxa.568.1.3	
10.11646/phytotaxa.568.1.4	
10.11646/phytotaxa.568.1.5	
10.11646/phytotaxa.568.1.6	
10.11646/phytotaxa.568.1.7	
10.11646/phytotaxa.568.3.5	
10.11646/phytotaxa.570.1.1	
10.11646/phytotaxa.570.1.10	https://www.biotaxa.org/Phytotaxa/article/download/phytotaxa.570.1.10/73983
10.11646/phytotaxa.570.1.2	
10.11646/phytotaxa.570.1.3	
10.11646/phytotaxa.570.1.4	
10.11646/phytotaxa.570.1.5	
10.11646/phytotaxa.570.1.6	
10.11646/phytotaxa.570.1.7	
10.11646/phytotaxa.570.1.8	
10.11646/phytotaxa.570.1.9	
10.11646/phytotaxa.571.1.1	
10.11646/phytotaxa.571.1.3	
10.11646/phytotaxa.571.1.5	
10.11646/phytotaxa.571.1.7	
10.11646/phytotaxa.571.2.3	
10.11646/phytotaxa.571.2.7	
10.11646/phytotaxa.571.3.2	
10.11646/phytotaxa.572.1.4	
10.11646/phytotaxa.572.1.5	
10.11646/phytotaxa.572.1.6	
10.11646/phytotaxa.572.3.2	
10.11646/phytotaxa.572.3.4	
10.11646/phytotaxa.572.3.7	
10.11646/phytotaxa.572.3.9	
10.11646/phytotaxa.573.1.4	
10.11646/phytotaxa.573.1.5	
10.11646/phytotaxa.573.1.6	
10.11646/phytotaxa.573.1.8	
10.11646/phytotaxa.573.2.5	
10.11646/phytotaxa.573.2.6	
10.11646/phytotaxa.574.4.4	
10.11646/phytotaxa.575.2.1	
10.11646/phytotaxa.575.2.2	
10.11646/phytotaxa.575.2.3	
10.11646/phytotaxa.575.2.4	
10.11646/phytotaxa.575.2.5	
10.11646/phytotaxa.575.2.7	
10.11646/phytotaxa.575.3.1	
10.11646/phytotaxa.575.3.3	
10.11646/phytotaxa.575.3.5	
10.11646/phytotaxa.575.3.6	
10.11646/phytotaxa.576.1.1	
10.11646/phytotaxa.576.1.2	
10.11646/phytotaxa.576.1.3	
10.11646/phytotaxa.576.1.4	
10.11646/phytotaxa.576.1.5	
10.11646/phytotaxa.576.1.6	
10.11646/phytotaxa.576.1.7	
10.11646/phytotaxa.576.1.8	
10.11646/phytotaxa.576.1.9	
10.11646/phytotaxa.576.3.1	
10.11646/phytotaxa.576.3.3	
10.11646/phytotaxa.576.3.5	
10.11646/phytotaxa.577.1.7	
10.11646/phytotaxa.577.1.9	
10.11646/zootaxa.5087.2.1	https://mapress.com/zt/article/download/zootaxa.5087.2.1/46350
10.11646/zootaxa.5087.2.10	
10.11646/zootaxa.5087.2.2	
10.11646/zootaxa.5087.2.3	
10.11646/zootaxa.5087.2.4	
10.11646/zootaxa.5087.2.5	
10.11646/zootaxa.5087.2.6	
10.11646/zootaxa.5087.2.7	
10.11646/zootaxa.5087.2.8	
10.11646/zootaxa.5087.2.9	
10.11646/zootaxa.5087.3.1	
10.11646/zootaxa.5087.3.2	https://digitalcommons.unl.edu/cgi/viewcontent.cgi?article=2033&context=entomologyfacpub
10.11646/zootaxa.5087.3.3	
10.11646/zootaxa.5087.3.4	
10.11646/zootaxa.5087.3.5	
10.11646/zootaxa.5087.3.6	
10.11646/zootaxa.5087.3.7	
10.11646/zootaxa.5087.3.8	
10.11646/zootaxa.5087.4.1	
10.11646/zootaxa.5087.4.2	
10.11646/zootaxa.5087.4.3	
10.11646/zootaxa.5087.4.4	
10.11646/zootaxa.5087.4.5	
10.11646/zootaxa.5087.4.6	
10.11646/zootaxa.5087.4.7	
10.11646/zootaxa.5087.4.8	https://mapress.com/zt/article/download/zootaxa.5087.4.8/46390
10.11646/zootaxa.5087.4.9	https://mapress.com/zt/article/download/zootaxa.5087.4.9/46391
10.11646/zootaxa.5091.1.1	
10.11646/zootaxa.5091.1.10	
10.11646/zootaxa.5091.1.2	
10.11646/zootaxa.5091.1.3	
10.11646/zootaxa.5091.1.4	
10.11646/zootaxa.5091.1.5	https://mapress.com/zt/article/download/zootaxa.5091.1.5/46417
10.11646/zootaxa.5091.1.6	
10.11646/zootaxa.5091.1.7	
10.11646/zootaxa.5091.1.8	
10.11646/zootaxa.5091.1.9	
10.11646/zootaxa.5091.3.1	
10.11646/zootaxa.5091.3.2	
10.11646/zootaxa.5091.3.3	
10.11646/zootaxa.5091.3.4	
10.11646/zootaxa.5091.3.5	
10.11646/zootaxa.5091.3.6	
10.11646/zootaxa.5091.3.7	
10.11646/zootaxa.5091.3.8	
10.11646/zootaxa.5091.3.9	
10.11646/zootaxa.5092.4.1	
10.11646/zootaxa.5092.4.7	
10.11646/zootaxa.5092.5.1	
10.11646/zootaxa.5092.5.2	
10.11646/zootaxa.5092.5.3	
10.11646/zootaxa.5092.5.4	
10.11646/zootaxa.5092.5.5	
10.11646/zootaxa.5092.5.6	
10.11646/zootaxa.5092.5.7	
10.11646/zootaxa.5092.5.8	
10.11646/zootaxa.5093.2.2	
10.11646/zootaxa.5093.2.4	
10.11646/zootaxa.5093.2.6	
10.11646/zootaxa.5093.3.1	
10.11646/zootaxa.5093.3.2	
10.11646/zootaxa.5093.3.3	
10.11646/zootaxa.5093.3.4	
10.11646/zootaxa.5093.3.5	
10.11646/zootaxa.5093.3.6	
10.11646/zootaxa.5093.3.7	
10.11646/zootaxa.5093.3.8	https://mapress.com/zt/article/download/zootaxa.5093.3.8/46558
10.11646/zootaxa.5093.4.1	
10.11646/zootaxa.5093.4.2	
10.11646/zootaxa.5093.4.3	
10.11646/zootaxa.5093.4.4	
10.11646/zootaxa.5093.4.5	
10.11646/zootaxa.5093.4.6	
10.11646/zootaxa.5093.4.7	
10.11646/zootaxa.5094.3.5	https://mapress.com/zt/article/download/zootaxa.5094.3.5/46612
10.11646/zootaxa.5099.2.1	
10.11646/zootaxa.5099.2.2	
10.11646/zootaxa.5099.2.3	
10.11646/zootaxa.5099.2.4	
10.11646/zootaxa.5099.2.5	
10.11646/zootaxa.5099.2.6	
10.11646/zootaxa.5099.2.7	
10.11646/zootaxa.5099.2.8	
10.11646/zootaxa.5099.2.9	
10.11646/zootaxa.5099.3.3	
10.11646/zootaxa.5099.5.1	
10.11646/zootaxa.5099.5.2	
10.11646/zootaxa.5099.5.3	
10.11646/zootaxa.5099.5.4	
10.11646/zootaxa.5099.5.5	https://mapress.com/zt/article/download/zootaxa.5099.5.5/46685
10.11646/zootaxa.5099.5.6	
10.11646/zootaxa.5100.2.5	
10.11646/zootaxa.5100.3.1	
10.11646/zootaxa.5100.3.5	
10.11646/zootaxa.5100.3.6	
10.11646/zootaxa.5100.4.1	
10.11646/zootaxa.5100.4.2	
10.11646/zootaxa.5100.4.3	
10.11646/zootaxa.5100.4.4	
10.11646/zootaxa.5100.4.5	https://mapress.com/zt/article/download/zootaxa.5100.4.5/46724
10.11646/zootaxa.5100.4.6	
10.11646/zootaxa.5100.4.7	
10.11646/zootaxa.5100.4.8	
10.11646/zootaxa.5100.4.9	https://mapress.com/zt/article/download/zootaxa.5100.4.9/46728
10.11646/zootaxa.5101.1.1	
10.11646/zootaxa.5104.2.2	
10.11646/zootaxa.5104.2.4	
10.11646/zootaxa.5104.3.1	
10.11646/zootaxa.5104.3.2	
10.11646/zootaxa.5104.3.3	
10.11646/zootaxa.5104.3.4	
10.11646/zootaxa.5104.3.5	
10.11646/zootaxa.5104.3.6	
10.11646/zootaxa.5104.3.7	
10.11646/zootaxa.5104.3.8	
10.11646/zootaxa.5104.3.9	
10.11646/zootaxa.5104.4.1	
10.11646/zootaxa.5104.4.10	
10.11646/zootaxa.5104.4.2	
10.11646/zootaxa.5104.4.3	
10.11646/zootaxa.5104.4.4	
10.11646/zootaxa.5104.4.5	
10.11646/zootaxa.5104.4.6	
10.11646/zootaxa.5104.4.7	
10.11646/zootaxa.5104.4.8	
10.11646/zootaxa.5104.4.9	
10.11646/zootaxa.5105.1.3	
10.11646/zootaxa.5105.1.5	
10.11646/zootaxa.5105.2.6	
10.11646/zootaxa.5105.2.8	
10.11646/zootaxa.5105.3.6	
10.11646/zootaxa.5105.4.1	
10.11646/zootaxa.5105.4.2	
10.11646/zootaxa.5105.4.3	
10.11646/zootaxa.5105.4.4	
10.11646/zootaxa.5105.4.5	
10.11646/zootaxa.5105.4.6	
10.11646/zootaxa.5105.4.7	
10.11646/zootaxa.5105.4.8	
10.11646/zootaxa.5105.4.9	
10.11646/zootaxa.5113.1.1	https://mapress.com/zt/article/download/zootaxa.5113.1.1/46879
10.11646/zootaxa.5115.1.2	
10.11646/zootaxa.5115.1.4	
10.11646/zootaxa.5115.1.9	
10.11646/zootaxa.5115.2.1	
10.11646/zootaxa.5115.2.2	
10.11646/zootaxa.5115.2.3	
10.11646/zootaxa.5115.2.4	https://mapress.com/zt/article/download/zootaxa.5115.2.4/46909
10.11646/zootaxa.5115.2.5	
10.11646/zootaxa.5115.2.6	
10.11646/zootaxa.5115.2.7	
10.11646/zootaxa.5115.2.8	
10.11646/zootaxa.5115.2.9	
10.11646/zootaxa.5115.3.3	
10.11646/zootaxa.5115.4.10	https://mapress.com/zt/article/download/zootaxa.5115.4.10/46942
10.11646/zootaxa.5115.4.8	
10.11646/zootaxa.5116.1.1	
10.11646/zootaxa.5116.1.4	
10.11646/zootaxa.5116.2.5	
10.11646/zootaxa.5116.2.6	
10.11646/zootaxa.5116.3.4	
10.11646/zootaxa.5116.3.6	
10.11646/zootaxa.5116.4.7	
10.11646/zootaxa.5120.1.1	
10.11646/zootaxa.5120.1.2	
10.11646/zootaxa.5120.1.3	https://mapress.com/zt/article/download/zootaxa.5120.1.3/47001
10.11646/zootaxa.5120.1.4	https://mapress.com/zt/article/download/zootaxa.5120.1.4/47002
10.11646/zootaxa.5120.1.5	https://mapress.com/zt/article/download/zootaxa.5120.1.5/47003
10.11646/zootaxa.5120.1.6	
10.11646/zootaxa.5120.1.7	
10.11646/zootaxa.5120.1.8	
10.11646/zootaxa.5120.1.9	
10.11646/zootaxa.5120.3.3	
10.11646/zootaxa.5120.3.6	
10.11646/zootaxa.5120.4.6	
10.11646/zootaxa.5123.1.1	
10.11646/zootaxa.5124.1.3	
10.11646/zootaxa.5124.2.10	
10.11646/zootaxa.5124.2.3	
10.11646/zootaxa.5124.3.1	
10.11646/zootaxa.5124.3.2	
10.11646/zootaxa.5124.3.4	
10.11646/zootaxa.5124.3.7	https://zenodo.org/record/6382312/files/0318Dimitrov_proof.pdf
10.11646/zootaxa.5124.4.1	
10.11646/zootaxa.5124.4.2	
10.11646/zootaxa.5124.4.3	
10.11646/zootaxa.5124.4.4	
10.11646/zootaxa.5124.4.5	
10.11646/zootaxa.5124.4.6	https://mapress.com/zt/article/download/zootaxa.5124.4.6/47118
10.11646/zootaxa.5124.4.7	
10.11646/zootaxa.5124.4.8	
10.11646/zootaxa.5124.5.5	
10.11646/zootaxa.5125.2.1	
10.11646/zootaxa.5125.3.1	
10.11646/zootaxa.5125.3.2	https://mapress.com/zt/article/download/zootaxa.5125.3.2/47164
10.11646/zootaxa.5125.3.3	
10.11646/zootaxa.5125.3.4	
10.11646/zootaxa.5125.3.5	
10.11646/zootaxa.5125.3.6	
10.11646/zootaxa.5128.1.3	
10.11646/zootaxa.5128.2.6	
10.11646/zootaxa.5128.3.4	
10.11646/zootaxa.5128.3.9	
10.11646/zootaxa.5128.4.8	
10.11646/zootaxa.5129.1.10	
10.11646/zootaxa.5129.1.5	
10.11646/zootaxa.5129.2.1	
10.11646/zootaxa.5129.2.2	
10.11646/zootaxa.5129.2.3	
10.11646/zootaxa.5129.2.4	
10.11646/zootaxa.5129.2.5	
10.11646/zootaxa.5129.2.6	https://mapress.com/zt/article/download/zootaxa.5129.2.6/47287
10.11646/zootaxa.5129.2.7	
10.11646/zootaxa.5129.2.8	
10.11646/zootaxa.5129.2.9	https://mapress.com/zt/article/download/zootaxa.5129.2.9/47290
10.11646/zootaxa.5129.3.3	
10.11646/zootaxa.5129.3.5	
10.11646/zootaxa.5131.1.1	
10.11646/zootaxa.5133.1.1	
10.11646/zootaxa.5133.1.4	
10.11646/zootaxa.5133.1.6	
10.11646/zootaxa.5133.2.1	
10.11646/zootaxa.5133.2.2	
10.11646/zootaxa.5133.2.3	
10.11646/zootaxa.5133.2.4	
10.11646/zootaxa.5133.2.5	
10.11646/zootaxa.5133.2.6	
10.11646/zootaxa.5133.2.7	
10.11646/zootaxa.5133.2.8	
10.11646/zootaxa.5133.2.9	
10.11646/zootaxa.5133.4.1	
10.11646/zootaxa.5133.4.2	
10.11646/zootaxa.5133.4.7	
10.11646/zootaxa.5134.1.4	
10.11646/zootaxa.5134.2.3	
10.11646/zootaxa.5138.1.2	
10.11646/zootaxa.5138.2.1	
10.11646/zootaxa.5138.2.2	
10.11646/zootaxa.5138.2.3	
10.11646/zootaxa.5138.2.4	
10.11646/zootaxa.5138.2.5	
10.11646/zootaxa.5138.2.6	
10.11646/zootaxa.5138.2.7	
10.11646/zootaxa.5138.2.8	
10.11646/zootaxa.5138.3.4	
10.11646/zootaxa.5138.3.7	
10.11646/zootaxa.5141.6.1	
10.11646/zootaxa.5148.1.1	https://mapress.com/zt/article/download/zootaxa.5148.1.1/47598
10.11646/zootaxa.5150.1.5	
10.11646/zootaxa.5150.1.6	
10.11646/zootaxa.5150.2.1	
10.11646/zootaxa.5150.2.2	
10.11646/zootaxa.5150.2.3	
10.11646/zootaxa.5150.2.4	
10.11646/zootaxa.5150.2.5	
10.11646/zootaxa.5150.2.6	
10.11646/zootaxa.5150.2.7	
10.11646/zootaxa.5150.2.8	
10.11646/zootaxa.5154.1.3	
10.11646/zootaxa.5154.1.7	
10.11646/zootaxa.5154.4.2	
10.11646/zootaxa.5154.4.6	
10.11646/zootaxa.5155.2.4	
10.11646/zootaxa.5155.2.6	
10.11646/zootaxa.5155.3.5	https://mapress.com/zt/article/download/zootaxa.5155.3.5/47771
10.11646/zootaxa.5155.4.1	
10.11646/zootaxa.5155.4.2	
10.11646/zootaxa.5155.4.3	
10.11646/zootaxa.5155.4.4	https://mapress.com/zt/article/download/zootaxa.5155.4.4/47785
10.11646/zootaxa.5155.4.5	https://mapress.com/zt/article/download/zootaxa.5155.4.5/47786
10.11646/zootaxa.5155.4.6	
10.11646/zootaxa.5155.4.7	
10.11646/zootaxa.5155.4.8	
10.11646/zootaxa.5155.4.9	https://mapress.com/zt/article/download/zootaxa.5155.4.9/47790
10.11646/zootaxa.5162.1.6	
10.11646/zootaxa.5162.2.3	
10.11646/zootaxa.5162.4.3	
10.11646/zootaxa.5162.4.4	
10.11646/zootaxa.5162.4.8	
10.11646/zootaxa.5162.5.3	
10.11646/zootaxa.5163.1.1	
10.11646/zootaxa.5165.1.1	
10.11646/zootaxa.5165.3.4	
10.11646/zootaxa.5165.3.6	
10.11646/zootaxa.5165.3.8	
10.11646/zootaxa.5167.1.1	https://mapress.com/zt/article/download/zootaxa.5167.1.1/47975
10.11646/zootaxa.5168.4.3	
10.11646/zootaxa.5169.2.3	
10.11646/zootaxa.5169.3.1	
10.11646/zootaxa.5169.3.2	
10.11646/zootaxa.5169.3.3	https://mapress.com/zt/article/download/zootaxa.5169.3.3/48085
10.11646/zootaxa.5169.3.4	https://mapress.com/zt/article/download/zootaxa.5169.3.4/48086
10.11646/zootaxa.5169.3.5	
10.11646/zootaxa.5169.3.6	
10.11646/zootaxa.5169.4.2	
10.11646/zootaxa.5169.5.1	
10.11646/zootaxa.5169.5.7	
10.11646/zootaxa.5170.1.1	
10.11646/zootaxa.5172.1.1	
10.11646/zootaxa.5174.1.1	
10.11646/zootaxa.5174.2.5	
10.11646/zootaxa.5174.3.3	
10.11646/zootaxa.5174.3.4	
10.11646/zootaxa.5174.3.6	
10.11646/zootaxa.5174.4.1	
10.11646/zootaxa.5175.1.3	
10.11646/zootaxa.5175.1.5	
10.11646/zootaxa.5175.4.1	
10.11646/zootaxa.5175.4.2	
10.11646/zootaxa.5175.4.3	
10.11646/zootaxa.5175.4.4	
10.11646/zootaxa.5175.4.5	
10.11646/zootaxa.5175.4.6	
10.11646/zootaxa.5175.4.7	
10.11646/zootaxa.5175.4.8	
10.11646/zootaxa.5178.4.1	
10.11646/zootaxa.5178.5.1	
10.11646/zootaxa.5178.5.2	
10.11646/zootaxa.5178.5.5	
10.11646/zootaxa.5178.6.4	
10.11646/zootaxa.5182.2.1	
10.11646/zootaxa.5182.3.3	
10.11646/zootaxa.5182.4.3	
10.11646/zootaxa.5182.4.5	
10.11646/zootaxa.5182.6.1	
10.11646/zootaxa.5182.6.2	
10.11646/zootaxa.5182.6.3	
10.11646/zootaxa.5182.6.4	
10.11646/zootaxa.5182.6.5	
10.11646/zootaxa.5182.6.6	
10.11646/zootaxa.5182.6.7	
10.11646/zootaxa.5182.6.8	https://www.mapress.com/zt/article/download/zootaxa.5182.6.8/48459
10.11646/zootaxa.5188.2.1	
10.11646/zootaxa.5188.2.3	
10.11646/zootaxa.5188.2.5	
10.11646/zootaxa.5188.2.7	
10.11646/zootaxa.5188.3.3	
10.11646/zootaxa.5188.5.4	
10.11646/zootaxa.5190.1.3	
10.11646/zootaxa.5190.1.5	
10.11646/zootaxa.5190.2.2	
10.11646/zootaxa.5190.2.3	
10.11646/zootaxa.5190.2.4	
10.11646/zootaxa.5190.2.6	
10.11646/zootaxa.5190.4.3	
10.11646/zootaxa.5191.1.1	
10.11646/zootaxa.5194.4.4	
10.11646/zootaxa.5195.1.2	
10.11646/zootaxa.5195.1.8	
10.11646/zootaxa.5195.3.1	
10.11646/zootaxa.5195.3.2	
10.11646/zootaxa.5195.3.3	
10.11646/zootaxa.5195.3.4	
10.11646/zootaxa.5195.3.5	
10.11646/zootaxa.5195.3.6	
10.11646/zootaxa.5195.3.7	
10.11646/zootaxa.5195.3.8	
10.11646/zootaxa.5195.3.9	
10.11646/zootaxa.5195.5.3	
10.11646/zootaxa.5195.5.5	
10.11646/zootaxa.5195.6.3	
10.11646/zootaxa.5195.6.8	
10.11646/zootaxa.5196.1.4	
10.11646/zootaxa.5196.1.8	
10.11646/zootaxa.5196.2.2	
10.11646/zootaxa.5196.2.8	
10.11646/zootaxa.5196.3.5	
10.11646/zootaxa.5199.1.1	
10.11646/zootaxa.5200.4.3	
10.11646/zootaxa.5200.4.5	
10.11646/zootaxa.5200.5.2	
10.11646/zootaxa.5200.5.5	
10.11646/zootaxa.5200.6.7	
10.11646/zootaxa.5201.1.1	
10.11646/zootaxa.5204.1.1	
10.11646/zootaxa.5205.1.3	
10.11646/zootaxa.5205.1.5	
10.11646/zootaxa.5205.2.2	
10.11646/zootaxa.5205.2.3	
10.11646/zootaxa.5205.2.4	
10.11646/zootaxa.5205.2.6	
10.11646/zootaxa.5205.3.5	
10.11646/zootaxa.5205.4.2	
10.11646/zootaxa.5205.4.4	
10.11646/zootaxa.5205.5.1	
10.11646/zootaxa.5205.5.3	
10.11646/zootaxa.5205.5.7	
10.11646/zootaxa.5205.6.1	https://www.mapress.com/zt/article/download/zootaxa.5205.6.1/49026
10.11646/zootaxa.5208.1.1	
10.11646/zootaxa.5209.1.1	
10.11646/zootaxa.5209.1.2	
10.11646/zootaxa.5209.1.8	
10.11646/zootaxa.5209.2.1	
10.11646/zootaxa.5209.3.2	
10.11646/zootaxa.5209.3.7	https://www.mapress.com/zt/article/download/zootaxa.5209.3.7/49079
10.11646/zootaxa.5209.4.7	
10.11646/zootaxa.5209.4.8	https://www.mapress.com/zt/article/download/zootaxa.5209.4.8/49089
10.11646/zootaxa.5209.5.2	
10.11646/zootaxa.5209.5.3	
10.11646/zootaxa.5209.5.7	https://www.mapress.com/zt/article/download/zootaxa.5209.5.7/49097
10.11646/zootaxa.5213.1.7	
10.11646/zootaxa.5213.2.7	
10.11646/zootaxa.5213.4.4	
10.11646/zootaxa.5213.4.7	
10.11646/zootaxa.5213.5.5	
10.11646/zootaxa.5213.5.7	
10.11646/zootaxa.5213.5.8	
10.11646/zootaxa.5214.3.4	
10.11646/zootaxa.5219.1.2	
10.11646/zootaxa.5219.1.6	
10.11646/zootaxa.5219.2.6	
10.11646/zootaxa.5219.2.7	
10.11646/zootaxa.5219.4.5	
10.11646/zootaxa.5219.5.6	
10.11646/zootaxa.5219.5.7	
10.11646/zootaxa.5221.1.1	https://www.mapress.com/zt/article/download/zootaxa.5221.1.1/49523
10.11646/zootaxa.5222.1.1	
10.11646/zootaxa.5222.1.2	
10.11646/zootaxa.5222.1.3	
10.11646/zootaxa.5222.1.4	
10.11646/zootaxa.5222.1.5	
10.11646/zootaxa.5222.1.6	
10.11646/zootaxa.5222.1.7	
10.11646/zootaxa.5222.1.8	
10.1177/00076503211053014	https://journals.sagepub.com/doi/pdf/10.1177/00076503211053014
10.1177/09596836221074035	
10.1177/11769343211071114	https://journals.sagepub.com/doi/pdf/10.1177/11769343211071114
10.1186/s12862-022-01985-z	
10.1186/s12862-022-01994-y	https://boris.unibe.ch/168412/1/s12862-022-01994-y.pdf
10.1186/s12864-021-08257-y	https://eprints.ncl.ac.uk/file_store/production/280054/7DDE197C-87AD-4EBF-96FD-51167AB56B96.pdf
10.1186/s12864-022-08468-x	
10.1186/s12864-022-09011-8	https://bmcgenomics.biomedcentral.com/counter/pdf/10.1186/s12864-022-09011-8
10.1186/s12866-022-02543-9	https://bmcmicrobiol.biomedcentral.com/track/pdf/10.1186/s12866-022-02543-9
10.1186/s12866-022-02711-x	https://bmcmicrobiol.biomedcentral.com/counter/pdf/10.1186/s12866-022-02711-x
10.1186/s12915-022-01271-w	
10.1186/s12934-022-01852-y	https://microbialcellfactories.biomedcentral.com/counter/pdf/10.1186/s12934-022-01852-y
10.1186/s13002-022-00503-1	https://ethnobiomed.biomedcentral.com/track/pdf/10.1186/s13002-022-00503-1
10.1186/s13071-021-05136-z	https://parasitesandvectors.biomedcentral.com/track/pdf/10.1186/s13071-021-05136-z
10.1186/s13071-022-05162-5	
10.1186/s13071-022-05544-9	https://parasitesandvectors.biomedcentral.com/counter/pdf/10.1186/s13071-022-05544-9
10.1186/s13358-022-00254-2	https://sjpp.springeropen.com/counter/pdf/10.1186/s13358-022-00254-2
10.1186/s13568-022-01441-7	https://amb-express.springeropen.com/counter/pdf/10.1186/s13568-022-01441-7
10.1186/s40529-022-00350-z	https://as-botanicalstudies.springeropen.com/counter/pdf/10.1186/s40529-022-00350-z
10.1186/s40850-022-00127-8	
10.1186/s40850-022-00136-7	
10.1186/s43008-022-00088-0	https://imafungus.biomedcentral.com/track/pdf/10.1186/s43008-022-00088-0
10.1201/9781003110477-17	
10.1201/9781003286400-9	
10.1201/9781003333807	
10.1206/3985.1	https://zenodo.org/record/7161019/files/source.pdf
10.1206/3990.1	https://www.biodiversitylibrary.org/itempdf/312638
10.1206/3991.1	https://www.biodiversitylibrary.org/itempdf/312581
10.12681/mms.27880	https://ejournals.epublishing.ekt.gr/index.php/hcmr-med-mar-sc/article/download/27880/22814
10.12976/jib/2022.32.2.3	
10.12976/jib/2022.36.2.2	
10.13133/2284-4880/716	
10.13156/arac.2022.19.3.678	
10.13346/j.mycosystema.210233	
10.13346/j.mycosystema.210383	
10.1371/journal.pntd.0010921	https://journals.plos.org/plosntds/article/file?id=10.1371/journal.pntd.0010921&type=printable
10.1371/journal.pntd.0010924	https://journals.plos.org/plosntds/article/file?id=10.1371/journal.pntd.0010924&type=printable
10.1371/journal.pone.0261397	https://journals.plos.org/plosone/article/file?id=10.1371/journal.pone.0261397&type=printable
10.1371/journal.pone.0261682	https://journals.plos.org/plosone/article/file?id=10.1371/journal.pone.0261682&type=printable
10.1371/journal.pone.0263084	https://journals.plos.org/plosone/article/file?id=10.1371/journal.pone.0263084&type=printable
10.1371/journal.pone.0264081	https://journals.plos.org/plosone/article/file?id=10.1371/journal.pone.0264081&type=printable
10.1371/journal.pone.0264143	https://journals.plos.org/plosone/article/file?id=10.1371/journal.pone.0264143&type=printable
10.1371/journal.pone.0264264	https://journals.plos.org/plosone/article/file?id=10.1371/journal.pone.0264264&type=printable
10.1371/journal.pone.0264419	https://journals.plos.org/plosone/article/file?id=10.1371/journal.pone.0264419&type=printable
10.1371/journal.pone.0265336	https://journals.plos.org/plosone/article/file?id=10.1371/journal.pone.0265336&type=printable
10.1371/journal.pone.0271174	https://journals.plos.org/plosone/article/file?id=10.1371/journal.pone.0271174&type=printable
10.1371/journal.pone.0273067	https://journals.plos.org/plosone/article/file?id=10.1371/journal.pone.0273067&type=printable
10.1371/journal.pone.0274699	https://journals.plos.org/plosone/article/file?id=10.1371/journal.pone.0274699&type=printable
10.1371/journal.pone.0276846	https://journals.plos.org/plosone/article/file?id=10.1371/journal.pone.0276846&type=printable
10.1371/journal.pone.0276847	https://journals.plos.org/plosone/article/file?id=10.1371/journal.pone.0276847&type=printable
10.1371/journal.pone.0278023	https://journals.plos.org/plosone/article/file?id=10.1371/journal.pone.0278023&type=printable
10.14203/beritabiologi.v21i3.4367	
10.14258/turczaninowia.25.1.1	http://turczaninowia.asu.ru/article/download/11185/9215
10.14258/turczaninowia.25.1.10	http://turczaninowia.asu.ru/article/download/11202/9243
10.14258/turczaninowia.25.1.11	http://turczaninowia.asu.ru/article/download/11203/9244
10.14258/turczaninowia.25.1.12	http://turczaninowia.asu.ru/article/download/11204/9245
10.14258/turczaninowia.25.1.13	http://turczaninowia.asu.ru/article/download/11205/9246
10.14258/turczaninowia.25.1.14	http://turczaninowia.asu.ru/article/download/11206/9247
10.14258/turczaninowia.25.1.15	http://turczaninowia.asu.ru/article/download/11207/9248
10.14258/turczaninowia.25.1.16	http://turczaninowia.asu.ru/article/download/11208/9249
10.14258/turczaninowia.25.1.17	http://turczaninowia.asu.ru/article/download/11214/9250
10.14258/turczaninowia.25.1.18	http://turczaninowia.asu.ru/article/download/11215/9251
10.14258/turczaninowia.25.1.19	http://turczaninowia.asu.ru/article/download/11216/9252
10.14258/turczaninowia.25.1.2	http://turczaninowia.asu.ru/article/download/11186/9235
10.14258/turczaninowia.25.1.20	http://turczaninowia.asu.ru/article/download/11217/9253
10.14258/turczaninowia.25.1.3	http://turczaninowia.asu.ru/article/download/11191/9254
10.14258/turczaninowia.25.1.4	http://turczaninowia.asu.ru/article/download/11194/9237
10.14258/turczaninowia.25.1.5	http://turczaninowia.asu.ru/article/download/11196/9238
10.14258/turczaninowia.25.1.6	http://turczaninowia.asu.ru/article/download/11198/9239
10.14258/turczaninowia.25.1.7	http://turczaninowia.asu.ru/article/download/11199/9240
10.14258/turczaninowia.25.1.8	http://turczaninowia.asu.ru/article/download/11200/9233
10.14258/turczaninowia.25.1.9	http://turczaninowia.asu.ru/article/download/11201/9242
10.14258/turczaninowia.25.2.1	http://turczaninowia.asu.ru/article/download/11704/9631
10.14258/turczaninowia.25.2.10	http://turczaninowia.asu.ru/article/download/11714/9641
10.14258/turczaninowia.25.2.11	http://turczaninowia.asu.ru/article/download/11715/9642
10.14258/turczaninowia.25.2.12	http://turczaninowia.asu.ru/article/download/11716/9643
10.14258/turczaninowia.25.2.13	http://turczaninowia.asu.ru/article/download/11718/9644
10.14258/turczaninowia.25.2.14	http://turczaninowia.asu.ru/article/download/11719/9645
10.14258/turczaninowia.25.2.15	http://turczaninowia.asu.ru/article/download/11720/9648
10.14258/turczaninowia.25.2.16	http://turczaninowia.asu.ru/article/download/11721/9647
10.14258/turczaninowia.25.2.2	http://turczaninowia.asu.ru/article/download/11705/9632
10.14258/turczaninowia.25.2.3	http://turczaninowia.asu.ru/article/download/11706/9633
10.14258/turczaninowia.25.2.4	http://turczaninowia.asu.ru/article/download/11707/9634
10.14258/turczaninowia.25.2.5	http://turczaninowia.asu.ru/article/download/11709/9635
10.14258/turczaninowia.25.2.6	http://turczaninowia.asu.ru/article/download/11710/9636
10.14258/turczaninowia.25.2.7	http://turczaninowia.asu.ru/article/download/11711/9637
10.14258/turczaninowia.25.2.8	http://turczaninowia.asu.ru/article/download/11712/9639
10.14258/turczaninowia.25.2.9	http://turczaninowia.asu.ru/article/download/11713/9640
10.14411/fp.2022.001	http://folia.paru.cas.cz/doi/10.14411/fp.2022.001.pdf
10.14411/fp.2022.006	http://folia.paru.cas.cz/doi/10.14411/fp.2022.006.pdf
10.1515/bot-2022-0007	
10.15468/9u5paw	
10.15468/mw9c66.	
10.15517/lank.v20i2.42396	https://revistas.ucr.ac.cr/index.php/lankesteriana/article/download/42396/42604
10.15517/lank.v20i2.42849	https://revistas.ucr.ac.cr/index.php/lankesteriana/article/download/42849/43182
10.15517/lank.v20i2.43271	https://revistas.ucr.ac.cr/index.php/lankesteriana/article/download/43271/43501
10.15517/lank.v20i2.43555	https://revistas.ucr.ac.cr/index.php/lankesteriana/article/download/43555/43742
10.15517/lank.v22i1.50589	https://revistas.ucr.ac.cr/index.php/lankesteriana/article/download/50589/50508
10.15517/lank.v22i1.50848	https://revistas.ucr.ac.cr/index.php/lankesteriana/article/download/50848/50619
10.1556/034.64.2022.3-4.5	http://real.mtak.hu/156750/1/1588-2578-article-p285.pdf
10.1590/0001-3765202120191161	https://www.scielo.br/j/aabc/a/57vTmRfRgWB8f6xJCcXZfZP/?lang=en&format=pdf
10.1590/0001-3765202120200099	https://www.scielo.br/j/aabc/a/VLYQsK7jsG3fJjrwj4KwYZg/?lang=en&format=pdf
10.1590/0001-3765202220201846	https://www.scielo.br/j/aabc/a/mKBDh3jHRsXQTDJYnKwnxWt/?lang=en&format=pdf
10.1590/0001-3765202220201870	https://www.scielo.br/j/aabc/a/Hv9Q8XmtdKgVKyb9ycYdKmR/?lang=en&format=pdf
10.1590/0001-3765202220210283	https://www.scielo.br/j/aabc/a/yt6Ht4fjBN4SYVhhPvPsXTR/?lang=en&format=pdf
10.1590/0102-33062021abb0163	https://www.scielo.br/j/abb/a/zzFhfNdqWgXMHmTWfcSyYKf/?lang=en&format=pdf
10.1590/0102-33062021abb0382	https://www.scielo.br/j/abb/a/KjfrQrtHcvvRDJMqMG4vHPw/?lang=en&format=pdf
10.1590/0102-33062021abb0390	https://www.scielo.br/j/abb/a/r8jcPmtMQscVx68v4dGghGv/?lang=en&format=pdf
10.1590/0102-33062022abb0006	https://www.scielo.br/j/abb/a/sXmbJjp6sGQVdm9wPF7RNxc/?lang=en&format=pdf
10.1590/1519-6984.249008	https://www.scielo.br/j/bjb/a/YLVGW7S8qSGFZFjJGqXRCgs/?lang=en&format=pdf
10.1590/1677-941X-ABB-2022-0147	https://www.scielo.br/j/abb/a/JwV4tqvNCdhR5gVCrXrhyHk/?lang=en&format=pdf
10.1590/1806-9665-RBENT-2021-0089	
10.1590/1806-9665-RBENT-2022-0005	https://www.scielo.br/j/rbent/a/tJRqFtJHphmt5tNM5wjH59M/?lang=en&format=pdf
10.1590/1982-0224-2021-0117	https://www.scielo.br/j/ni/a/8PjGDckmYFkbyPCyBZsJ8Nq/?lang=en&format=pdf
10.1590/1982-0224-2021-0125	https://www.scielo.br/j/ni/a/yLVMcNQ8Pv9MvyhrJss9VLH/?lang=en&format=pdf
10.1590/1982-0224-2021-0126	https://www.scielo.br/j/ni/a/8QdZZxdjvMLzT5ctZW7SKyz/?lang=en&format=pdf
10.1590/1982-0224-2021-0129	https://www.scielo.br/j/ni/a/sRSHdvHNZGXCHf7rrSrCSDd/?lang=en&format=pdf
10.1590/1982-0224-2021-0160	
10.1590/1982-0224-2021-0164	
10.1590/1982-0224-2022-0017	
10.1590/1982-0224-2022-0051	https://www.scielo.br/j/ni/a/nGrmWcsdTBpHYHdTr3gNB6D/?lang=en&format=pdf
10.1590/1982-0224-2022-0067	https://www.scielo.br/j/ni/a/XGLB7WpGCvGMqdxYbwZqWdy/?lang=en&format=pdf
10.1590/2175-7860202273034	https://www.scielo.br/j/rod/a/fMPL3dhwPqxvGn4WGdcBPLp/?lang=en&format=pdf
10.1590/2175-7860202273048	https://www.scielo.br/j/rod/a/zLkfcbyRJMzFMxkHDKXw3Zm/?lang=en&format=pdf
10.1590/2358-2936e2022018	
10.1590/2358-2936e2022028	
10.1590/S1984-4689.v39.e21022	https://www.scielo.br/j/zool/a/DDSZ3xd8Tm35ZN5WbwLVprv/?lang=en&format=pdf
10.1590/s1984-4689.v39.e21026	https://www.scielo.br/j/zool/a/m9THpsJzGCmxhmM8cdGf3SH/?lang=en&format=pdf
10.1590/s1984-4689.v39.e21030	https://www.scielo.br/j/zool/a/5rwTRYRtVmYTWv7NykjhZyy/?lang=en&format=pdf
10.1590/s1984-4689.v39.e21037	
10.1590/S1984-4689.v39.e21037	
10.1590/s1984-4689.v39.e22001	
10.1590/S1984-4689.v39.e22020	
10.1600/036364422X16442668423266	
10.1600/036364422X16442668423275	
10.1600/036364422X16442668423338	
10.1600/036364422X16442668423347	https://zenodo.org/record/6419287/files/Figure_S1.pdf?download=1
10.1600/036364422X16442668423365	
10.1600/036364422X16442668423392	
10.1600/036364422X16442668423400	
10.1600/036364422X16442668423428	https://scholarworks.montana.edu/xmlui/bitstream/1/17535/1/delgado-salinas-vigna-2022.pdf
10.1600/036364422X16442668423437	
10.1600/036364422X16442668423455	
10.1600/036364422X16442668423464	
10.1600/036364422X16442668423473	
10.1600/036364422X16442668423482	
10.1600/036364422X16442668423491	
10.1600/036364422X16442668423518	
10.1600/036364422X16442668423527	https://zenodo.org/record/4011503/files/ets_zapoteca.pdf
10.1600/036364422X16442668423536	
10.1600/036364422X16442668423545	
10.1600/036364422X16442668423563	
10.1600/036364422X16442668423572	
10.1600/036364422X16442668893265	
10.1600/036364422X16442669847067	
10.1600/036364422X16442669847085	
10.1600/036364422X16442669847094	
10.1600/036364422X16512564801524	
10.1600/036364422X16512564801533	
10.1600/036364422X16512564801542	
10.1600/036364422X16512564801551	
10.1600/036364422X16512564801560	
10.1600/036364422X16512564801579	
10.1600/036364422X16512564801588	
10.1600/036364422X16512564801597	
10.1600/036364422X16512564801605	
10.1600/036364422X16512564801614	https://www.research-collection.ethz.ch/bitstream/20.500.11850/555931/3/SystBot2022Crameri.pdf
10.1600/036364422X16512564801632	
10.1600/036364422X16512564801641	
10.1600/036364422X16512564801650	
10.1600/036364422X16512564801669	
10.1600/036364422X16512564801678	
10.1600/036364422X16512564801687	
10.1600/036364422X16512564801696	
10.1600/036364422X16512564801704	
10.1600/036364422X16512564801713	
10.1600/036364422X16512564801722	
10.1600/036364422X16512572274981	
10.1600/036364422X16512572274990	
10.1600/036364422X16512572275007	
10.1600/036364422X16512572275016	https://zenodo.org/record/5831254/files/Fig._S1_Nuclear_iqtree.pdf
10.1600/036364422X16512572275034	
10.1600/036364422X16516711856571	https://hal.archives-ouvertes.fr/hal-03759179/file/Hal_saboyana_SYSBOT-D-21-00087.pdf
10.1600/036364422X16573019348166	
10.1600/036364422X16573019348193	
10.1600/036364422X16573019348201	
10.1600/036364422X16573019348210	
10.1600/036364422X16573019348229	
10.1600/036364422X16573019348247	
10.1600/036364422X16573019348256	
10.1600/036364422X16573019348265	
10.1600/036364422X16573019348274	
10.1600/036364422X16573019348283	
10.1600/036364422X16573019348292	
10.1600/036364422X16573019348319	https://zenodo.org/record/6423465/files/SupplementalAppendix1.pdf
10.1600/036364422X16573019348328	
10.1600/036364422X16573019348337	
10.1600/036364422X16573019348346	
10.1600/036364422X16573019348364	
10.1600/036364422X16573019348373	
10.1600/036364422X16573019348382	
10.1600/036364422X16573019348391	
10.1600/036364422X16573022073581	
10.1600/036364422X16573022073590	
10.1600/036364422X16674053033796	
10.1600/036364422X16674053033804	
10.1600/036364422X16674053033813	
10.1600/036364422X16674053033822	
10.1600/036364422X16674053033831	
10.1600/036364422X16674053033840	
10.1600/036364422X16674053033859	
10.1600/036364422X16674053033868	
10.1600/036364422X16674053033877	
10.1600/036364422X16674053033886	
10.1600/036364422X16674053033895	
10.1600/036364422X16674053033912	
10.1600/036364422X16674053033921	
10.1600/036364422X16674053033930	
10.1600/036364422X16674053033949	
10.1600/036364422X16674054154151	
10.1600/036364422X16674054154160	
10.1600/036364422X16674054154179	
10.1600/036364422X16674054154188	
10.1600/i0363-6445-47-3-887-	
10.1636/JoA-S-20-068	
10.1636/JoA-S-21-025	
10.1636/JoA-S-21-028	
10.1636/JoA-S-21-033	
10.1636/JoA-S-21-052	
10.1639/0007-2745-125.2.343	
10.1639/0007-2745-125.3.406	
10.1639/0007-2745-125.3.433	
10.1639/0007-2745-125.3.477	
10.1643/i2022013	
10.1645/22-36	
10.1649/0010-065X-76.2.263	
10.1655/Herpetologica-D-21-00015	
10.1655/Herpetologica-D-21-00026	
10.1655/Herpetologica-D-22-00011	
10.1655/HERPMONOGRAPHS-D-20-00011	
10.1670/20-060	
10.1670/20-070	
10.1670/20-080	
10.1670/20-118	
10.1670/20-129	
10.1670/20-151	
10.1670/21-020	
10.1670/21-023	
10.17109/azh.68.1.1.2022	https://ojs.mtak.hu/index.php/actazool/article/download/5998/6675
10.17109/azh.68.1.23.2022	https://ojs.mtak.hu/index.php/actazool/article/download/7459/6676
10.17109/AZH.68.1.23.2022	https://ojs.mtak.hu/index.php/actazool/article/download/7459/6676
10.17109/azh.68.1.45.2022	https://ojs.mtak.hu/index.php/actazool/article/download/6987/6677
10.17109/azh.68.1.53.2022	https://ojs.mtak.hu/index.php/actazool/article/download/5579/6684
10.17109/azh.68.1.73.2022	https://ojs.mtak.hu/index.php/actazool/article/download/6933/6678
10.17109/azh.68.1.85.2022	https://ojs.mtak.hu/index.php/actazool/article/download/6557/6679
10.17109/azh.68.1.99.2022	https://ojs.mtak.hu/index.php/actazool/article/download/5393/6680
10.17109/azh.68.2.119.2022	https://ojs.mtak.hu/index.php/actazool/article/download/6998/6931
10.17109/azh.68.2.159.2022	https://ojs.mtak.hu/index.php/actazool/article/download/6958/6932
10.17109/azh.68.2.169.2022	https://ojs.mtak.hu/index.php/actazool/article/download/7462/6930
10.17109/azh.68.2.179.2022	https://ojs.mtak.hu/index.php/actazool/article/download/6936/6933
10.17109/azh.68.2.183.2022	https://ojs.mtak.hu/index.php/actazool/article/download/6759/6934
10.17109/azh.68.2.189.2022	https://ojs.mtak.hu/index.php/actazool/article/download/5702/6935
10.17109/azh.68.3.217.2022	https://ojs.mtak.hu/index.php/actazool/article/download/8499/7352
10.17109/azh.68.3.231.2022	https://ojs.mtak.hu/index.php/actazool/article/download/7967/7359
10.17109/azh.68.3.239.2022	https://ojs.mtak.hu/index.php/actazool/article/download/7513/7360
10.17109/azh.68.3.247.2022	https://ojs.mtak.hu/index.php/actazool/article/download/7034/7355
10.17109/azh.68.3.261.2022	https://ojs.mtak.hu/index.php/actazool/article/download/7478/7356
10.17109/azh.68.3.277.2022	https://ojs.mtak.hu/index.php/actazool/article/download/8239/7357
10.17109/azh.68.4.293.2022	https://ojs.mtak.hu/index.php/actazool/article/download/8805/7489
10.17109/azh.68.4.305.2022	https://ojs.mtak.hu/index.php/actazool/article/download/8291/7490
10.17109/azh.68.4.313.2022	https://ojs.mtak.hu/index.php/actazool/article/download/8471/7491
10.17109/azh.68.4.321.2022	https://ojs.mtak.hu/index.php/actazool/article/download/8993/7492
10.17109/azh.68.4.341.2022	https://ojs.mtak.hu/index.php/actazool/article/download/8469/7493
10.17109/azh.68.4.361.2022	https://ojs.mtak.hu/index.php/actazool/article/download/8388/7494
10.17109/azh.68.4.375.2022	https://ojs.mtak.hu/index.php/actazool/article/download/8968/7488
10.17109/azh.68.4.393.2022	https://ojs.mtak.hu/index.php/actazool/article/download/9296/7525
10.17129/botsci.3221	https://botanicalsciences.com.mx/index.php/botanicalSciences/article/download/3221/4818
10.17161/jom.i112.18128	https://journals.ku.edu/melittology/article/download/18128/16325
10.17161/jom.i114.18568	https://journals.ku.edu/melittology/article/download/18568/16667
10.17161/np.24.18498	https://journals.ku.edu/paleoent/article/download/18498/16616
10.17348/jbrit.v16.i1.1216	https://journals.brit.org/jbrit/article/download/1216/1206
10.18257/raccefyn.1558	https://raccefyn.co/index.php/raccefyn/article/download/new_records_and_a_key_for_species_of_synarthonia_lichenized_asco/new_records_and_a_key_for_species_of_synarthonia_lichenized_asco
10.18353/crustacea.51.0_55	https://www.jstage.jst.go.jp/article/crustacea/51/0/51_55/_pdf
10.18476/2022.740611	https://bioone.org/journals/integrative-systematics-stuttgart-contributions-to-natural-history/volume-5/issue-1/2022.740611/A-revision-of-Albuna-dybowskii-Le-Cerf-1917-with-the/10.18476/2022.740611.pdf
10.18476/pale.v15.a5	https://bioone.org/journals/Palaeodiversity/volume-15/issue-1/pale.v15.a5/Palaeotanyrhina-exophthalma-gen-et-sp-nov-Palaeotanyrhinidae-fam-nov-Reduvioidea/10.18476/pale.v15.a5.pdf
10.18476/pale.v15.a6	https://bioone.org/journals/Palaeodiversity/volume-15/issue-1/pale.v15.a6/Stonymetopus-megus-gen-et-sp-nov-Hemiptera--Fulgoromorpha-the/10.18476/pale.v15.a6.pdf
10.19615/j.cnki.2096-9899.220412	
10.20531/tfb.2022.50.1.01	https://li01.tci-thaijo.org/index.php/ThaiForestBulletin/article/download/251957/173451
10.20531/tfb.2022.50.1.02	https://li01.tci-thaijo.org/index.php/ThaiForestBulletin/article/download/249763/173495
10.20531/tfb.2022.50.1.03	https://li01.tci-thaijo.org/index.php/ThaiForestBulletin/article/download/251978/173738
10.20531/tfb.2022.50.1.04	https://li01.tci-thaijo.org/index.php/ThaiForestBulletin/article/download/251246/173961
10.20531/tfb.2022.50.1.05	https://li01.tci-thaijo.org/index.php/ThaiForestBulletin/article/download/253983/174066
10.20531/tfb.2022.50.1.06	https://li01.tci-thaijo.org/index.php/ThaiForestBulletin/article/download/251863/174121
10.20531/tfb.2022.50.1.07	https://li01.tci-thaijo.org/index.php/ThaiForestBulletin/article/download/252604/174128
10.20531/tfb.2022.50.1.08	https://li01.tci-thaijo.org/index.php/ThaiForestBulletin/article/download/254281/174130
10.20531/tfb.2022.50.2.09	https://li01.tci-thaijo.org/index.php/ThaiForestBulletin/article/download/252322/174321
10.20531/tfb.2022.50.2.10	https://li01.tci-thaijo.org/index.php/ThaiForestBulletin/article/download/253320/174343
10.20531/tfb.2022.50.2.11	https://li01.tci-thaijo.org/index.php/ThaiForestBulletin/article/download/166885/175014
10.20531/tfb.2022.50.2.12	https://li01.tci-thaijo.org/index.php/ThaiForestBulletin/article/download/252346/174976
10.20531/tfb.2022.50.2.13	https://li01.tci-thaijo.org/index.php/ThaiForestBulletin/article/download/254338/175243
10.20531/tfb.2022.50.2.14	https://li01.tci-thaijo.org/index.php/ThaiForestBulletin/article/download/253808/175242
10.20531/tfb.2022.50.2.15	https://li01.tci-thaijo.org/index.php/ThaiForestBulletin/article/download/253035/175339
10.20531/tfb.2022.50.2.16	https://li01.tci-thaijo.org/index.php/ThaiForestBulletin/article/download/250939/175366
10.20531/tfb.2022.50.2.17	https://li01.tci-thaijo.org/index.php/ThaiForestBulletin/article/download/255910/175387
10.20531/tfb.2022.50.2.18	https://li01.tci-thaijo.org/index.php/ThaiForestBulletin/article/download/255042/175395
10.2108/zs210057	
10.2108/zs210059	
10.2108/zs210075	
10.2108/zs210090	
10.2108/zs210106	
10.2108/zs210117	
10.2108/zs220031	
10.21411/cbm.a.17d4fd	
10.21411/cbm.a.181085af	
10.21411/cbm.a.1f973a65	
10.21411/cbm.a.30a4cb7d	
10.21411/cbm.a.34f927ac	
10.21411/cbm.a.376025b1	
10.21411/cbm.a.37b316bb	
10.21411/cbm.a.3c090ae7	
10.21411/cbm.a.4670bba3	
10.21411/cbm.a.60644194	
10.21411/cbm.a.71e799d4	
10.21411/cbm.a.7f261534	
10.21411/cbm.a.8a7b656c	
10.21411/cbm.a.8ef00b6f	
10.21411/cbm.a.92e8654f	
10.21411/cbm.a.9381e8f5	
10.21411/cbm.a.946e2cee	
10.21411/cbm.a.9f420bd8	
10.21411/cbm.a.a02d8a3a	
10.21411/cbm.a.ab6d575d	
10.21411/cbm.a.ab783916	
10.21411/cbm.a.b97411fc	
10.21411/cbm.a.bcaf61ec	
10.21411/cbm.a.bea5e160	
10.21411/cbm.a.beb6b7e7	
10.21411/cbm.a.c2fcc0b0	
10.21411/cbm.a.cd69ec55	
10.21411/cbm.a.d1f8dca4	
10.21411/cbm.a.debdacf1	
10.21411/cbm.a.e62ebb18	
10.21411/cbm.a.f4223941	
10.21411/cbm.i.3aece4c2	
10.21411/cbm.i.915ec9e6	
10.21411/cbm.i.c91ad19b	
10.2181/036.050.0101	
10.21829/azm.2022.3812487	https://azm.ojs.inecol.mx/index.php/azm/article/download/2487/2908
10.22073/pja.v11i1.72890	
10.22092/botany.2021.354488.1243	
10.22092/botany.2021.354571.1246	
10.22092/botany.2021.355306.1258	
10.22092/botany.2021.355379.1261	
10.22092/botany.2021.355659.1267	
10.22092/botany.2021.355753.1270	
10.22092/botany.2021.355951.1273	
10.22092/botany.2021.356376.1275	
10.22092/botany.2022.356460.1277	
10.22092/botany.2022.356551.1279	
10.22092/botany.2022.356653.1280	
10.22092/botany.2022.356773.1283	
10.22092/botany.2022.357050.1286	
10.22092/botany.2022.357453.1291	
10.22099/MBRC.2022.42767.1709	
10.22438/jeb/43/1/mrn-1975	https://doi.org/10.22438/jeb/43/1/mrn-1975
10.23788/ief-1174	
10.23788/ief-1176	
10.23885/181433262022181-1518	
10.23885/181433262022181-1929	
10.23885/181433262022181-3133	https://zenodo.org/record/6380484/files/18%281%29_5_Loebl.pdf
10.23885/181433262022181-38	https://zenodo.org/record/5933732/files/18%281%29_1_Semionenkov_Shavrin.pdf
10.23885/181433262022181-913	https://zenodo.org/record/6366182/files/18%281%29_2_Kabak.pdf
10.24272/j.issn.2095-8137.2022.114	
10.24349/0gr3-3a6b	https://www1.montpellier.inra.fr/CBGP/acarologia/export_pdf.php?id=4496&typefile=1
10.24349/1dwx-x5h2	https://www1.montpellier.inra.fr/CBGP/acarologia/export_pdf.php?id=4498&typefile=1
10.24349/1vxa-ege3	https://www1.montpellier.inra.fr/CBGP/acarologia/export_pdf.php?id=4547&typefile=1
10.24349/2y2g-zk3m	https://www1.montpellier.inra.fr/CBGP/acarologia/export_pdf.php?id=4488&typefile=1
10.24349/38vh-n9rc	https://www1.montpellier.inra.fr/CBGP/acarologia/export_pdf.php?id=4497&typefile=1
10.24349/6gnq-wcbz	https://www1.montpellier.inra.fr/CBGP/acarologia/export_pdf.php?id=4491&typefile=1
10.24349/7izc-dm2n	https://www1.montpellier.inra.fr/CBGP/acarologia/export_pdf.php?id=4487&typefile=1
10.24349/8dra-mc90	https://www1.montpellier.inra.fr/CBGP/acarologia/export_pdf.php?id=4485&typefile=1
10.24349/gsxm-p9jj	https://www1.montpellier.inra.fr/CBGP/acarologia/export_pdf.php?id=4486&typefile=1
10.24349/itvr-wvsl	https://www1.montpellier.inra.fr/CBGP/acarologia/export_pdf.php?id=4495&typefile=1
10.24349/jkco-c4nu	https://www1.montpellier.inra.fr/CBGP/acarologia/export_pdf.php?id=4507&typefile=1
10.24349/l06c-j0qm	https://www1.montpellier.inra.fr/CBGP/acarologia/export_pdf.php?id=4484&typefile=1
10.24349/pfqk-ad5d	https://www1.montpellier.inra.fr/CBGP/acarologia/export_pdf.php?id=4539&typefile=1
10.24349/piy2-100q	https://www1.montpellier.inra.fr/CBGP/acarologia/export_pdf.php?id=4559&typefile=1
10.24349/qrp6-e0na	https://www1.montpellier.inra.fr/CBGP/acarologia/export_pdf.php?id=4494&typefile=1
10.24349/tayr-ir00	https://www1.montpellier.inra.fr/CBGP/acarologia/export_pdf.php?id=4483&typefile=1
10.24349/w600-25ar	https://www1.montpellier.inra.fr/CBGP/acarologia/export_pdf.php?id=4482&typefile=1
10.24349/xmar-43rw	https://www1.montpellier.inra.fr/CBGP/acarologia/export_pdf.php?id=4493&typefile=1
10.24349/z3ie-bf78	https://www1.montpellier.inra.fr/CBGP/acarologia/export_pdf.php?id=4499&typefile=1
10.2476/asjaa.71.105	https://www.jstage.jst.go.jp/article/asjaa/71/2/71_105/_pdf
10.2476/asjaa.71.115	https://www.jstage.jst.go.jp/article/asjaa/71/2/71_115/_pdf
10.2476/asjaa.71.125	https://www.jstage.jst.go.jp/article/asjaa/71/2/71_125/_pdf
10.2476/asjaa.71.129	https://www.jstage.jst.go.jp/article/asjaa/71/2/71_129/_pdf
10.2476/asjaa.71.135	https://www.jstage.jst.go.jp/article/asjaa/71/2/71_135/_pdf
10.2476/asjaa.71.141	https://www.jstage.jst.go.jp/article/asjaa/71/2/71_141/_pdf
10.2476/asjaa.71.147	https://www.jstage.jst.go.jp/article/asjaa/71/2/71_147/_pdf
10.2476/asjaa.71.157	https://www.jstage.jst.go.jp/article/asjaa/71/2/71_157/_pdf
10.2476/asjaa.71.73	https://www.jstage.jst.go.jp/article/asjaa/71/2/71_73/_pdf
10.2476/asjaa.71.77	https://www.jstage.jst.go.jp/article/asjaa/71/2/71_77/_pdf
10.2476/asjaa.71.81	https://www.jstage.jst.go.jp/article/asjaa/71/2/71_81/_pdf
10.2476/asjaa.71.89	https://www.jstage.jst.go.jp/article/asjaa/71/2/71_89/_pdf
10.2476/asjaa.71.93	https://www.jstage.jst.go.jp/article/asjaa/71/2/71_93/_pdf
10.24823/ejb.2022.1875	https://journals.rbge.org.uk/ejb/article/download/1875/1868
10.24823/ejb.2022.1895	https://journals.rbge.org.uk/ejb/article/download/1895/1863
10.24823/ejb.2022.1911	https://journals.rbge.org.uk/ejb/article/download/1911/1873
10.24823/ejb.2022.1925	https://journals.rbge.org.uk/ejb/article/download/1925/1874
10.24823/ejb.2022.1938	https://journals.rbge.org.uk/ejb/article/download/1938/1860
10.24823/ejb.2022.1952	https://journals.rbge.org.uk/ejb/article/download/1952/1811
10.24823/ejb.2022.369	https://journals.rbge.org.uk/ejb/article/download/369/1861
10.24823/ejb.2022.389	https://journals.rbge.org.uk/ejb/article/download/389/1871
10.24823/ejb.2022.406	https://journals.rbge.org.uk/ejb/article/download/406/1809
10.24823/ejb.2022.413	https://journals.rbge.org.uk/ejb/article/download/413/1862
10.24823/ejb.2022.624	https://journals.rbge.org.uk/ejb/article/download/624/1859
10.2517/PR200020	
10.2517/PR200036	
10.2517/PR200041	
10.2517/PR210009	
10.2517/PR210018	
10.25221/fee.456.1	https://www.biosoil.ru/files/fscpublications/fee/00002183.pdf
10.25221/fee.456.2	https://www.biosoil.ru/files/fscpublications/fee/00002184.pdf
10.25221/fee.456.3	https://www.biosoil.ru/files/fscpublications/fee/00002185.pdf
10.25221/fee.456.4	https://www.biosoil.ru/files/fscpublications/fee/00002186.pdf
10.25221/fee.456.5	https://www.biosoil.ru/files/fscpublications/fee/00002187.pdf
10.25225/jvb.21067	https://bioone.org/journals/journal-of-vertebrate-biology/volume-71/issue-21067/jvb.21067/Two-new-species-of-Tanichthys-Teleostei-Cypriniformes-from-China/10.25225/jvb.21067.pdf
10.25227/linbg.01115	https://bioone.org/journals/lindbergia/volume-2022/issue-1/linbg.01115/Encalypta-driva-sp-nov-and-its-relationship-to-E-vulgaris/10.25227/linbg.01115.pdf
10.25664/art-0341	
10.25664/art-0343	
10.25664/art-0344	
10.26028/cybium/1999-234-001	
10.26028/cybium/1999-234-002	
10.26028/cybium/1999-234-003	
10.26028/cybium/1999-234-004	
10.26028/cybium/1999-234-005	
10.26028/cybium/1999-234-006	
10.26028/cybium/1999-234-007	
10.26028/cybium/1999-234-008	
10.26028/cybium/1999-234-009	
10.26028/cybium/2000-241-001	
10.26028/cybium/2000-241-002	
10.26028/cybium/2000-241-003	
10.26028/cybium/2000-241-004	
10.26028/cybium/2000-241-005	
10.26028/cybium/2000-241-006	
10.26028/cybium/2000-241-007	
10.26028/cybium/2000-241-008	
10.26028/cybium/2000-241-009	
10.26028/cybium/2000-242-001	
10.26028/cybium/2000-242-002	
10.26028/cybium/2000-242-003	
10.26028/cybium/2000-242-004	
10.26028/cybium/2000-242-005	
10.26028/cybium/2000-242-006	
10.26028/cybium/2000-242-007	
10.26028/cybium/2000-242-008	
10.26028/cybium/2000-243-001	
10.26028/cybium/2000-243-002	
10.26028/cybium/2000-243-003	
10.26028/cybium/2000-243-004	
10.26028/cybium/2000-243-005	
10.26028/cybium/2000-243-006	
10.26028/cybium/2000-243-007	
10.26028/cybium/2000-243-008	
10.26028/cybium/2000-243-009	
10.26028/cybium/2000-243-010	
10.26028/cybium/2000-243s-004	
10.26028/cybium/2000-243s-005	
10.26028/cybium/2000-243s-006	
10.26028/cybium/2000-243s-007	
10.26028/cybium/2000-243s-008	
10.26028/cybium/2000-243s-010	
10.26028/cybium/2000-243s-012	
10.26028/cybium/2000-243s-013	
10.26028/cybium/2000-243s-014	
10.26028/cybium/2000-243s-015	
10.26028/cybium/2000-243s-016s	
10.26028/cybium/2022-462-3-001	
10.26028/cybium/2022-462-3-appendix	
10.26028/cybium/2022-462-3-contents	
10.26107/rbz-2021-0065	
10.26107/rbz-2021-0066	
10.26107/rbz-2021-0067	
10.26107/rbz-2021-0068	
10.26107/rbz-2021-0069	
10.26107/rbz-2021-0070	
10.26107/rbz-2021-0071	
10.26107/rbz-2021-0072	
10.26107/rbz-2021-0073	
10.26107/rbz-2022-0001	
10.26107/rbz-2022-0002	
10.26107/rbz-2022-0003	
10.26107/rbz-2022-0004	
10.26107/rbz-2022-0005	
10.26107/rbz-2022-0006	
10.26107/rbz-2022-0007	
10.26107/rbz-2022-0008	
10.26107/rbz-2022-0009	
10.26107/rbz-2022-0010	
10.26107/rbz-2022-0011	
10.26107/rbz-2022-0012	
10.26107/rbz-2022-0013	
10.26107/rbz-2022-0014	
10.26107/rbz-2022-0015	
10.26107/rbz-2022-0016	
10.26107/rbz-2022-0017	
10.26107/rbz-2022-0018	
10.26515/rzsi/v122/i1/2022/143670	
10.26515/rzsi/v122/i1/2022/151058	
10.26515/rzsi/v122/i1/2022/152259	
10.26515/rzsi/v122/i1/2022/154229	
10.26515/rzsi/v122/i1/2022/154669	
10.26515/rzsi/v122/i1/2022/155991	
10.26515/rzsi/v122/i1/2022/157524	
10.26515/rzsi/v122/i1/2022/158031	
10.26515/rzsi/v122/i1/2022/163936	
10.26515/rzsi/v122/i1/2022/164748	
10.26515/rzsi/v122/i1/2022/165748	
10.26515/rzsi/v122/i1/2022/166469	
10.26515/rzsi/v122/i1/2022/167154	
10.26515/rzsi/v122/i1/2022/167241	
10.26515/rzsi/v122/i1/2022/167436	
10.26515/rzsi/v122/i1/2022/168469	
10.26515/rzsi/v122/i2/2022/156043	
10.26515/rzsi/v122/i2/2022/164331	
10.26515/rzsi/v122/i2/2022/164782	
10.26515/rzsi/v122/i2/2022/165533	
10.26515/rzsi/v122/i2/2022/166910	
10.26515/rzsi/v122/i2/2022/168238	
10.26515/rzsi/v122/i2/2022/168290	
10.26515/rzsi/v122/i2/2022/168481	
10.26515/rzsi/v122/i2/2022/168496	
10.26515/rzsi/v122/i2/2022/168596	
10.26515/rzsi/v122/i2/2022/170243	
10.26515/rzsi/v122/i2/2022/172353	
10.26686/wgtn.19119362	https://openaccess.wgtn.ac.nz/articles/thesis/Ultrafast_dynamics_of_the_eumelanin_pigment/19119362/1/files/33966584.pdf
10.26842/binhm.7.2022.17.2.0251	https://jnhm.uobaghdad.edu.iq/index.php/BINHM/article/download/755/362
10.2984/76.2.6	
10.2987/22-7083	
10.2994/SAJH-D-19-00113.1	
10.30796/angv.2022.15	
10.30906/1026-2296-2022-29-1-1-18	
10.30906/1026-2296-2022-29-1-19-34	
10.30906/1026-2296-2022-29-1-35-46	
10.30906/1026-2296-2022-29-1-47-64	
10.30906/1026-2296-2022-29-2-110-116	
10.30906/1026-2296-2022-29-2-117-126	
10.30906/1026-2296-2022-29-2-65-75	
10.30906/1026-2296-2022-29-2-85-92	
10.30906/1026-2296-2022-29-2-93-109	
10.30906/1026-2296-2022-29-3-137-148	
10.30906/1026-2296-2022-29-3-149-155	
10.30906/1026-2296-2022-29-3-161-168	
10.30906/1026-2296-2022-29-3-169-186	
10.30906/1026-2296-2022-29-3-187-190	
10.30906/1026-2296-2022-29-4-191-198	
10.30906/1026-2296-2022-29-4-199-205	
10.30906/1026-2296-2022-29-4-227-236	https://www.researchsquare.com/article/rs-300197/latest.pdf
10.30906/1026-2296-2022-29-4-237-249	
10.30906/1026-2296-2022-29-4-250-254	
10.30906/1026-2296-2022-29-5-255-261	
10.30906/1026-2296-2022-29-5-262-274	
10.30906/1026-2296-2022-29-5-275-283	
10.30906/1026-2296-2022-29-5-284-297	
10.30906/1026-2296-2022-29-5-298-316	
10.30906/1026-2296-2022-29-6-317-323	
10.30906/1026-2296-2022-29-6-355-363	
10.30906/1026-2296-2022-29-6-364-366	
10.30906/1026-2296-2022-29-6-367-372	
10.30906/1026-2296-2022-29-6-373-376	
10.31080/ecve.2022.07.00462	
10.3114/fuse.2021.08.07	
10.3114/fuse.2021.08.08	
10.3114/fuse.2021.08.09	http://library.wur.nl/WebQuery/wurpubs/fulltext/570278
10.3114/fuse.2021.08.12	
10.3114/fuse.2021.08.13	https://helda.helsinki.fi/bitstream/10138/338607/1/Viner2021African_Xylodon.pdf
10.3114/fuse.2022.09.01	
10.3114/fuse.2022.09.02	
10.3114/fuse.2022.09.03	
10.3114/fuse.2022.09.04	
10.3114/fuse.2022.09.05	
10.3114/fuse.2022.09.06	
10.3114/fuse.2022.09.07	
10.3114/fuse.2022.09.08	http://eprints.usq.edu.au/49404/1/f8_fuse_vol9_art8a.pdf
10.3114/fuse.2022.10.01	
10.3114/fuse.2022.10.02	https://researchrepository.murdoch.edu.au/id/eprint/56230/1/fungi.pdf
10.3114/fuse.2022.10.03	
10.3114/fuse.2022.10.04	
10.3114/fuse.2022.10.05	
10.3114/fuse.2022.10.06	
10.3114/fuse.2022.10.07	
10.3114/fuse.2022.10.08	
10.3114/fuse.2022.10.09	
10.3114/fuse.2022.10.10	
10.3114/sim.2022.101.01	
10.3114/sim.2022.101.02	
10.3114/sim.2022.101.03	
10.3114/sim.2022.101.04	
10.3114/sim.2022.101.05	https://eprints.utas.edu.au/46972/1/150098%20-%20Species%20diversity%2C%20systematic%20revision%20and%20molecular%20phylogeny%20of%20Ganodermataceae.pdf
10.3114/sim.2022.101.06	https://europepmc.org/articles/pmc5486355?pdf=render
10.31184/G00138894.733.1853	
10.31184/M00138908.1581.4087	
10.31184/M00138908.1581.4106	
10.31184/M00138908.1581.4107	
10.31184/M00138908.1581.4110	
10.31184/M00138908.1581.4111	
10.31184/M00138908.1581.4112	
10.31184/M00138908.1581.4113	
10.31184/M00138908.1581.4116	
10.31184/M00138908.1581.4118	
10.31184/M00138908.1581.4120	
10.31184/M00138908.1581.4121	
10.3157/061.148.0101	
10.3157/061.148.0102	
10.3157/061.148.0103	
10.3157/061.148.0104	
10.3159/TORREY-D-21-00037.1	https://bioone.org/journals/the-journal-of-the-torrey-botanical-society/volume-149/issue-1/TORREY-D-21-00037.1/A-new-species-of-Halecania-Leprocaulaceae-Lecanoromycetes-from-eastern-North/10.3159/TORREY-D-21-00037.1.pdf
10.3159/TORREY-D-22-00018.1	
10.3161/00034541ANZ2022.72.1.005	
10.3161/00034541ANZ2022.72.1.009	
10.3161/00034541ANZ2022.72.1.010	https://bioone.org/journals/annales-zoologici/volume-72/issue-1/00034541ANZ2022.72.1.010/New-Species-of-Toktokkus-from-Mozambique-Tenebrionidae--Sepidiini/10.3161/00034541ANZ2022.72.1.010.pdf
10.3161/00034541ANZ2022.72.2.001	
10.3161/00034541ANZ2022.72.2.003	
10.3161/00034541ANZ2022.72.2.004	
10.3161/00034541ANZ2022.72.2.013	
10.3161/00034541ANZ2022.72.2.015	
10.3161/00034541ANZ2022.72.3.001	
10.32870/dugesiana.v29i1.7157	http://dugesiana.cucba.udg.mx/index.php/DUG/article/download/7157/6567
10.32870/dugesiana.v29i1.7158	http://dugesiana.cucba.udg.mx/index.php/DUG/article/download/7158/6576
10.32870/dugesiana.v29i1.7171	http://dugesiana.cucba.udg.mx/index.php/DUG/article/download/7171/6569
10.32870/dugesiana.v29i1.7238	http://dugesiana.cucba.udg.mx/index.php/DUG/article/download/7238/6563
10.32870/dugesiana.v29i1.7240	http://dugesiana.cucba.udg.mx/index.php/DUG/article/download/7240/6568
10.32870/dugesiana.v29i1.7243	http://dugesiana.cucba.udg.mx/index.php/DUG/article/download/7243/6570
10.32870/dugesiana.v29i1.7245	http://dugesiana.cucba.udg.mx/index.php/DUG/article/download/7245/6572
10.32870/dugesiana.v29i1.7247	
10.32870/dugesiana.v29i2.7241	http://dugesiana.cucba.udg.mx/index.php/DUG/article/download/7241/6578
10.32870/dugesiana.v29i2.7249	http://dugesiana.cucba.udg.mx/index.php/DUG/article/download/7249/6581
10.32870/dugesiana.v29i2.7252	http://dugesiana.cucba.udg.mx/index.php/DUG/article/download/7252/6582
10.32870/dugesiana.v29i2.7253	http://dugesiana.cucba.udg.mx/index.php/DUG/article/download/7253/6580
10.32870/dugesiana.v29i2.7255	http://dugesiana.cucba.udg.mx/index.php/DUG/article/download/7255/6583
10.32870/dugesiana.v29i2.7257	http://dugesiana.cucba.udg.mx/index.php/DUG/article/download/7257/6587
10.32870/dugesiana.v29i2.7261	http://dugesiana.cucba.udg.mx/index.php/DUG/article/download/7261/6579
10.32870/dugesiana.v29i2.7265	http://dugesiana.cucba.udg.mx/index.php/DUG/article/download/7265/6585
10.32870/dugesiana.v29i2.7266	http://dugesiana.cucba.udg.mx/index.php/DUG/article/download/7266/6586
10.32870/dugesiana.v29i2.7267	http://dugesiana.cucba.udg.mx/index.php/DUG/article/download/7267/6589
10.32870/dugesiana.v29i2.7268	http://dugesiana.cucba.udg.mx/index.php/DUG/article/download/7268/6588
10.32870/dugesiana.v29i2.7269	http://dugesiana.cucba.udg.mx/index.php/DUG/article/download/7269/6584
10.32870/dugesiana.v29i2.7273	http://dugesiana.cucba.udg.mx/index.php/DUG/article/download/7273/6590
10.32870/dugesiana.v29i2.7274	
10.32870/dugesiana.v29i2.7275	
10.32870/dugesiana.v29i2.7276	http://dugesiana.cucba.udg.mx/index.php/DUG/article/download/7276/6593
10.33256/32.2.5158	https://www.thebhs.org/publications/the-herpetological-journal/volume-32-number-2-april-2022/3452-01-effects-of-aquatic-and-terrestrial-habitats-on-the-skin-microbiome-and-growth-rate-of-juvenile-alpine-newts-i-ichthyosaura-alpestris-i/file
10.33256/32.2.5969	
10.33256/32.2.7079	
10.33256/32.2.8084	
10.33256/32.2.8592	
10.33256/32.3.102108	https://scholarworks.iu.edu/dspace/bitstream/2022/28106/1/ATTUM_FACTORS_CONTRIBUTING_2022.pdf
10.33256/32.3.109113	https://www.thebhs.org/publications/the-herpetological-journal/volume-32-number-3-july-2022/3506-03-egg-retention-in-wild-caught-i-python-bivittatus-i-in-the-greater-everglades-ecosystem-florida-usa/file
10.33256/32.3.114119	https://www.thebhs.org/publications/the-herpetological-journal/volume-32-number-3-july-2022/3510-04-a-revised-system-for-interpreting-great-crested-newt-habitat-suitability-indices-1/file
10.33256/32.3.120129	https://osf.io/ka5t6/download
10.33256/32.3.130141	
10.33256/32.3.142175	https://www.thebhs.org/publications/the-herpetological-journal/volume-32-number-3-july-2022/3514-07-a-review-of-torrent-frogs-i-amolops-i-ranidae-from-bhutan-the-description-of-a-new-species-and-reassessment-of-the-taxonomic-validity-of-some-i-a-viridimaculatus-i-group-species-aided-by-archival-dna-sequences-of-century-old-type-specimens/file
10.33256/32.3.93101	https://www.thebhs.org/publications/the-herpetological-journal/volume-32-number-3-july-2022/3509-01-potential-distribution-of-hybrids-between-i-crocodylus-acutus-i-and-i-crocodylus-moreletii-i-on-the-mexican-pacific-coast-outside-the-natural-hybridisation-zone-1/file
10.33256/32.4.176182	https://www.thebhs.org/publications/the-herpetological-journal/volume-32-number-4-october-2022/3696-01-body-size-comparisons-between-wild-and-captive-puff-adders-i-bitis-arietans-i/file
10.33256/32.4.183189	https://www.thebhs.org/publications/the-herpetological-journal/volume-32-number-4-october-2022/3698-02-detectability-of-reptiles-in-standardised-surveys-a-test-using-grass-snake-i-natrix-i-helvetica-models/file
10.33256/32.4.190197	
10.33256/33.1.115	https://www.thebhs.org/publications/the-herpetological-journal/volume-33-number-1-january-2023/3731-01-extremely-low-amphibian-roadkill-probability-on-busy-bicycle-paths/file
10.33256/33.1.1424	
10.33256/33.1.613	
10.3354/dao03641	
10.3354/dao03693	
10.3354/dao03710	
10.3372/wi.52.52104	https://bioone.org/journals/willdenowia/volume-52/issue-1/wi.52.52104/Chenopodium-hoggarense-Amaranthaceae-a-new-species-from-Algeria-and-Chad/10.3372/wi.52.52104.pdf
10.3372/wi.52.52303	https://bioone.org/journals/willdenowia/volume-52/issue-3/wi.52.52303/The-genus-Isoetes-Isoetaceae-in-Central-Africa-Democratic-Republic-of/10.3372/wi.52.52303.pdf
10.3389/fbioe.2022.900785	https://www.frontiersin.org/articles/10.3389/fbioe.2022.900785/pdf
10.3389/fcimb.2022.858155	https://www.frontiersin.org/articles/10.3389/fcimb.2022.858155/pdf
10.3389/fgene.2021.807234	https://www.frontiersin.org/articles/10.3389/fgene.2021.807234/pdf
10.3389/fgene.2022.970314	https://www.frontiersin.org/articles/10.3389/fgene.2022.970314/pdf
10.3389/fmicb.2021.774839	https://www.frontiersin.org/articles/10.3389/fmicb.2021.774839/pdf
10.3389/fmicb.2022.1056669	https://www.frontiersin.org/articles/10.3389/fmicb.2022.1056669/pdf
10.3389/fmicb.2022.1060554	https://www.frontiersin.org/articles/10.3389/fmicb.2022.1060554/pdf
10.3389/fmicb.2022.747484	https://www.frontiersin.org/articles/10.3389/fmicb.2022.747484/pdf
10.3389/fmicb.2022.813002	https://www.frontiersin.org/articles/10.3389/fmicb.2022.813002/pdf
10.3389/fmicb.2022.820402	https://www.frontiersin.org/articles/10.3389/fmicb.2022.820402/pdf
10.3389/fmicb.2022.826683	https://www.frontiersin.org/articles/10.3389/fmicb.2022.826683/pdf
10.3389/fmicb.2022.833313	https://www.frontiersin.org/articles/10.3389/fmicb.2022.833313/pdf
10.3389/fmicb.2022.841604	https://www.frontiersin.org/articles/10.3389/fmicb.2022.841604/pdf
10.3389/fmicb.2022.845104	https://www.frontiersin.org/articles/10.3389/fmicb.2022.845104/pdf
10.3389/fmicb.2022.846909	https://www.frontiersin.org/articles/10.3389/fmicb.2022.846909/pdf
10.3389/fmicb.2022.849695	https://www.frontiersin.org/articles/10.3389/fmicb.2022.849695/pdf
10.3389/fmicb.2022.859411	https://www.frontiersin.org/articles/10.3389/fmicb.2022.859411/pdf
10.3389/fmicb.2022.860308	https://www.frontiersin.org/articles/10.3389/fmicb.2022.860308/pdf
10.3389/fmicb.2022.866459	https://www.frontiersin.org/articles/10.3389/fmicb.2022.866459/pdf
10.3389/fmicb.2022.871596	https://www.frontiersin.org/articles/10.3389/fmicb.2022.871596/pdf
10.3389/fmicb.2022.882890	https://www.frontiersin.org/articles/10.3389/fmicb.2022.882890/pdf
10.3389/fmicb.2022.894641	https://www.frontiersin.org/articles/10.3389/fmicb.2022.894641/pdf
10.3389/fmicb.2022.930790	https://www.frontiersin.org/articles/10.3389/fmicb.2022.930790/pdf
10.3389/fmicb.2022.942603	https://www.frontiersin.org/articles/10.3389/fmicb.2022.942603/pdf
10.3389/fmicb.2022.968617	https://www.frontiersin.org/articles/10.3389/fmicb.2022.968617/pdf
10.3389/fmicb.2022.981507	https://www.frontiersin.org/articles/10.3389/fmicb.2022.981507/pdf
10.3389/fmicb.2022.984450	https://www.frontiersin.org/articles/10.3389/fmicb.2022.984450/pdf
10.3389/fmolb.2022.784419	
10.3389/fpls.2021.748562	https://www.frontiersin.org/articles/10.3389/fpls.2021.748562/pdf
10.3389/fpls.2021.751230	https://www.frontiersin.org/articles/10.3389/fpls.2021.751230/pdf
10.3389/fpls.2022.894985	https://www.frontiersin.org/articles/10.3389/fpls.2022.894985/pdf
10.3390/agriculture12070990	https://www.mdpi.com/2077-0472/12/7/990/pdf?version=1657359010
10.3390/ani12010076	https://www.mdpi.com/2076-2615/12/1/76/pdf?version=1640958432
10.3390/ani12060742	https://www.mdpi.com/2076-2615/12/6/742/pdf?version=1648084949
10.3390/app12062883	https://www.mdpi.com/2076-3417/12/6/2883/pdf?version=1646991047
10.3390/bioengineering9120812	https://www.mdpi.com/2306-5354/9/12/812/pdf?version=1671195293
10.3390/biology11060860	https://www.mdpi.com/2079-7737/11/6/860/pdf?version=1654573003
10.3390/biology11060866	https://www.mdpi.com/2079-7737/11/6/866/pdf?version=1654497652
10.3390/biology11060885	https://www.mdpi.com/2079-7737/11/6/885/pdf?version=1654695437
10.3390/biology11060889	https://www.mdpi.com/2079-7737/11/6/889/pdf?version=1654777910
10.3390/biology11091326	https://www.mdpi.com/2079-7737/11/9/1326/pdf?version=1662518264
10.3390/d14020119	https://www.mdpi.com/1424-2818/14/2/119/pdf?version=1644314306
10.3390/d14020149	https://www.mdpi.com/1424-2818/14/2/149/pdf?version=1645193739
10.3390/d14030161	https://www.mdpi.com/1424-2818/14/3/161/pdf?version=1645785789
10.3390/d14030181	https://www.mdpi.com/1424-2818/14/3/181/pdf?version=1646207101
10.3390/d14030200	https://www.mdpi.com/1424-2818/14/3/200/pdf?version=1646817689
10.3390/d14030225	https://www.mdpi.com/1424-2818/14/3/225/pdf?version=1647841814
10.3390/d14040276	
10.3390/d14040289	https://www.mdpi.com/1424-2818/14/4/289/pdf?version=1649904198
10.3390/d14050337	https://www.mdpi.com/1424-2818/14/5/337/pdf?version=1650966818
10.3390/d14050364	https://www.mdpi.com/1424-2818/14/5/364/pdf?version=1652075861
10.3390/d14050373	https://www.mdpi.com/1424-2818/14/5/373/pdf?version=1652152746
10.3390/d14050379	https://www.mdpi.com/1424-2818/14/5/379/pdf?version=1652270263
10.3390/d14070545	https://www.mdpi.com/1424-2818/14/7/545/pdf?version=1657863992
10.3390/d14080620	https://www.mdpi.com/1424-2818/14/8/620/pdf?version=1659510762
10.3390/d14080678	https://www.mdpi.com/1424-2818/14/8/678/pdf?version=1661080702
10.3390/d14100807	https://www.mdpi.com/1424-2818/14/10/807/pdf?version=1664279025
10.3390/d14100848	https://www.mdpi.com/1424-2818/14/10/848/pdf?version=1666602181
10.3390/d14111005	https://www.mdpi.com/1424-2818/14/11/1005/pdf?version=1669281177
10.3390/d14111009	https://www.mdpi.com/1424-2818/14/11/1009/pdf?version=1669036944
10.3390/d14121010	https://www.mdpi.com/1424-2818/14/12/1010/pdf?version=1669098020
10.3390/d14121070	https://www.mdpi.com/1424-2818/14/12/1070/pdf?version=1670296846
10.3390/foods11030346	https://www.mdpi.com/2304-8158/11/3/346/pdf?version=1643187644
10.3390/genes13081442	https://www.mdpi.com/2073-4425/13/8/1442/pdf?version=1660876423
10.3390/ijms23031764	https://www.mdpi.com/1422-0067/23/3/1764/pdf?version=1644375396
10.3390/ijms23179712	https://www.mdpi.com/1422-0067/23/17/9712/pdf?version=1661739917
10.3390/insects13020119	https://www.mdpi.com/2075-4450/13/2/119/pdf?version=1643075156
10.3390/insects13020122	https://www.mdpi.com/2075-4450/13/2/122/pdf?version=1643183512
10.3390/insects13020171	https://www.mdpi.com/2075-4450/13/2/171/pdf?version=1644395734
10.3390/insects13030272	https://www.mdpi.com/2075-4450/13/3/272/pdf?version=1647012459
10.3390/insects13040345	https://www.mdpi.com/2075-4450/13/4/345/pdf?version=1648725927
10.3390/insects13040362	https://www.mdpi.com/2075-4450/13/4/362/pdf?version=1649841833
10.3390/insects13050411	https://www.mdpi.com/2075-4450/13/5/411/pdf?version=1650961046
10.3390/insects13050438	https://www.mdpi.com/2075-4450/13/5/438/pdf?version=1652155495
10.3390/insects13080715	https://www.mdpi.com/2075-4450/13/8/715/pdf?version=1660051270
10.3390/insects13121096	https://www.mdpi.com/2075-4450/13/12/1096/pdf?version=1669790155
10.3390/insects13121148	https://www.mdpi.com/2075-4450/13/12/1148/pdf?version=1670927017
10.3390/insects13121154	https://www.mdpi.com/2075-4450/13/12/1154/pdf?version=1671014113
10.3390/insects14010021	https://www.mdpi.com/2075-4450/14/1/21/pdf?version=1671878751
10.3390/jmse10010065	https://www.mdpi.com/2077-1312/10/1/65/pdf?version=1641459371
10.3390/jof8030225	https://www.mdpi.com/2309-608X/8/3/225/pdf?version=1645780119
10.3390/jof8030256	https://www.mdpi.com/2309-608X/8/3/256/pdf?version=1646391524
10.3390/jof8050500	https://www.mdpi.com/2309-608X/8/5/500/pdf?version=1652942440
10.3390/jof8050501	https://www.mdpi.com/2309-608X/8/5/501/pdf?version=1652343920
10.3390/jof8060593	https://www.mdpi.com/2309-608X/8/6/593/pdf?version=1654002129
10.3390/jof8060613	https://www.mdpi.com/2309-608X/8/6/613/pdf?version=1654687301
10.3390/jof8070647	https://www.mdpi.com/2309-608X/8/7/647/pdf?version=1655857436
10.3390/jof8070720	https://www.mdpi.com/2309-608X/8/7/720/pdf?version=1657620452
10.3390/jof8080766	https://www.mdpi.com/2309-608X/8/8/766/pdf?version=1658644845
10.3390/jof8080770	https://www.mdpi.com/2309-608X/8/8/770/pdf?version=1658744440
10.3390/jof8080773	https://www.mdpi.com/2309-608X/8/8/773/pdf?version=1659432438
10.3390/jof8121279	https://www.mdpi.com/2309-608X/8/12/1279/pdf?version=1670314598
10.3390/jof8121283	https://www.mdpi.com/2309-608X/8/12/1283/pdf?version=1670415327
10.3390/jof8121297	https://www.mdpi.com/2309-608X/8/12/1297/pdf?version=1671022285
10.3390/jof9010030	https://www.mdpi.com/2309-608X/9/1/30/pdf?version=1671798935
10.3390/microbiolres13010012	https://www.mdpi.com/2036-7481/13/1/12/pdf?version=1645875099
10.3390/microorganisms10030636	https://www.mdpi.com/2076-2607/10/3/636/pdf?version=1647504121
10.3390/microorganisms10030649	https://www.mdpi.com/2076-2607/10/3/649/pdf?version=1647590609
10.3390/microorganisms10061098	https://www.mdpi.com/2076-2607/10/6/1098/pdf?version=1653546930
10.3390/microorganisms10061169	https://www.mdpi.com/2076-2607/10/6/1169/pdf?version=1654587224
10.3390/microorganisms10071349	https://www.mdpi.com/2076-2607/10/7/1349/pdf?version=1657173763
10.3390/microorganisms10071363	https://www.mdpi.com/2076-2607/10/7/1363/pdf?version=1657104277
10.3390/microorganisms10112304	https://www.mdpi.com/2076-2607/10/11/2304/pdf?version=1669025616
10.3390/nano12142468	https://www.mdpi.com/2079-4991/12/14/2468/pdf?version=1658220728
10.3390/pathogens11020168	https://www.mdpi.com/2076-0817/11/2/168/pdf?version=1643265929
10.3390/pathogens11030303	https://www.mdpi.com/2076-0817/11/3/303/pdf?version=1646183792
10.3390/pathogens11060624	https://www.mdpi.com/2076-0817/11/6/624/pdf?version=1654077975
10.3390/plants11030426	https://www.mdpi.com/2223-7747/11/3/426/pdf?version=1644471240
10.3390/plants11172314	https://www.mdpi.com/2223-7747/11/17/2314/pdf?version=1662351171
10.3390/taxonomy2020014	https://www.mdpi.com/2673-6500/2/2/14/pdf?version=1650618728
10.3390/v14010072	https://www.mdpi.com/1999-4915/14/1/72/pdf?version=1641287716
10.3390/v14020194	https://www.mdpi.com/1999-4915/14/2/194/pdf?version=1642665630
10.3390/v14020213	https://www.mdpi.com/1999-4915/14/2/213/pdf?version=1643018962
10.3390/v14020365	https://www.mdpi.com/1999-4915/14/2/365/pdf?version=1645693980
10.3390/v14061120	https://www.mdpi.com/1999-4915/14/6/1120/pdf?version=1653379180
10.3390/v14071562	https://www.mdpi.com/1999-4915/14/7/1562/pdf?version=1658301010
10.3390/v14081612	https://www.mdpi.com/1999-4915/14/8/1612/pdf?version=1658715637
10.35929/RSZ.0073	https://bioone.org/journals/revue-suisse-de-zoologie/volume-129/issue-1/RSZ.0073/Revision-of-the-genus-Parasyleter-Balkenohl-2021-with-the-descriptions/10.35929/RSZ.0073.pdf
10.36253/a_h-10188	https://oaj.fupress.net/index.php/ah/article/download/10188/11001
10.36253/a_h-11315	https://oaj.fupress.net/index.php/ah/article/download/11315/11003
10.36253/a_h-11386	https://oaj.fupress.net/index.php/ah/article/download/11386/11004
10.36253/a_h-11453	https://oaj.fupress.net/index.php/ah/article/download/11453/10998
10.36253/a_h-11547	
10.36253/a_h-11945	https://oaj.fupress.net/index.php/ah/article/download/11945/11005
10.36253/a_h-12179	https://oaj.fupress.net/index.php/ah/article/download/12179/11000
10.36253/a_h-12187	https://oaj.fupress.net/index.php/ah/article/download/12187/10997
10.36253/a_h-12326	https://oaj.fupress.net/index.php/ah/article/download/12326/10999
10.36253/a_h-12349	https://oaj.fupress.net/index.php/ah/article/download/12349/11002
10.36253/a_h-12388	
10.36253/a_h-12542	
10.36253/a_h-12556	
10.36253/a_h-12660	
10.36253/a_h-12978	
10.36253/a_h-13069	https://oaj.fupress.net/index.php/ah/article/download/13069/10996
10.36253/a_h-13089	
10.36253/a_h-13209	
10.36253/a_h-13467	
10.36253/a_h-13627	
10.36253/jopt-12014	https://oaj.fupress.net/index.php/webbia/article/download/12014/10749
10.36253/jopt-12026	https://oaj.fupress.net/index.php/webbia/article/download/12026/10752
10.36253/jopt-12092	https://oaj.fupress.net/index.php/webbia/article/download/12092/10744
10.36253/jopt-12167	https://oaj.fupress.net/index.php/webbia/article/download/12167/10745
10.36253/jopt-12176	https://oaj.fupress.net/index.php/webbia/article/download/12176/10746
10.36253/jopt-12256	https://oaj.fupress.net/index.php/webbia/article/download/12256/10747
10.36253/jopt-12339	https://oaj.fupress.net/index.php/webbia/article/download/12339/10740
10.36253/jopt-12406	https://oaj.fupress.net/index.php/webbia/article/download/12406/10750
10.36253/jopt-12810	
10.36253/jopt-12854	https://oaj.fupress.net/index.php/webbia/article/download/12854/10751
10.36253/jopt-12929	https://oaj.fupress.net/index.php/webbia/article/download/12929/10742
10.36253/jopt-13038	https://oaj.fupress.net/index.php/webbia/article/download/13038/10743
10.36253/jopt-13039	https://oaj.fupress.net/index.php/webbia/article/download/13039/10753
10.36253/jopt-13088	https://oaj.fupress.net/index.php/webbia/article/download/13088/11407
10.36253/jopt-13193	https://oaj.fupress.net/index.php/webbia/article/download/13193/11413
10.36253/jopt-13250	https://oaj.fupress.net/index.php/webbia/article/download/13250/11408
10.36253/jopt-13274	https://oaj.fupress.net/index.php/webbia/article/download/13274/11409
10.36253/jopt-13377	https://oaj.fupress.net/index.php/webbia/article/download/13377/11410
10.36253/jopt-13400	https://oaj.fupress.net/index.php/webbia/article/download/13400/11415
10.36253/jopt-13461	https://oaj.fupress.net/index.php/webbia/article/download/13461/11411
10.36253/jopt-13470	https://oaj.fupress.net/index.php/webbia/article/download/13470/11404
10.36253/jopt-13518	https://oaj.fupress.net/index.php/webbia/article/download/13518/11414
10.36253/jopt-13570	https://oaj.fupress.net/index.php/webbia/article/download/13570/11412
10.36253/jopt-13735	https://oaj.fupress.net/index.php/webbia/article/download/13735/11406
10.36253/jopt-14078	https://oaj.fupress.net/index.php/webbia/article/download/14078/11416
10.37520/aemnp.2022.001	https://zenodo.org/record/7161097/files/source.pdf
10.37520/aemnp.2022.002	https://zenodo.org/record/7161115/files/source.pdf
10.37520/jnmpnhs.2022.002	https://publikace.nm.cz/file/9b78f295c82a89bbed9e49f1d84dc037/32710/jnmpnhs_2022_002.pdf
10.3767/blumea.2022.67.01.04	https://ir.canterbury.ac.nz/bitstream/10092/103818/2/ridsdalea2022.pdf
10.3767/blumea.2022.67.02.08	
10.3767/persoonia.2021.47.01	https://repository.naturalis.nl/pub/800102/Lactifluus5572.pdf
10.3767/persoonia.2021.47.02	https://repository.naturalis.nl/pub/800103/Dothideomycetes08i9.pdf
10.3767/persoonia.2021.47.03	https://repository.naturalis.nl/pub/800104/Botryosphaeriaceae132g6k.pdf
10.3767/persoonia.2021.47.04	https://hal.archives-ouvertes.fr/hal-03357214/file/Integrative_Taxonomy_of_Beauveria_Final.pdf
10.3767/persoonia.2021.47.05	https://researchrepository.murdoch.edu.au/id/eprint/63881/1/Phytophthora.pdf
10.3767/persoonia.2021.47.06	https://biblio.ugent.be/publication/8733893/file/8733895.pdf
10.3767/persoonia.2022.48.01	https://repository.naturalis.nl/pub/800192/Fusarium_80921.pdf
10.3767/persoonia.2022.48.02	https://repository.naturalis.nl/pub/800074/halophytophthora387.pdf
10.3767/persoonia.2022.48.03	https://repository.naturalis.nl/pub/800073/inocybe7456.pdf
10.3767/persoonia.2022.48.04	https://www.dora.lib4ri.ch/wsl/islandora/object/wsl%3A31519/datastream/PDF/Yang-2022-From_cradle_to_grave-_A-%28published_version%29.pdf
10.3767/persoonia.2022.48.05	https://repository.naturalis.nl/pub/800194/Tuber_333664.pdf
10.3767/persoonia.2022.48.06	https://repository.naturalis.nl/pub/800201/Trichophyton_erinacei_2188.pdf
10.3767/persoonia.2022.48.07	https://dspace.library.uu.nl/bitstream/handle/1874/424005/s7.pdf?sequence=1&isAllowed=y
10.3767/persoonia.2022.48.08	http://eprints.usq.edu.au/50551/1/fpvol.48%2Bsupplmat%20%281%29.pdf
10.3767/persoonia.2022.49.01	https://repository.naturalis.nl/pub/800215/phytophthoraclade10.pdf
10.3767/persoonia.2022.49.03	
10.37828/em.2022.50.1	
10.37828/em.2022.50.10	https://www.biotaxa.org/em/article/download/73610/70319
10.37828/em.2022.50.2	https://www.biotaxa.org/em/article/download/73355/70083
10.37828/em.2022.50.3	https://www.biotaxa.org/em/article/download/73412/70137
10.37828/em.2022.50.4	https://www.biotaxa.org/em/article/download/73421/70162
10.37828/em.2022.50.5	https://www.biotaxa.org/em/article/download/73422/70164
10.37828/em.2022.50.6	
10.37828/em.2022.50.7	https://www.biotaxa.org/em/article/download/73464/70221
10.37828/em.2022.50.8	https://www.biotaxa.org/em/article/download/73544/70275
10.37828/em.2022.50.9	
10.37828/em.2022.51.1	https://www.biotaxa.org/em/article/download/73814/70460
10.37828/em.2022.51.10	
10.37828/em.2022.51.2	https://www.biotaxa.org/em/article/download/73884/70521
10.37828/em.2022.51.3	https://www.biotaxa.org/em/article/download/73885/70523
10.37828/em.2022.51.4	
10.37828/em.2022.51.5	https://www.biotaxa.org/em/article/download/73921/70553
10.37828/em.2022.51.6	https://www.biotaxa.org/em/article/download/73922/70555
10.37828/em.2022.51.7	https://www.biotaxa.org/em/article/download/73923/70557
10.37828/em.2022.51.8	
10.37828/em.2022.51.9	
10.37828/em.2022.52.1	https://www.biotaxa.org/em/article/download/74216/70927
10.37828/em.2022.52.2	https://www.biotaxa.org/em/article/download/74234/70940
10.37828/em.2022.52.3	https://www.biotaxa.org/em/article/download/74276/70983
10.37828/em.2022.52.4	https://www.biotaxa.org/em/article/download/74309/71016
10.37828/em.2022.52.5	https://www.biotaxa.org/em/article/download/74312/71018
10.37828/em.2022.52.6	https://www.biotaxa.org/em/article/download/74611/71326
10.37828/em.2022.52.7	https://www.biotaxa.org/em/article/download/74706/71402
10.37828/em.2022.52.8	https://www.biotaxa.org/em/article/download/74821/71498
10.37828/em.2022.52.9	http://eprints.zu.edu.ua/34812/1/286167.pdf
10.37828/em.2022.53.1	https://www.biotaxa.org/em/article/download/75023/71673
10.37828/em.2022.53.2	https://www.biotaxa.org/em/article/download/75024/71675
10.37828/em.2022.53.3	
10.37828/em.2022.53.4	https://www.biotaxa.org/em/article/download/75046/71698
10.37828/em.2022.53.5	https://www.biotaxa.org/em/article/download/75092/71725
10.37828/em.2022.54.1	https://www.biotaxa.org/em/article/download/75609/72134
10.37828/em.2022.54.2	https://www.biotaxa.org/em/article/download/75736/72227
10.37828/em.2022.54.3	https://www.biotaxa.org/em/article/download/75737/72229
10.37828/em.2022.54.4	
10.37828/em.2022.54.5	https://www.biotaxa.org/em/article/download/75973/72400
10.37828/em.2022.54.6	https://www.biotaxa.org/em/article/download/76051/72482
10.37828/em.2022.54.7	https://www.biotaxa.org/em/article/download/76088/72533
10.37828/em.2022.54.8	https://www.biotaxa.org/em/article/download/76107/72543
10.37828/em.2022.55.1	https://www.biotaxa.org/em/article/download/76615/72972
10.37828/em.2022.56.1	https://www.biotaxa.org/em/article/download/77020/73319
10.37828/em.2022.56.2	
10.37828/em.2022.56.3	https://www.biotaxa.org/em/article/download/77035/73344
10.37828/em.2022.57.1	https://www.biotaxa.org/em/article/download/77357/73609
10.37828/em.2022.57.2	https://www.biotaxa.org/em/article/download/77414/73657
10.37828/em.2022.57.3	https://www.biotaxa.org/em/article/download/77426/73667
10.37828/em.2022.57.4	https://www.biotaxa.org/em/article/download/77442/73703
10.37828/em.2022.57.5	
10.37828/em.2022.57.6	https://www.biotaxa.org/em/article/download/77518/73752
10.37828/em.2022.57.7	https://www.biotaxa.org/em/article/download/77519/73754
10.37828/em.2022.58.1	
10.37828/em.2022.58.2	https://www.biotaxa.org/em/article/download/77711/73931
10.37828/em.2022.58.3	https://www.biotaxa.org/em/article/download/77772/73965
10.37828/em.2022.60.1	https://www.biotaxa.org/em/article/download/79681/74713
10.37828/em.2022.60.10	
10.37828/em.2022.60.11	
10.37828/em.2022.60.2	https://www.biotaxa.org/em/article/download/79682/74715
10.37828/em.2022.60.3	
10.37828/em.2022.60.4	https://www.biotaxa.org/em/article/download/79715/74726
10.37828/em.2022.60.5	https://www.biotaxa.org/em/article/download/79716/74728
10.37828/em.2022.60.6	https://www.biotaxa.org/em/article/download/79717/74730
10.37828/em.2022.60.7	https://www.biotaxa.org/em/article/download/79718/74732
10.37828/em.2022.60.8	https://www.biotaxa.org/em/article/download/79728/74752
10.37828/em.2022.60.9	
10.3897/afrinvertebr.63.76309	https://africaninvertebrates.pensoft.net/article/76309/download/pdf/
10.3897/afrinvertebr.63.76934	https://africaninvertebrates.pensoft.net/article/76934/download/pdf/
10.3897/afrinvertebr.63.81092	https://africaninvertebrates.pensoft.net/article/81092/download/pdf/
10.3897/afrinvertebr.63.86661	https://africaninvertebrates.pensoft.net/article/86661/download/pdf/
10.3897/afrinvertebr.63.90530	https://africaninvertebrates.pensoft.net/article/90530/download/pdf/
10.3897/afrinvertebr.63.94095	https://africaninvertebrates.pensoft.net/article/94095/download/pdf/
10.3897/asp.80.e76339	https://arthropod-systematics.arphahub.com/article/76339/download/pdf/
10.3897/asp.80.e76559	https://arthropod-systematics.arphahub.com/article/76559/download/pdf/
10.3897/asp.80.e83035	https://arthropod-systematics.arphahub.com/article/83035/download/pdf/
10.3897/BDJ.10.e75910	https://bdj.pensoft.net/article/75910/download/pdf/
10.3897/bdj.10.e76904	https://bdj.pensoft.net/article/76904/download/pdf/
10.3897/BDJ.10.e77963	https://bdj.pensoft.net/article/77963/download/pdf/
10.3897/bdj.10.e85029	https://bdj.pensoft.net/article/85029/download/pdf/
10.3897/BDJ.9.e66115	https://bdj.pensoft.net/article/66115/download/pdf/
10.3897/BDJ.9.e70088	https://bdj.pensoft.net/article/70088/download/pdf/
10.3897/BDJ.9.e75907	https://bdj.pensoft.net/article/75907/download/pdf/
10.3897/BDJ.9.e77224	https://bdj.pensoft.net/article/77224/download/pdf/
10.3897/compcytogen.v16.i1.76260	https://compcytogen.pensoft.net/article/76260/download/pdf/
10.3897/compcytogen.v16.i1.79056	https://compcytogen.pensoft.net/article/79056/download/pdf/
10.3897/compcytogen.v16.i2.79033	https://compcytogen.pensoft.net/article/79033/download/pdf/
10.3897/dez.69.68373	https://dez.pensoft.net/article/68373/download/pdf/
10.3897/jhr.89.72083	https://jhr.pensoft.net/article/72083/download/pdf/
10.3897/jhr.89.75857	https://jhr.pensoft.net/article/75857/download/pdf/
10.3897/jhr.89.76620	https://jhr.pensoft.net/article/76620/download/pdf/
10.3897/jhr.89.77485	https://jhr.pensoft.net/article/77485/download/pdf/
10.3897/jhr.89.77687	https://jhr.pensoft.net/article/77687/download/pdf/
10.3897/jhr.89.77931	https://jhr.pensoft.net/article/77931/download/pdf/
10.3897/jhr.89.78856	https://jhr.pensoft.net/article/78856/download/pdf/
10.3897/jhr.89.79180	https://jhr.pensoft.net/article/79180/download/pdf/
10.3897/jhr.89.79200	https://jhr.pensoft.net/article/79200/download/pdf/
10.3897/jhr.89.79306	https://jhr.pensoft.net/article/79306/download/pdf/
10.3897/jhr.89.79832	https://jhr.pensoft.net/article/79832/download/pdf/
10.3897/jhr.89.80163	https://jhr.pensoft.net/article/80163/download/pdf/
10.3897/jhr.89.80284	https://jhr.pensoft.net/article/80284/download/pdf/
10.3897/jhr.89.81731	https://jhr.pensoft.net/article/81731/download/pdf/
10.3897/jhr.91.81624	https://jhr.pensoft.net/article/81624/download/pdf/
10.3897/jhr.91.81957	https://jhr.pensoft.net/article/81957/download/pdf/
10.3897/jhr.91.82107	https://jhr.pensoft.net/article/82107/download/pdf/
10.3897/jhr.91.82381	https://jhr.pensoft.net/article/82381/download/pdf/
10.3897/jhr.91.82490	https://jhr.pensoft.net/article/82490/download/pdf/
10.3897/jhr.91.82761	https://jhr.pensoft.net/article/82761/download/pdf/
10.3897/jhr.91.82812	https://jhr.pensoft.net/article/82812/download/pdf/
10.3897/jhr.91.83318	https://jhr.pensoft.net/article/83318/download/pdf/
10.3897/jhr.91.83618	https://jhr.pensoft.net/article/83618/download/pdf/
10.3897/jhr.91.83710	https://jhr.pensoft.net/article/83710/download/pdf/
10.3897/jhr.91.83765	https://jhr.pensoft.net/article/83765/download/pdf/
10.3897/jhr.91.84139	https://jhr.pensoft.net/article/84139/download/pdf/
10.3897/jhr.91.84937	https://jhr.pensoft.net/article/84937/download/pdf/
10.3897/jhr.91.84964	https://jhr.pensoft.net/article/84964/download/pdf/
10.3897/jhr.91.85373	https://jhr.pensoft.net/article/85373/download/pdf/
10.3897/jhr.92.81380	https://jhr.pensoft.net/article/81380/download/pdf/
10.3897/jhr.92.81917	https://jhr.pensoft.net/article/81917/download/pdf/
10.3897/jhr.92.84146	https://jhr.pensoft.net/article/84146/download/pdf/
10.3897/jhr.92.84969	https://jhr.pensoft.net/article/84969/download/pdf/
10.3897/jhr.92.85040	https://jhr.pensoft.net/article/85040/download/pdf/
10.3897/jhr.92.85967	https://jhr.pensoft.net/article/85967/download/pdf/
10.3897/jhr.92.86954	https://jhr.pensoft.net/article/86954/download/pdf/
10.3897/jhr.92.87032	https://jhr.pensoft.net/article/87032/download/pdf/
10.3897/jhr.92.87084	https://jhr.pensoft.net/article/87084/download/pdf/
10.3897/jhr.92.87197	https://jhr.pensoft.net/article/87197/download/pdf/
10.3897/jhr.92.87215	https://jhr.pensoft.net/article/87215/download/pdf/
10.3897/jhr.92.87218	https://jhr.pensoft.net/article/87218/download/pdf/
10.3897/jhr.92.90098	https://jhr.pensoft.net/article/90098/download/pdf/
10.3897/jhr.93.85685	https://jhr.pensoft.net/article/85685/download/pdf/
10.3897/jhr.93.86238	https://jhr.pensoft.net/article/86238/download/pdf/
10.3897/jhr.93.86723	https://jhr.pensoft.net/article/86723/download/pdf/
10.3897/jhr.93.86860	https://jhr.pensoft.net/article/86860/download/pdf/
10.3897/jhr.93.89507	https://jhr.pensoft.net/article/89507/download/pdf/
10.3897/jhr.93.90092	https://jhr.pensoft.net/article/90092/download/pdf/
10.3897/jhr.93.90545	https://jhr.pensoft.net/article/90545/download/pdf/
10.3897/jhr.93.90874	https://jhr.pensoft.net/article/90874/download/pdf/
10.3897/jhr.93.91209	https://jhr.pensoft.net/article/91209/download/pdf/
10.3897/jhr.93.91298	https://jhr.pensoft.net/article/91298/download/pdf/
10.3897/jhr.93.91513	https://jhr.pensoft.net/article/91513/download/pdf/
10.3897/jhr.93.93865	https://jhr.pensoft.net/article/93865/download/pdf/
10.3897/jhr.93.94165	https://jhr.pensoft.net/article/94165/download/pdf/
10.3897/jhr.93.94621	https://jhr.pensoft.net/article/94621/download/pdf/
10.3897/jhr.93.94727	https://jhr.pensoft.net/article/94727/download/pdf/
10.3897/jhr.94.84617	https://jhr.pensoft.net/article/84617/download/pdf/
10.3897/jhr.94.85613	https://jhr.pensoft.net/article/85613/download/pdf/
10.3897/jhr.94.91001	https://jhr.pensoft.net/article/91001/download/pdf/
10.3897/jhr.94.93512	https://jhr.pensoft.net/article/93512/download/pdf/
10.3897/jhr.94.93555	https://jhr.pensoft.net/article/93555/download/pdf/
10.3897/jhr.94.94263	https://jhr.pensoft.net/article/94263/download/pdf/
10.3897/jhr.94.94584	https://jhr.pensoft.net/article/94584/download/pdf/
10.3897/jhr.94.94677	https://jhr.pensoft.net/article/94677/download/pdf/
10.3897/jhr.94.94773	https://jhr.pensoft.net/article/94773/download/pdf/
10.3897/jhr.94.95961	https://jhr.pensoft.net/article/95961/download/pdf/
10.3897/jhr.94.96429	https://jhr.pensoft.net/article/96429/download/pdf/
10.3897/jor.31.69425	https://jor.pensoft.net/article/69425/download/pdf/
10.3897/jor.31.70565	https://jor.pensoft.net/article/70565/download/pdf/
10.3897/jor.31.71458	https://jor.pensoft.net/article/71458/download/pdf/
10.3897/jor.31.72082	https://jor.pensoft.net/article/72082/download/pdf/
10.3897/jor.31.73373	https://jor.pensoft.net/article/73373/download/pdf/
10.3897/jor.31.73389	https://jor.pensoft.net/article/73389/download/pdf/
10.3897/jor.31.73800	https://jor.pensoft.net/article/73800/download/pdf/
10.3897/jor.31.76075	https://jor.pensoft.net/article/76075/download/pdf/
10.3897/jor.31.78462	https://jor.pensoft.net/article/78462/download/pdf/
10.3897/jor.31.78520	https://jor.pensoft.net/article/78520/download/pdf/
10.3897/jor.31.79036	https://jor.pensoft.net/article/79036/download/pdf/
10.3897/jor.31.79332	https://jor.pensoft.net/article/79332/download/pdf/
10.3897/jor.31.79783	https://jor.pensoft.net/article/79783/download/pdf/
10.3897/jor.31.79819	https://jor.pensoft.net/article/79819/download/pdf/
10.3897/jor.31.81126	https://jor.pensoft.net/article/81126/download/pdf/
10.3897/jor.31.81760	https://jor.pensoft.net/article/81760/download/pdf/
10.3897/jor.31.82306	https://jor.pensoft.net/article/82306/download/pdf/
10.3897/jor.31.82317	https://jor.pensoft.net/article/82317/download/pdf/
10.3897/jor.31.84135	https://jor.pensoft.net/article/84135/download/pdf/
10.3897/jor.31.84157	https://jor.pensoft.net/article/84157/download/pdf/
10.3897/mycokeys.85.75944	https://mycokeys.pensoft.net/article/75944/download/pdf/
10.3897/mycokeys.86.70668	https://mycokeys.pensoft.net/article/70668/download/pdf/633375
10.3897/mycokeys.86.71623	https://mycokeys.pensoft.net/article/71623/download/pdf/633262
10.3897/mycokeys.86.73861	https://mycokeys.pensoft.net/article/73861/download/pdf/
10.3897/mycokeys.86.75801	https://mycokeys.pensoft.net/article/75801/download/pdf/
10.3897/mycokeys.86.76053	https://mycokeys.pensoft.net/article/76053/download/pdf/
10.3897/mycokeys.86.76425	https://mycokeys.pensoft.net/article/76425/download/pdf/635773
10.3897/mycokeys.86.77431	https://mycokeys.pensoft.net/article/77431/download/pdf/
10.3897/mycokeys.86.78305	https://mycokeys.pensoft.net/article/78305/download/pdf/
10.3897/mycokeys.86.78989	https://mycokeys.pensoft.net/article/78989/download/pdf/
10.3897/mycokeys.87.71524	https://mycokeys.pensoft.net/article/71524/download/pdf/
10.3897/mycokeys.87.72614	https://mycokeys.pensoft.net/article/72614/download/pdf/
10.3897/mycokeys.87.72941	https://mycokeys.pensoft.net/article/72941/download/pdf/
10.3897/mycokeys.87.73082	https://mycokeys.pensoft.net/article/73082/download/pdf/
10.3897/mycokeys.87.76085	https://mycokeys.pensoft.net/article/76085/download/pdf/
10.3897/mycokeys.87.76125	https://mycokeys.pensoft.net/article/76125/download/pdf/
10.3897/mycokeys.87.79433	https://mycokeys.pensoft.net/article/79433/download/pdf/
10.3897/mycokeys.88.73951	https://mycokeys.pensoft.net/article/73951/download/pdf/
10.3897/mycokeys.88.77106	https://mycokeys.pensoft.net/article/77106/download/pdf/
10.3897/mycokeys.88.79266	https://mycokeys.pensoft.net/article/79266/download/pdf/
10.3897/mycokeys.88.79346	https://mycokeys.pensoft.net/article/79346/download/pdf/
10.3897/mycokeys.88.79475	https://mycokeys.pensoft.net/article/79475/download/pdf/
10.3897/mycokeys.88.80068	https://mycokeys.pensoft.net/article/80068/download/pdf/
10.3897/mycokeys.88.81437	https://mycokeys.pensoft.net/article/81437/download/pdf/
10.3897/mycokeys.88.82229	https://mycokeys.pensoft.net/article/82229/download/pdf/
10.3897/mycokeys.89.79064	https://mycokeys.pensoft.net/article/79064/download/pdf/
10.3897/mycokeys.89.81148	https://mycokeys.pensoft.net/article/81148/download/pdf/
10.3897/mycokeys.89.83197	https://mycokeys.pensoft.net/article/83197/download/pdf/
10.3897/mycokeys.90.78880	https://mycokeys.pensoft.net/article/78880/download/pdf/
10.3897/mycokeys.90.82871	https://mycokeys.pensoft.net/article/82871/download/pdf/
10.3897/mycokeys.90.83801	https://mycokeys.pensoft.net/article/83801/download/pdf/
10.3897/mycokeys.90.83829	https://mycokeys.pensoft.net/article/83829/download/pdf/
10.3897/mycokeys.90.84562	https://mycokeys.pensoft.net/article/84562/download/pdf/
10.3897/mycokeys.90.84717	https://mycokeys.pensoft.net/article/84717/download/pdf/
10.3897/mycokeys.90.84767	https://mycokeys.pensoft.net/article/84767/download/pdf/
10.3897/mycokeys.90.84866	https://mycokeys.pensoft.net/article/84866/download/pdf/
10.3897/mycokeys.90.85267	https://mycokeys.pensoft.net/article/85267/download/pdf/
10.3897/mycokeys.90.85690	https://mycokeys.pensoft.net/article/85690/download/pdf/
10.3897/mycokeys.91.83091	https://mycokeys.pensoft.net/article/83091/download/pdf/
10.3897/mycokeys.91.84730	https://mycokeys.pensoft.net/article/84730/download/pdf/
10.3897/mycokeys.91.84803	https://mycokeys.pensoft.net/article/84803/download/pdf/
10.3897/mycokeys.91.84896	https://mycokeys.pensoft.net/article/84896/download/pdf/
10.3897/mycokeys.91.84970	https://mycokeys.pensoft.net/article/84970/download/pdf/
10.3897/mycokeys.91.86257	https://mycokeys.pensoft.net/article/86257/download/pdf/
10.3897/mycokeys.91.86693	https://mycokeys.pensoft.net/article/86693/download/pdf/
10.3897/mycokeys.91.86812	https://mycokeys.pensoft.net/article/86812/download/pdf/
10.3897/mycokeys.91.87841	https://mycokeys.pensoft.net/article/87841/download/pdf/
10.3897/mycokeys.92.80682	https://mycokeys.pensoft.net/article/80682/download/pdf/
10.3897/mycokeys.92.83928	https://mycokeys.pensoft.net/article/83928/download/pdf/
10.3897/mycokeys.92.83939	https://mycokeys.pensoft.net/article/83939/download/pdf/
10.3897/mycokeys.92.86160	https://mycokeys.pensoft.net/article/86160/download/pdf/
10.3897/mycokeys.92.86277	https://mycokeys.pensoft.net/article/86277/download/pdf/
10.3897/mycokeys.92.86521	https://mycokeys.pensoft.net/article/86521/download/pdf/
10.3897/mycokeys.92.87593	https://mycokeys.pensoft.net/article/87593/download/pdf/
10.3897/mycokeys.92.89960	https://mycokeys.pensoft.net/article/89960/download/pdf/
10.3897/mycokeys.92.91389	https://mycokeys.pensoft.net/article/91389/download/pdf/
10.3897/mycokeys.92.94104	https://mycokeys.pensoft.net/article/94104/download/pdf/
10.3897/mycokeys.93.86580	https://mycokeys.pensoft.net/article/86580/download/pdf/
10.3897/mycokeys.93.87797	https://mycokeys.pensoft.net/article/87797/download/pdf/
10.3897/mycokeys.93.89209	https://mycokeys.pensoft.net/article/89209/download/pdf/
10.3897/mycokeys.93.89283	https://mycokeys.pensoft.net/article/89283/download/pdf/
10.3897/mycokeys.93.89888	https://mycokeys.pensoft.net/article/89888/download/pdf/
10.3897/mycokeys.93.90861	https://mycokeys.pensoft.net/article/90861/download/pdf/
10.3897/mycokeys.93.90962	https://mycokeys.pensoft.net/article/90962/download/pdf/
10.3897/mycokeys.93.93712	https://mycokeys.pensoft.net/article/93712/download/pdf/
10.3897/mycokeys.93.94148	https://mycokeys.pensoft.net/article/94148/download/pdf/
10.3897/mycokeys.94.89425	https://mycokeys.pensoft.net/article/89425/download/pdf/
10.3897/mycokeys.94.91340	https://mycokeys.pensoft.net/article/91340/download/pdf/
10.3897/mycokeys.94.95751	https://mycokeys.pensoft.net/article/95751/download/pdf/
10.3897/mycokeys.94.95858	https://mycokeys.pensoft.net/article/95858/download/pdf/
10.3897/mycokeys.94.95888	https://mycokeys.pensoft.net/article/95888/download/pdf/
10.3897/mycokeys.94.96301	https://mycokeys.pensoft.net/article/96301/download/pdf/
10.3897/mycokeys.94.96782	https://mycokeys.pensoft.net/article/96782/download/pdf/
10.3897/natureconservation.50.86002	https://natureconservation.pensoft.net/article/86002/download/pdf/
10.3897/natureconservation.50.86490	https://natureconservation.pensoft.net/article/86490/download/pdf/
10.3897/nl.45.61588	https://nl.pensoft.net/article/61588/download/pdf/
10.3897/nl.45.68138	https://nl.pensoft.net/article/68138/download/pdf/635886
10.3897/nl.45.68624	https://nl.pensoft.net/article/68624/download/pdf/
10.3897/nl.45.72017	https://nl.pensoft.net/article/72017/download/pdf/
10.3897/nl.45.73925	https://nl.pensoft.net/article/73925/download/pdf/
10.3897/nl.45.74236	https://nl.pensoft.net/article/74236/download/pdf/634174
10.3897/nl.45.75182	https://nl.pensoft.net/article/75182/download/pdf/633730
10.3897/nl.45.75693	https://nl.pensoft.net/article/75693/download/pdf/
10.3897/nl.45.75723	https://nl.pensoft.net/article/75723/download/pdf/
10.3897/nl.45.76043	https://nl.pensoft.net/article/76043/download/pdf/
10.3897/nl.45.76222	https://nl.pensoft.net/article/76222/download/pdf/
10.3897/nl.45.78574	https://nl.pensoft.net/article/78574/download/pdf/
10.3897/nl.45.80106	https://nl.pensoft.net/article/80106/download/pdf/
10.3897/nl.45.81451	https://nl.pensoft.net/article/81451/download/pdf/
10.3897/nl.45.81499	https://nl.pensoft.net/article/81499/download/pdf/
10.3897/nl.45.81674	https://nl.pensoft.net/article/81674/download/pdf/
10.3897/nl.45.81819	https://nl.pensoft.net/article/81819/download/pdf/
10.3897/nl.45.85341	https://nl.pensoft.net/article/85341/download/pdf/
10.3897/nl.45.86498	https://nl.pensoft.net/article/86498/download/pdf/
10.3897/nl.45.87795	https://nl.pensoft.net/article/87795/download/pdf/
10.3897/nl.45.89540	https://nl.pensoft.net/article/89540/download/pdf/
10.3897/nl.45.94938	https://nl.pensoft.net/article/94938/download/pdf/
10.3897/nl.45.95198	https://nl.pensoft.net/article/95198/download/pdf/
10.3897/nl.45.95740	https://nl.pensoft.net/article/95740/download/pdf/
10.3897/phytokeys.186.62018	https://phytokeys.pensoft.net/article/62018/download/pdf/
10.3897/phytokeys.186.63543	https://phytokeys.pensoft.net/article/63543/download/pdf/
10.3897/phytokeys.186.69878	https://phytokeys.pensoft.net/article/69878/download/pdf/
10.3897/phytokeys.188.64259	https://phytokeys.pensoft.net/article/64259/download/pdf/633228
10.3897/phytokeys.188.73370	https://phytokeys.pensoft.net/article/73370/download/pdf/635335
10.3897/phytokeys.188.75401	https://phytokeys.pensoft.net/article/75401/download/pdf/
10.3897/phytokeys.188.75739	https://phytokeys.pensoft.net/article/75739/download/pdf/
10.3897/phytokeys.188.75937	https://phytokeys.pensoft.net/article/75937/download/pdf/
10.3897/phytokeys.188.76611	https://phytokeys.pensoft.net/article/76611/download/pdf/
10.3897/phytokeys.188.77061	https://phytokeys.pensoft.net/article/77061/download/pdf/635333
10.3897/phytokeys.188.77242	https://phytokeys.pensoft.net/article/77242/download/pdf/633572
10.3897/phytokeys.188.77776	https://phytokeys.pensoft.net/article/77776/download/pdf/
10.3897/phytokeys.188.77882	https://phytokeys.pensoft.net/article/77882/download/pdf/
10.3897/phytokeys.189.49367	https://phytokeys.pensoft.net/article/49367/download/pdf/
10.3897/phytokeys.189.73959	https://phytokeys.pensoft.net/article/73959/download/pdf/
10.3897/phytokeys.189.75321	https://phytokeys.pensoft.net/article/75321/download/pdf/
10.3897/phytokeys.189.76464	https://phytokeys.pensoft.net/article/76464/download/pdf/
10.3897/phytokeys.189.77374	https://phytokeys.pensoft.net/article/77374/download/pdf/
10.3897/phytokeys.189.77839	https://phytokeys.pensoft.net/article/77839/download/pdf/
10.3897/phytokeys.189.77926	https://phytokeys.pensoft.net/article/77926/download/pdf/
10.3897/phytokeys.189.78149	https://phytokeys.pensoft.net/article/78149/download/pdf/
10.3897/phytokeys.189.79631	https://phytokeys.pensoft.net/article/79631/download/pdf/
10.3897/phytokeys.189.80016	https://phytokeys.pensoft.net/article/80016/download/pdf/
10.3897/phytokeys.190.72740	https://phytokeys.pensoft.net/article/72740/download/pdf/
10.3897/phytokeys.190.76111	https://phytokeys.pensoft.net/article/76111/download/pdf/
10.3897/phytokeys.190.76494	https://phytokeys.pensoft.net/article/76494/download/pdf/
10.3897/phytokeys.190.77449	https://phytokeys.pensoft.net/article/77449/download/pdf/
10.3897/phytokeys.190.77526	https://phytokeys.pensoft.net/article/77526/download/pdf/
10.3897/phytokeys.190.77918	https://phytokeys.pensoft.net/article/77918/download/pdf/
10.3897/phytokeys.190.78164	https://phytokeys.pensoft.net/article/78164/download/pdf/
10.3897/phytokeys.190.79185	https://phytokeys.pensoft.net/article/79185/download/pdf/
10.3897/phytokeys.190.80490	https://phytokeys.pensoft.net/article/80490/download/pdf/
10.3897/phytokeys.190.80724	https://phytokeys.pensoft.net/article/80724/download/pdf/
10.3897/phytokeys.191.73714	https://phytokeys.pensoft.net/article/73714/download/pdf/
10.3897/phytokeys.191.78489	https://phytokeys.pensoft.net/article/78489/download/pdf/
10.3897/phytokeys.192.77269	https://phytokeys.pensoft.net/article/77269/download/pdf/
10.3897/phytokeys.192.77517	https://phytokeys.pensoft.net/article/77517/download/pdf/
10.3897/phytokeys.192.78409	https://phytokeys.pensoft.net/article/78409/download/pdf/
10.3897/phytokeys.192.79506	https://phytokeys.pensoft.net/article/79506/download/pdf/
10.3897/phytokeys.192.79702	https://phytokeys.pensoft.net/article/79702/download/pdf/
10.3897/phytokeys.192.81571	https://phytokeys.pensoft.net/article/81571/download/pdf/
10.3897/phytokeys.193.70757	https://phytokeys.pensoft.net/article/70757/download/pdf/
10.3897/phytokeys.193.72270	https://phytokeys.pensoft.net/article/72270/download/pdf/
10.3897/phytokeys.193.76365	https://phytokeys.pensoft.net/article/76365/download/pdf/
10.3897/phytokeys.193.77083	https://phytokeys.pensoft.net/article/77083/download/pdf/
10.3897/phytokeys.193.78810	https://phytokeys.pensoft.net/article/78810/download/pdf/
10.3897/phytokeys.193.79667	https://phytokeys.pensoft.net/article/79667/download/pdf/
10.3897/phytokeys.193.79886	https://phytokeys.pensoft.net/article/79886/download/pdf/
10.3897/phytokeys.193.80327	https://phytokeys.pensoft.net/article/80327/download/pdf/
10.3897/phytokeys.193.80715	https://phytokeys.pensoft.net/article/80715/download/pdf/
10.3897/phytokeys.193.82287	https://phytokeys.pensoft.net/article/82287/download/pdf/
10.3897/phytokeys.194.68404	https://phytokeys.pensoft.net/article/68404/download/pdf/
10.3897/phytokeys.194.77827	https://phytokeys.pensoft.net/article/77827/download/pdf/
10.3897/phytokeys.194.79638	https://phytokeys.pensoft.net/article/79638/download/pdf/
10.3897/phytokeys.194.80129	https://phytokeys.pensoft.net/article/80129/download/pdf/
10.3897/phytokeys.194.80967	https://phytokeys.pensoft.net/article/80967/download/pdf/
10.3897/phytokeys.194.81018	https://phytokeys.pensoft.net/article/81018/download/pdf/
10.3897/phytokeys.194.81335	https://phytokeys.pensoft.net/article/81335/download/pdf/
10.3897/phytokeys.194.81652	https://phytokeys.pensoft.net/article/81652/download/pdf/
10.3897/phytokeys.194.82737	https://phytokeys.pensoft.net/article/82737/download/pdf/
10.3897/phytokeys.194.83080	https://phytokeys.pensoft.net/article/83080/download/pdf/
10.3897/phytokeys.195.78832	https://phytokeys.pensoft.net/article/78832/download/pdf/
10.3897/phytokeys.195.80452	https://phytokeys.pensoft.net/article/80452/download/pdf/
10.3897/phytokeys.195.81370	https://phytokeys.pensoft.net/article/81370/download/pdf/
10.3897/phytokeys.195.81632	https://phytokeys.pensoft.net/article/81632/download/pdf/
10.3897/phytokeys.195.81755	https://phytokeys.pensoft.net/article/81755/download/pdf/
10.3897/phytokeys.195.82411	https://phytokeys.pensoft.net/article/82411/download/pdf/
10.3897/phytokeys.195.82789	https://phytokeys.pensoft.net/article/82789/download/pdf/
10.3897/phytokeys.195.83004	https://phytokeys.pensoft.net/article/83004/download/pdf/
10.3897/phytokeys.195.83934	https://phytokeys.pensoft.net/article/83934/download/pdf/
10.3897/phytokeys.196.77940	https://phytokeys.pensoft.net/article/77940/download/pdf/
10.3897/phytokeys.196.79566	https://phytokeys.pensoft.net/article/79566/download/pdf/
10.3897/phytokeys.196.79673	https://phytokeys.pensoft.net/article/79673/download/pdf/
10.3897/phytokeys.196.82598	https://phytokeys.pensoft.net/article/82598/download/pdf/
10.3897/phytokeys.196.83176	https://phytokeys.pensoft.net/article/83176/download/pdf/
10.3897/phytokeys.197.73596	https://phytokeys.pensoft.net/article/73596/download/pdf/
10.3897/phytokeys.197.79499	https://phytokeys.pensoft.net/article/79499/download/pdf/
10.3897/phytokeys.197.80531	https://phytokeys.pensoft.net/article/80531/download/pdf/
10.3897/phytokeys.197.81367	https://phytokeys.pensoft.net/article/81367/download/pdf/
10.3897/phytokeys.197.82670	https://phytokeys.pensoft.net/article/82670/download/pdf/
10.3897/phytokeys.197.83089	https://phytokeys.pensoft.net/article/83089/download/pdf/
10.3897/phytokeys.197.84833	https://phytokeys.pensoft.net/article/84833/download/pdf/
10.3897/phytokeys.198.79514	https://phytokeys.pensoft.net/article/79514/download/pdf/
10.3897/phytokeys.199.76693	https://phytokeys.pensoft.net/article/76693/download/pdf/
10.3897/phytokeys.199.79501	https://phytokeys.pensoft.net/article/79501/download/pdf/
10.3897/phytokeys.199.80727	https://phytokeys.pensoft.net/article/80727/download/pdf/
10.3897/phytokeys.199.81292	https://phytokeys.pensoft.net/article/81292/download/pdf/
10.3897/phytokeys.199.83107	https://phytokeys.pensoft.net/article/83107/download/pdf/
10.3897/phytokeys.199.84354	https://phytokeys.pensoft.net/article/84354/download/pdf/
10.3897/phytokeys.199.85231	https://phytokeys.pensoft.net/article/85231/download/pdf/
10.3897/phytokeys.199.85437	https://phytokeys.pensoft.net/article/85437/download/pdf/
10.3897/phytokeys.199.85679	https://phytokeys.pensoft.net/article/85679/download/pdf/
10.3897/phytokeys.199.85717	https://phytokeys.pensoft.net/article/85717/download/pdf/
10.3897/phytokeys.200.71667	https://phytokeys.pensoft.net/article/71667/download/pdf/
10.3897/phytokeys.201.77574	https://phytokeys.pensoft.net/article/77574/download/pdf/
10.3897/phytokeys.201.79626	https://phytokeys.pensoft.net/article/79626/download/pdf/
10.3897/phytokeys.201.80774	https://phytokeys.pensoft.net/article/80774/download/pdf/
10.3897/phytokeys.201.82872	https://phytokeys.pensoft.net/article/82872/download/pdf/
10.3897/phytokeys.201.83316	https://phytokeys.pensoft.net/article/83316/download/pdf/
10.3897/phytokeys.201.84027	https://phytokeys.pensoft.net/article/84027/download/pdf/
10.3897/phytokeys.201.84699	https://phytokeys.pensoft.net/article/84699/download/pdf/
10.3897/phytokeys.201.84911	https://phytokeys.pensoft.net/article/84911/download/pdf/
10.3897/phytokeys.201.85154	https://phytokeys.pensoft.net/article/85154/download/pdf/
10.3897/phytokeys.201.86180	https://phytokeys.pensoft.net/article/86180/download/pdf/
10.3897/phytokeys.202.76344	https://phytokeys.pensoft.net/article/76344/download/pdf/
10.3897/phytokeys.202.80554	https://phytokeys.pensoft.net/article/80554/download/pdf/
10.3897/phytokeys.202.82101	https://phytokeys.pensoft.net/article/82101/download/pdf/
10.3897/phytokeys.202.82786	https://phytokeys.pensoft.net/article/82786/download/pdf/
10.3897/phytokeys.202.84688	https://phytokeys.pensoft.net/article/84688/download/pdf/
10.3897/phytokeys.202.85410	https://phytokeys.pensoft.net/article/85410/download/pdf/
10.3897/phytokeys.202.85822	https://phytokeys.pensoft.net/article/85822/download/pdf/
10.3897/phytokeys.202.86653	https://phytokeys.pensoft.net/article/86653/download/pdf/
10.3897/phytokeys.202.87306	https://phytokeys.pensoft.net/article/87306/download/pdf/
10.3897/phytokeys.202.87464	https://phytokeys.pensoft.net/article/87464/download/pdf/
10.3897/phytokeys.203.83529	https://phytokeys.pensoft.net/article/83529/download/pdf/
10.3897/phytokeys.204.82508	https://phytokeys.pensoft.net/article/82508/download/pdf/
10.3897/phytokeys.204.84397	https://phytokeys.pensoft.net/article/84397/download/pdf/
10.3897/phytokeys.204.84886	https://phytokeys.pensoft.net/article/84886/download/pdf/
10.3897/phytokeys.204.85256	https://phytokeys.pensoft.net/article/85256/download/pdf/
10.3897/phytokeys.204.85746	https://phytokeys.pensoft.net/article/85746/download/pdf/
10.3897/phytokeys.204.86045	https://phytokeys.pensoft.net/article/86045/download/pdf/
10.3897/phytokeys.204.86647	https://phytokeys.pensoft.net/article/86647/download/pdf/
10.3897/phytokeys.204.86857	https://phytokeys.pensoft.net/article/86857/download/pdf/
10.3897/phytokeys.204.87654	https://phytokeys.pensoft.net/article/87654/download/pdf/
10.3897/phytokeys.204.89690	https://phytokeys.pensoft.net/article/89690/download/pdf/
10.3897/phytokeys.205.75379	https://phytokeys.pensoft.net/article/75379/download/pdf/
10.3897/phytokeys.205.76790	https://phytokeys.pensoft.net/article/76790/download/pdf/
10.3897/phytokeys.205.76821	https://phytokeys.pensoft.net/article/76821/download/pdf/
10.3897/phytokeys.205.78297	https://phytokeys.pensoft.net/article/78297/download/pdf/
10.3897/phytokeys.205.79144	https://phytokeys.pensoft.net/article/79144/download/pdf/
10.3897/phytokeys.205.79378	https://phytokeys.pensoft.net/article/79378/download/pdf/
10.3897/phytokeys.205.79381	https://phytokeys.pensoft.net/article/79381/download/pdf/
10.3897/phytokeys.205.82220	https://phytokeys.pensoft.net/article/82220/download/pdf/
10.3897/phytokeys.205.82256	https://phytokeys.pensoft.net/article/82256/download/pdf/
10.3897/phytokeys.205.82275	https://phytokeys.pensoft.net/article/82275/download/pdf/
10.3897/phytokeys.205.82288	https://phytokeys.pensoft.net/article/82288/download/pdf/
10.3897/phytokeys.205.82300	https://phytokeys.pensoft.net/article/82300/download/pdf/
10.3897/phytokeys.205.82728	https://phytokeys.pensoft.net/article/82728/download/pdf/
10.3897/phytokeys.205.82775	https://phytokeys.pensoft.net/article/82775/download/pdf/
10.3897/phytokeys.205.82821	https://phytokeys.pensoft.net/article/82821/download/pdf/
10.3897/phytokeys.205.85866	https://phytokeys.pensoft.net/article/85866/download/pdf/
10.3897/phytokeys.205.89634	https://phytokeys.pensoft.net/article/89634/download/pdf/
10.3897/phytokeys.206.75971	https://phytokeys.pensoft.net/article/75971/download/pdf/
10.3897/phytokeys.206.77379	https://hal.inrae.fr/hal-03820599/file/Tack_etal_Phytokeys_2022_206.pdf
10.3897/phytokeys.206.84227	https://phytokeys.pensoft.net/article/84227/download/pdf/
10.3897/phytokeys.206.84716	https://phytokeys.pensoft.net/article/84716/download/pdf/
10.3897/phytokeys.206.85241	https://phytokeys.pensoft.net/article/85241/download/pdf/
10.3897/phytokeys.206.85635	https://phytokeys.pensoft.net/article/85635/download/pdf/
10.3897/phytokeys.206.85673	https://phytokeys.pensoft.net/article/85673/download/pdf/
10.3897/phytokeys.206.87109	https://phytokeys.pensoft.net/article/87109/download/pdf/
10.3897/phytokeys.206.87737	https://phytokeys.pensoft.net/article/87737/download/pdf/
10.3897/phytokeys.206.89338	https://phytokeys.pensoft.net/article/89338/download/pdf/
10.3897/phytokeys.206.90720	https://phytokeys.pensoft.net/article/90720/download/pdf/
10.3897/phytokeys.207.61432	https://phytokeys.pensoft.net/article/61432/download/pdf/
10.3897/phytokeys.208.80382	https://phytokeys.pensoft.net/article/80382/download/pdf/
10.3897/phytokeys.208.89552	https://phytokeys.pensoft.net/article/89552/download/pdf/
10.3897/phytokeys.208.89913	https://phytokeys.pensoft.net/article/89913/download/pdf/
10.3897/phytokeys.209.87681	https://phytokeys.pensoft.net/article/87681/download/pdf/
10.3897/phytokeys.210.85668	https://phytokeys.pensoft.net/article/85668/download/pdf/
10.3897/phytokeys.210.86067	https://phytokeys.pensoft.net/article/86067/download/pdf/
10.3897/phytokeys.210.87033	https://phytokeys.pensoft.net/article/87033/download/pdf/
10.3897/phytokeys.210.89520	https://phytokeys.pensoft.net/article/89520/download/pdf/
10.3897/phytokeys.210.90391	https://phytokeys.pensoft.net/article/90391/download/pdf/
10.3897/phytokeys.210.90438	https://phytokeys.pensoft.net/article/90438/download/pdf/
10.3897/phytokeys.210.90598	https://phytokeys.pensoft.net/article/90598/download/pdf/
10.3897/phytokeys.210.90876	https://phytokeys.pensoft.net/article/90876/download/pdf/
10.3897/phytokeys.210.91226	https://phytokeys.pensoft.net/article/91226/download/pdf/
10.3897/phytokeys.211.83985	https://phytokeys.pensoft.net/article/83985/download/pdf/
10.3897/phytokeys.211.85630	https://phytokeys.pensoft.net/article/85630/download/pdf/
10.3897/phytokeys.211.85777	https://phytokeys.pensoft.net/article/85777/download/pdf/
10.3897/phytokeys.211.87842	https://phytokeys.pensoft.net/article/87842/download/pdf/
10.3897/phytokeys.211.89408	https://phytokeys.pensoft.net/article/89408/download/pdf/
10.3897/phytokeys.211.89452	https://phytokeys.pensoft.net/article/89452/download/pdf/
10.3897/phytokeys.211.89453	https://phytokeys.pensoft.net/article/89453/download/pdf/
10.3897/phytokeys.211.90236	https://phytokeys.pensoft.net/article/90236/download/pdf/
10.3897/phytokeys.211.90363	https://phytokeys.pensoft.net/article/90363/download/pdf/
10.3897/phytokeys.211.90456	https://phytokeys.pensoft.net/article/90456/download/pdf/
10.3897/phytokeys.211.93650	https://phytokeys.pensoft.net/article/93650/download/pdf/
10.3897/phytokeys.212.82604	https://phytokeys.pensoft.net/article/82604/download/pdf/
10.3897/phytokeys.212.89253	https://phytokeys.pensoft.net/article/89253/download/pdf/
10.3897/phytokeys.212.89347	https://phytokeys.pensoft.net/article/89347/download/pdf/
10.3897/phytokeys.212.91133	https://phytokeys.pensoft.net/article/91133/download/pdf/
10.3897/phytokeys.212.91174	https://phytokeys.pensoft.net/article/91174/download/pdf/
10.3897/phytokeys.212.91190	https://phytokeys.pensoft.net/article/91190/download/pdf/
10.3897/phytokeys.212.91534	https://phytokeys.pensoft.net/article/91534/download/pdf/
10.3897/phytokeys.212.91536	https://phytokeys.pensoft.net/article/91536/download/pdf/
10.3897/phytokeys.212.94037	https://phytokeys.pensoft.net/article/94037/download/pdf/
10.3897/phytokeys.212.94280	https://phytokeys.pensoft.net/article/94280/download/pdf/
10.3897/phytokeys.213.82627	https://phytokeys.pensoft.net/article/82627/download/pdf/
10.3897/phytokeys.213.83632	https://phytokeys.pensoft.net/article/83632/download/pdf/
10.3897/phytokeys.213.84349	https://phytokeys.pensoft.net/article/84349/download/pdf/
10.3897/phytokeys.213.89784	https://phytokeys.pensoft.net/article/89784/download/pdf/
10.3897/phytokeys.213.89875	https://phytokeys.pensoft.net/article/89875/download/pdf/
10.3897/phytokeys.213.90377	https://phytokeys.pensoft.net/article/90377/download/pdf/
10.3897/phytokeys.213.91116	https://phytokeys.pensoft.net/article/91116/download/pdf/
10.3897/phytokeys.213.94302	https://phytokeys.pensoft.net/article/94302/download/pdf/
10.3897/phytokeys.213.95614	https://phytokeys.pensoft.net/article/95614/download/pdf/
10.3897/phytokeys.213.96203	https://phytokeys.pensoft.net/article/96203/download/pdf/
10.3897/phytokeys.213.96546	https://phytokeys.pensoft.net/article/96546/download/pdf/
10.3897/phytokeys.214.89276	https://phytokeys.pensoft.net/article/89276/download/pdf/
10.3897/phytokeys.214.89404	https://phytokeys.pensoft.net/article/89404/download/pdf/
10.3897/phytokeys.214.90004	https://phytokeys.pensoft.net/article/90004/download/pdf/
10.3897/phytokeys.214.91586	https://phytokeys.pensoft.net/article/91586/download/pdf/
10.3897/phytokeys.214.93607	https://phytokeys.pensoft.net/article/93607/download/pdf/
10.3897/phytokeys.214.93901	https://phytokeys.pensoft.net/article/93901/download/pdf/
10.3897/phytokeys.214.94294	https://phytokeys.pensoft.net/article/94294/download/pdf/
10.3897/phytokeys.214.94898	https://phytokeys.pensoft.net/article/94898/download/pdf/
10.3897/phytokeys.214.95125	https://phytokeys.pensoft.net/article/95125/download/pdf/
10.3897/phytokeys.214.96425	https://phytokeys.pensoft.net/article/96425/download/pdf/
10.3897/phytokeys.214.97612	https://phytokeys.pensoft.net/article/97612/download/pdf/
10.3897/phytokeys.215.89175	https://phytokeys.pensoft.net/article/89175/download/pdf/
10.3897/phytokeys.215.90859	https://phytokeys.pensoft.net/article/90859/download/pdf/
10.3897/phytokeys.215.91061	https://phytokeys.pensoft.net/article/91061/download/pdf/
10.3897/phytokeys.215.91458	https://phytokeys.pensoft.net/article/91458/download/pdf/
10.3897/phytokeys.215.91488	https://phytokeys.pensoft.net/article/91488/download/pdf/
10.3897/phytokeys.215.93684	https://phytokeys.pensoft.net/article/93684/download/pdf/
10.3897/phytokeys.215.94010	https://zenodo.org/record/7423985/files/PK_article_94010.pdf
10.3897/phytokeys.215.94591	https://phytokeys.pensoft.net/article/94591/download/pdf/
10.3897/phytokeys.215.96263	https://phytokeys.pensoft.net/article/96263/download/pdf/
10.3897/phytokeys.215.96362	https://phytokeys.pensoft.net/article/96362/download/pdf/
10.3897/phytokeys.216.85972	https://phytokeys.pensoft.net/article/85972/download/pdf/
10.3897/phytokeys.216.91032	https://phytokeys.pensoft.net/article/91032/download/pdf/
10.3897/phytokeys.5555.89480	https://phytokeys.pensoft.net/article/89480/download/pdf/
10.3897/subtbiol.42.73282	https://subtbiol.pensoft.net/article/73282/download/pdf/
10.3897/subtbiol.42.73524	https://subtbiol.pensoft.net/article/73524/download/pdf/
10.3897/subtbiol.42.75725	https://subtbiol.pensoft.net/article/75725/download/pdf/
10.3897/subtbiol.42.75784	https://subtbiol.pensoft.net/article/75784/download/pdf/635027
10.3897/subtbiol.42.78037	https://subtbiol.pensoft.net/article/78037/download/pdf/
10.3897/subtbiol.42.78074	https://subtbiol.pensoft.net/article/78074/download/pdf/
10.3897/subtbiol.42.79190	https://subtbiol.pensoft.net/article/79190/download/pdf/
10.3897/subtbiol.42.79447	https://subtbiol.pensoft.net/article/79447/download/pdf/
10.3897/subtbiol.42.80274	https://subtbiol.pensoft.net/article/80274/download/pdf/
10.3897/subtbiol.42.81486	https://subtbiol.pensoft.net/article/81486/download/pdf/
10.3897/subtbiol.43.73185	https://subtbiol.pensoft.net/article/73185/download/pdf/
10.3897/subtbiol.43.76049	https://subtbiol.pensoft.net/article/76049/download/pdf/
10.3897/subtbiol.43.79993	https://subtbiol.pensoft.net/article/79993/download/pdf/
10.3897/subtbiol.43.80969	https://subtbiol.pensoft.net/article/80969/download/pdf/
10.3897/subtbiol.43.81308	https://subtbiol.pensoft.net/article/81308/download/pdf/
10.3897/subtbiol.43.82158	https://subtbiol.pensoft.net/article/82158/download/pdf/
10.3897/subtbiol.43.83592	https://subtbiol.pensoft.net/article/83592/download/pdf/
10.3897/subtbiol.43.85804	https://subtbiol.pensoft.net/article/85804/download/pdf/
10.3897/subtbiol.43.87277	https://subtbiol.pensoft.net/article/87277/download/pdf/
10.3897/subtbiol.44.77980	https://subtbiol.pensoft.net/article/77980/download/pdf/
10.3897/subtbiol.44.85517	https://subtbiol.pensoft.net/article/85517/download/pdf/
10.3897/subtbiol.44.85604	https://subtbiol.pensoft.net/article/85604/download/pdf/
10.3897/subtbiol.44.86565	https://subtbiol.pensoft.net/article/86565/download/pdf/
10.3897/subtbiol.44.86914	https://subtbiol.pensoft.net/article/86914/download/pdf/
10.3897/subtbiol.44.87205	https://subtbiol.pensoft.net/article/87205/download/pdf/
10.3897/subtbiol.44.87295	https://subtbiol.pensoft.net/article/87295/download/pdf/
10.3897/subtbiol.44.91002	https://subtbiol.pensoft.net/article/91002/download/pdf/
10.3897/subtbiol.44.93661	https://subtbiol.pensoft.net/article/93661/download/pdf/
10.3897/subtbiol.44.96545	https://subtbiol.pensoft.net/article/96545/download/pdf/
10.3897/subtbiol.73.79318	https://subtbiol.pensoft.net/article/79318/download/pdf/
10.3897/vz.72.e73534	https://vertebrate-zoology.arphahub.com/article/73534/download/pdf/
10.3897/vz.72.e76046	https://vertebrate-zoology.arphahub.com/article/76046/download/pdf/
10.3897/vz.72.e76047	https://vertebrate-zoology.arphahub.com/article/76047/download/pdf/
10.3897/vz.72.e76256	https://vertebrate-zoology.arphahub.com/article/76256/download/pdf/
10.3897/vz.72.e76308	https://vertebrate-zoology.arphahub.com/article/76308/download/pdf/
10.3897/vz.72.e77702	https://vertebrate-zoology.arphahub.com/article/77702/download/pdf/
10.3897/vz.72.e78092	https://vertebrate-zoology.arphahub.com/article/78092/download/pdf/
10.3897/vz.72.e78219	https://vertebrate-zoology.arphahub.com/article/78219/download/pdf/
10.3897/vz.72.e78234	https://vertebrate-zoology.arphahub.com/article/78234/download/pdf/
10.3897/vz.72.e78479	https://vertebrate-zoology.arphahub.com/article/78479/download/pdf/
10.3897/vz.72.e78828	https://vertebrate-zoology.arphahub.com/article/78828/download/pdf/
10.3897/vz.72.e78830	https://vertebrate-zoology.arphahub.com/article/78830/download/pdf/
10.3897/vz.72.e79401	https://vertebrate-zoology.arphahub.com/article/79401/download/pdf/
10.3897/vz.72.e79496	https://vertebrate-zoology.arphahub.com/article/79496/download/pdf/
10.3897/vz.72.e79911	https://vertebrate-zoology.arphahub.com/article/79911/download/pdf/
10.3897/vz.72.e80019	https://vertebrate-zoology.arphahub.com/article/80019/download/pdf/
10.3897/vz.72.e80508	https://vertebrate-zoology.arphahub.com/article/80508/download/pdf/
10.3897/vz.72.e80615	https://vertebrate-zoology.arphahub.com/article/80615/download/pdf/
10.3897/vz.72.e82201	https://vertebrate-zoology.arphahub.com/article/82201/download/pdf/
10.3897/vz.72.e82343	https://vertebrate-zoology.arphahub.com/article/82343/download/pdf/
10.3897/vz.72.e82709	https://vertebrate-zoology.arphahub.com/article/82709/download/pdf/
10.3897/vz.72.e82874	https://vertebrate-zoology.arphahub.com/article/82874/download/pdf/
10.3897/vz.72.e83324	https://vertebrate-zoology.arphahub.com/article/83324/download/pdf/
10.3897/vz.72.e83544	https://vertebrate-zoology.arphahub.com/article/83544/download/pdf/
10.3897/vz.72.e84274	https://vertebrate-zoology.arphahub.com/article/84274/download/pdf/
10.3897/vz.72.e84516	https://vertebrate-zoology.arphahub.com/article/84516/download/pdf/
10.3897/vz.72.e84732	https://vertebrate-zoology.arphahub.com/article/84732/download/pdf/
10.3897/vz.72.e84983	https://vertebrate-zoology.arphahub.com/article/84983/download/pdf/
10.3897/vz.72.e85020	https://vertebrate-zoology.arphahub.com/article/85020/download/pdf/
10.3897/vz.72.e85144	https://vertebrate-zoology.arphahub.com/article/85144/download/pdf/
10.3897/vz.72.e85269	https://vertebrate-zoology.arphahub.com/article/85269/download/pdf/
10.3897/vz.72.e85419	https://vertebrate-zoology.arphahub.com/article/85419/download/pdf/
10.3897/vz.72.e85466	https://vertebrate-zoology.arphahub.com/article/85466/download/pdf/
10.3897/vz.72.e85989	https://vertebrate-zoology.arphahub.com/article/85989/download/pdf/
10.3897/vz.72.e86348	https://vertebrate-zoology.arphahub.com/article/86348/download/pdf/
10.3897/vz.72.e86968	https://zenodo.org/record/7076679/files/VZ_article_86968.pdf
10.3897/vz.72.e87275	https://vertebrate-zoology.arphahub.com/article/87275/download/pdf/
10.3897/vz.72.e87313	https://vertebrate-zoology.arphahub.com/article/87313/download/pdf/
10.3897/vz.72.e87426	https://vertebrate-zoology.arphahub.com/article/87426/download/pdf/
10.3897/vz.72.e89324	https://vertebrate-zoology.arphahub.com/article/89324/download/pdf/
10.3897/vz.72.e89647	https://vertebrate-zoology.arphahub.com/article/89647/download/pdf/
10.3897/vz.72.e89660	https://vertebrate-zoology.arphahub.com/article/89660/download/pdf/
10.3897/vz.72.e90435	https://vertebrate-zoology.arphahub.com/article/90435/download/pdf/
10.3897/vz.72.e90474	https://vertebrate-zoology.arphahub.com/article/90474/download/pdf/
10.3897/vz.72.e90840	
10.3897/vz.72.e90958	https://vertebrate-zoology.arphahub.com/article/90958/download/pdf/
10.3897/vz.72.e91422	https://vertebrate-zoology.arphahub.com/article/91422/download/pdf/
10.3897/vz.72.e94711	https://vertebrate-zoology.arphahub.com/article/94711/download/pdf/
10.3897/vz.72.e94799	https://vertebrate-zoology.arphahub.com/article/94799/download/pdf/
10.3897/vz.72.e95681	https://vertebrate-zoology.arphahub.com/article/95681/download/pdf/
10.3897/zookeys.1074.72823	https://zookeys.pensoft.net/article/72823/download/pdf/
10.3897/zookeys.1074.75551	https://zookeys.pensoft.net/article/75551/download/pdf/618129
10.3897/zookeys.1074.76235	https://zookeys.pensoft.net/article/76235/download/pdf/
10.3897/zookeys.1076.72802	https://zookeys.pensoft.net/article/72802/download/pdf/
10.3897/zookeys.1076.75576	https://zookeys.pensoft.net/article/75576/download/pdf/
10.3897/zookeys.1076.75846	https://zookeys.pensoft.net/article/75846/download/pdf/
10.3897/zookeys.1080.69060	https://zookeys.pensoft.net/article/69060/download/pdf/
10.3897/zookeys.1080.71192	https://zookeys.pensoft.net/article/71192/download/pdf/
10.3897/zookeys.1080.71370	https://zookeys.pensoft.net/article/71370/download/pdf/
10.3897/zookeys.1080.73194	https://zookeys.pensoft.net/article/73194/download/pdf/
10.3897/zookeys.1080.74286	https://zookeys.pensoft.net/article/74286/download/pdf/
10.3897/zookeys.1080.76522	https://zookeys.pensoft.net/article/76522/download/pdf/
10.3897/zookeys.1080.76876	https://zookeys.pensoft.net/article/76876/download/pdf/
10.3897/zookeys.1081.63009	https://zookeys.pensoft.net/article/63009/download/pdf/
10.3897/zookeys.1081.71488	https://zookeys.pensoft.net/article/71488/download/pdf/
10.3897/zookeys.1081.71872	https://zookeys.pensoft.net/article/71872/download/pdf/
10.3897/zookeys.1081.72606	https://zookeys.pensoft.net/article/72606/download/pdf/
10.3897/zookeys.1081.75927	https://zookeys.pensoft.net/article/75927/download/pdf/634068
10.3897/zookeys.1081.77043	https://zookeys.pensoft.net/article/77043/download/pdf/633655
10.3897/zookeys.1081.77072	https://zookeys.pensoft.net/article/77072/download/pdf/633565
10.3897/zookeys.1082.69851	https://zookeys.pensoft.net/article/69851/download/pdf/
10.3897/zookeys.1082.71859	https://zookeys.pensoft.net/article/71859/download/pdf/635923
10.3897/zookeys.1082.73019	https://zookeys.pensoft.net/article/73019/download/pdf/635950
10.3897/zookeys.1082.73272	https://zookeys.pensoft.net/article/73272/download/pdf/635487
10.3897/zookeys.1082.73611	https://zookeys.pensoft.net/article/73611/download/pdf/
10.3897/zookeys.1082.74323	https://zookeys.pensoft.net/article/74323/download/pdf/635514
10.3897/zookeys.1082.75400	https://zookeys.pensoft.net/article/75400/download/pdf/
10.3897/zookeys.1082.75816	https://zookeys.pensoft.net/article/75816/download/pdf/
10.3897/zookeys.1082.77637	https://zookeys.pensoft.net/article/77637/download/pdf/635354
10.3897/zookeys.1082.79011	https://zookeys.pensoft.net/article/79011/download/pdf/635528
10.3897/zookeys.1083.69047	https://zookeys.pensoft.net/article/69047/download/pdf/
10.3897/zookeys.1083.72939	https://zookeys.pensoft.net/article/72939/download/pdf/
10.3897/zookeys.1083.75624	https://zookeys.pensoft.net/article/75624/download/pdf/
10.3897/zookeys.1083.76651	https://zookeys.pensoft.net/article/76651/download/pdf/
10.3897/zookeys.1083.76887	https://zookeys.pensoft.net/article/76887/download/pdf/
10.3897/zookeys.1083.77428	https://zookeys.pensoft.net/article/77428/download/pdf/
10.3897/zookeys.1083.78233	https://zookeys.pensoft.net/article/78233/download/pdf/
10.3897/zookeys.1084.69767	https://zookeys.pensoft.net/article/69767/download/pdf/
10.3897/zookeys.1084.71576	https://zookeys.pensoft.net/article/71576/download/pdf/
10.3897/zookeys.1084.72868	https://zookeys.pensoft.net/article/72868/download/pdf/
10.3897/zookeys.1084.73175	https://zookeys.pensoft.net/article/73175/download/pdf/
10.3897/zookeys.1084.77038	https://zookeys.pensoft.net/article/77038/download/pdf/
10.3897/zookeys.1084.77096	https://zookeys.pensoft.net/article/77096/download/pdf/
10.3897/zookeys.1084.78405	https://zookeys.pensoft.net/article/78405/download/pdf/
10.3897/zookeys.1084.78664	https://zookeys.pensoft.net/article/78664/download/pdf/
10.3897/zookeys.1084.78744	https://zookeys.pensoft.net/article/78744/download/pdf/
10.3897/zookeys.1084.78883	https://zookeys.pensoft.net/article/78883/download/pdf/
10.3897/zookeys.1084.79415	https://zookeys.pensoft.net/article/79415/download/pdf/
10.3897/zookeys.1085.72927	https://zookeys.pensoft.net/article/72927/download/pdf/
10.3897/zookeys.1085.75885	https://zookeys.pensoft.net/article/75885/download/pdf/
10.3897/zookeys.1085.76033	https://zookeys.pensoft.net/article/76033/download/pdf/
10.3897/zookeys.1085.76484	https://zookeys.pensoft.net/article/76484/download/pdf/
10.3897/zookeys.1085.76853	https://zookeys.pensoft.net/article/76853/download/pdf/
10.3897/zookeys.1085.76868	https://zookeys.pensoft.net/article/76868/download/pdf/
10.3897/zookeys.1085.77900	https://zookeys.pensoft.net/article/77900/download/pdf/
10.3897/zookeys.1085.77924	https://zookeys.pensoft.net/article/77924/download/pdf/
10.3897/zookeys.1085.77966	https://zookeys.pensoft.net/article/77966/download/pdf/
10.3897/zookeys.1085.79278	https://zookeys.pensoft.net/article/79278/download/pdf/
10.3897/zookeys.1086.68015	https://zookeys.pensoft.net/article/68015/download/pdf/
10.3897/zookeys.1086.76079	https://zookeys.pensoft.net/article/76079/download/pdf/
10.3897/zookeys.1086.77180	https://zookeys.pensoft.net/article/77180/download/pdf/
10.3897/zookeys.1086.77190	https://zookeys.pensoft.net/article/77190/download/pdf/
10.3897/zookeys.1086.77408	https://zookeys.pensoft.net/article/77408/download/pdf/
10.3897/zookeys.1086.77554	https://zookeys.pensoft.net/article/77554/download/pdf/
10.3897/zookeys.1087.64382	https://zookeys.pensoft.net/article/64382/download/pdf/
10.3897/zookeys.1087.71280	https://zookeys.pensoft.net/article/71280/download/pdf/
10.3897/zookeys.1087.76668	https://zookeys.pensoft.net/article/76668/download/pdf/
10.3897/zookeys.1087.76720	https://zookeys.pensoft.net/article/76720/download/pdf/
10.3897/zookeys.1087.78193	https://zookeys.pensoft.net/article/78193/download/pdf/
10.3897/zookeys.1087.78707	https://zookeys.pensoft.net/article/78707/download/pdf/
10.3897/zookeys.1087.78998	https://zookeys.pensoft.net/article/78998/download/pdf/
10.3897/zookeys.1088.69141	https://zookeys.pensoft.net/article/69141/download/pdf/
10.3897/zookeys.1088.70860	https://zookeys.pensoft.net/article/70860/download/pdf/
10.3897/zookeys.1088.72910	https://zookeys.pensoft.net/article/72910/download/pdf/
10.3897/zookeys.1088.76134	https://zookeys.pensoft.net/article/76134/download/pdf/
10.3897/zookeys.1088.77703	https://zookeys.pensoft.net/article/77703/download/pdf/
10.3897/zookeys.1088.78139	https://zookeys.pensoft.net/article/78139/download/pdf/
10.3897/zookeys.1088.78990	https://zookeys.pensoft.net/article/78990/download/pdf/
10.3897/zookeys.1088.79021	https://zookeys.pensoft.net/article/79021/download/pdf/
10.3897/zookeys.1088.79416	https://zookeys.pensoft.net/article/79416/download/pdf/
10.3897/zookeys.1088.80307	https://zookeys.pensoft.net/article/80307/download/pdf/
10.3897/zookeys.1089.72485	https://zookeys.pensoft.net/article/72485/download/pdf/
10.3897/zookeys.1089.72645	https://zookeys.pensoft.net/article/72645/download/pdf/
10.3897/zookeys.1089.73418	https://zookeys.pensoft.net/article/73418/download/pdf/
10.3897/zookeys.1089.77203	https://zookeys.pensoft.net/article/77203/download/pdf/
10.3897/zookeys.1089.77273	https://zookeys.pensoft.net/article/77273/download/pdf/
10.3897/zookeys.1089.78000	https://zookeys.pensoft.net/article/78000/download/pdf/
10.3897/zookeys.1089.78182	https://zookeys.pensoft.net/article/78182/download/pdf/
10.3897/zookeys.1089.79716	https://zenodo.org/record/6353006/files/ZK_article_79716.pdf
10.3897/zookeys.1089.79999	https://zookeys.pensoft.net/article/79999/download/pdf/
10.3897/zookeys.1089.80564	https://zookeys.pensoft.net/article/80564/download/pdf/
10.3897/zookeys.1090.75823	https://zookeys.pensoft.net/article/75823/download/pdf/
10.3897/zookeys.1090.75872	https://zookeys.pensoft.net/article/75872/download/pdf/
10.3897/zookeys.1090.76292	https://zookeys.pensoft.net/article/76292/download/pdf/
10.3897/zookeys.1090.77830	https://zookeys.pensoft.net/article/77830/download/pdf/
10.3897/zookeys.1090.78442	https://zookeys.pensoft.net/article/78442/download/pdf/
10.3897/zookeys.1090.78741	https://zookeys.pensoft.net/article/78741/download/pdf/
10.3897/zookeys.1090.78834	https://zookeys.pensoft.net/article/78834/download/pdf/
10.3897/zookeys.1090.80149	https://zookeys.pensoft.net/article/80149/download/pdf/
10.3897/zookeys.1091.73446	https://zookeys.pensoft.net/article/73446/download/pdf/
10.3897/zookeys.1091.78986	https://zookeys.pensoft.net/article/78986/download/pdf/
10.3897/zookeys.1091.79085	https://zookeys.pensoft.net/article/79085/download/pdf/
10.3897/zookeys.1091.79486	https://zookeys.pensoft.net/article/79486/download/pdf/
10.3897/zookeys.1091.79564	https://zookeys.pensoft.net/article/79564/download/pdf/
10.3897/zookeys.1091.80065	https://zookeys.pensoft.net/article/80065/download/pdf/
10.3897/zookeys.1091.80094	https://zookeys.pensoft.net/article/80094/download/pdf/
10.3897/zookeys.1092.73299	https://zookeys.pensoft.net/article/73299/download/pdf/
10.3897/zookeys.1092.75831	https://zookeys.pensoft.net/article/75831/download/pdf/
10.3897/zookeys.1092.78069	https://zookeys.pensoft.net/article/78069/download/pdf/
10.3897/zookeys.1092.79396	https://zookeys.pensoft.net/article/79396/download/pdf/
10.3897/zookeys.1092.79635	https://zookeys.pensoft.net/article/79635/download/pdf/
10.3897/zookeys.1092.80464	https://zookeys.pensoft.net/article/80464/download/pdf/
10.3897/zookeys.1092.80548	https://zookeys.pensoft.net/article/80548/download/pdf/
10.3897/zookeys.1092.80560	https://zookeys.pensoft.net/article/80560/download/pdf/
10.3897/zookeys.1092.80645	https://zookeys.pensoft.net/article/80645/download/pdf/
10.3897/zookeys.1092.80993	https://zookeys.pensoft.net/article/80993/download/pdf/
10.3897/zookeys.1092.81701	https://zookeys.pensoft.net/article/81701/download/pdf/
10.3897/zookeys.1093.72339	https://zookeys.pensoft.net/article/72339/download/pdf/
10.3897/zookeys.1094.62644	https://zookeys.pensoft.net/article/62644/download/pdf/
10.3897/zookeys.1095.72829	https://zookeys.pensoft.net/article/72829/download/pdf/
10.3897/zookeys.1095.74071	https://zookeys.pensoft.net/article/74071/download/pdf/
10.3897/zookeys.1095.74308	https://zookeys.pensoft.net/article/74308/download/pdf/
10.3897/zookeys.1095.76731	https://zookeys.pensoft.net/article/76731/download/pdf/
10.3897/zookeys.1095.77996	https://zookeys.pensoft.net/article/77996/download/pdf/
10.3897/zookeys.1095.79375	https://zookeys.pensoft.net/article/79375/download/pdf/
10.3897/zookeys.1095.80097	https://zookeys.pensoft.net/article/80097/download/pdf/
10.3897/zookeys.1095.80671	https://zenodo.org/record/6462654/files/ZK_article_80671.pdf
10.3897/zookeys.1095.80806	https://zookeys.pensoft.net/article/80806/download/pdf/
10.3897/zookeys.1095.81076	https://zookeys.pensoft.net/article/81076/download/pdf/
10.3897/zookeys.1096.73485	https://zookeys.pensoft.net/article/73485/download/pdf/
10.3897/zookeys.1096.79382	https://zookeys.pensoft.net/article/79382/download/pdf/
10.3897/zookeys.1096.79402	https://zookeys.pensoft.net/article/79402/download/pdf/
10.3897/zookeys.1096.80773	https://zookeys.pensoft.net/article/80773/download/pdf/
10.3897/zookeys.1096.83011	https://zookeys.pensoft.net/article/83011/download/pdf/
10.3897/zookeys.1097.74243	https://zookeys.pensoft.net/article/74243/download/pdf/
10.3897/zookeys.1097.76426	https://zookeys.pensoft.net/article/76426/download/pdf/
10.3897/zookeys.1097.78127	https://zookeys.pensoft.net/article/78127/download/pdf/
10.3897/zookeys.1097.79109	https://zookeys.pensoft.net/article/79109/download/pdf/
10.3897/zookeys.1097.80424	https://zookeys.pensoft.net/article/80424/download/pdf/
10.3897/zookeys.1097.81792	https://zookeys.pensoft.net/article/81792/download/pdf/
10.3897/zookeys.1097.82527	https://zookeys.pensoft.net/article/82527/download/pdf/
10.3897/zookeys.1097.83215	https://zookeys.pensoft.net/article/83215/download/pdf/
10.3897/zookeys.1097.83916	https://zookeys.pensoft.net/article/83916/download/pdf/
10.3897/zookeys.1099.76479	https://zookeys.pensoft.net/article/76479/download/pdf/
10.3897/zookeys.1099.82949	https://zookeys.pensoft.net/article/82949/download/pdf/
10.3897/zookeys.1100.75987	https://zookeys.pensoft.net/article/75987/download/pdf/
10.3897/zookeys.1100.76142	https://zookeys.pensoft.net/article/76142/download/pdf/
10.3897/zookeys.1100.78769	https://zookeys.pensoft.net/article/78769/download/pdf/
10.3897/zookeys.1100.78979	https://zookeys.pensoft.net/article/78979/download/pdf/
10.3897/zookeys.1100.79435	https://zookeys.pensoft.net/article/79435/download/pdf/
10.3897/zookeys.1100.79569	https://zookeys.pensoft.net/article/79569/download/pdf/
10.3897/zookeys.1100.80077	https://zookeys.pensoft.net/article/80077/download/pdf/
10.3897/zookeys.1100.81910	https://zookeys.pensoft.net/article/81910/download/pdf/
10.3897/zookeys.1100.85374	https://zookeys.pensoft.net/article/85374/download/pdf/
10.3897/zookeys.1101.73834	https://zookeys.pensoft.net/article/73834/download/pdf/
10.3897/zookeys.1101.76132	https://zookeys.pensoft.net/article/76132/download/pdf/
10.3897/zookeys.1101.76266	https://zookeys.pensoft.net/article/76266/download/pdf/
10.3897/zookeys.1101.76711	https://zookeys.pensoft.net/article/76711/download/pdf/
10.3897/zookeys.1101.77212	https://zookeys.pensoft.net/article/77212/download/pdf/
10.3897/zookeys.1101.77216	https://zookeys.pensoft.net/article/77216/download/pdf/
10.3897/zookeys.1101.77549	https://zookeys.pensoft.net/article/77549/download/pdf/
10.3897/zookeys.1101.78711	https://zookeys.pensoft.net/article/78711/download/pdf/
10.3897/zookeys.1101.79043	https://zookeys.pensoft.net/article/79043/download/pdf/
10.3897/zookeys.1101.81016	https://zookeys.pensoft.net/article/81016/download/pdf/
10.3897/zookeys.1101.81113	https://zookeys.pensoft.net/article/81113/download/pdf/
10.3897/zookeys.1101.86064	https://zookeys.pensoft.net/article/86064/download/pdf/
10.3897/zookeys.1102.76800	https://zookeys.pensoft.net/article/76800/download/pdf/
10.3897/zookeys.1102.79102	https://zookeys.pensoft.net/article/79102/download/pdf/
10.3897/zookeys.1102.79148	https://zookeys.pensoft.net/article/79148/download/pdf/
10.3897/zookeys.1102.79229	https://zookeys.pensoft.net/article/79229/download/pdf/
10.3897/zookeys.1102.81247	https://zookeys.pensoft.net/article/81247/download/pdf/
10.3897/zookeys.1102.82228	https://zookeys.pensoft.net/article/82228/download/pdf/
10.3897/zookeys.1102.82388	https://zookeys.pensoft.net/article/82388/download/pdf/
10.3897/zookeys.1102.82466	https://zookeys.pensoft.net/article/82466/download/pdf/
10.3897/zookeys.1102.83198	https://zookeys.pensoft.net/article/83198/download/pdf/
10.3897/zookeys.1102.84953	https://zookeys.pensoft.net/article/84953/download/pdf/
10.3897/zookeys.1103.78808	https://zookeys.pensoft.net/article/78808/download/pdf/
10.3897/zookeys.1103.80787	https://zookeys.pensoft.net/article/80787/download/pdf/
10.3897/zookeys.1103.82984	https://zookeys.pensoft.net/article/82984/download/pdf/
10.3897/zookeys.1103.83650	https://zookeys.pensoft.net/article/83650/download/pdf/
10.3897/zookeys.1103.83795	https://zookeys.pensoft.net/article/83795/download/pdf/
10.3897/zookeys.1103.83952	https://zookeys.pensoft.net/article/83952/download/pdf/
10.3897/zookeys.1103.84015	https://zookeys.pensoft.net/article/84015/download/pdf/
10.3897/zookeys.1103.84415	https://zookeys.pensoft.net/article/84415/download/pdf/
10.3897/zookeys.1103.84672	https://zookeys.pensoft.net/article/84672/download/pdf/
10.3897/zookeys.1103.85228	https://zookeys.pensoft.net/article/85228/download/pdf/
10.3897/zookeys.1104.79411	https://zookeys.pensoft.net/article/79411/download/pdf/
10.3897/zookeys.1104.79823	https://zookeys.pensoft.net/article/79823/download/pdf/
10.3897/zookeys.1104.80624	https://zookeys.pensoft.net/article/80624/download/pdf/
10.3897/zookeys.1104.81403	https://zookeys.pensoft.net/article/81403/download/pdf/
10.3897/zookeys.1104.81562	https://zookeys.pensoft.net/article/81562/download/pdf/
10.3897/zookeys.1104.81836	https://zookeys.pensoft.net/article/81836/download/pdf/
10.3897/zookeys.1104.81879	https://zookeys.pensoft.net/article/81879/download/pdf/
10.3897/zookeys.1104.82396	https://zookeys.pensoft.net/article/82396/download/pdf/
10.3897/zookeys.1104.82866	https://zookeys.pensoft.net/article/82866/download/pdf/
10.3897/zookeys.1104.83264	https://zookeys.pensoft.net/article/83264/download/pdf/
10.3897/zookeys.1105.81474	https://zookeys.pensoft.net/article/81474/download/pdf/
10.3897/zookeys.1105.82495	https://zookeys.pensoft.net/article/82495/download/pdf/
10.3897/zookeys.1105.85055	https://zookeys.pensoft.net/article/85055/download/pdf/
10.3897/zookeys.1106.77912	https://zookeys.pensoft.net/article/77912/download/pdf/
10.3897/zookeys.1106.80184	https://zookeys.pensoft.net/article/80184/download/pdf/
10.3897/zookeys.1106.81364	https://zookeys.pensoft.net/article/81364/download/pdf/
10.3897/zookeys.1106.81386	https://zookeys.pensoft.net/article/81386/download/pdf/
10.3897/zookeys.1106.81432	https://zookeys.pensoft.net/article/81432/download/pdf/
10.3897/zookeys.1106.83229	https://zookeys.pensoft.net/article/83229/download/pdf/
10.3897/zookeys.1106.83232	https://zookeys.pensoft.net/article/83232/download/pdf/
10.3897/zookeys.1106.83340	https://zookeys.pensoft.net/article/83340/download/pdf/
10.3897/zookeys.1107.82976	https://zookeys.pensoft.net/article/82976/download/pdf/
10.3897/zookeys.1108.76077	https://zookeys.pensoft.net/article/76077/download/pdf/
10.3897/zookeys.1108.79960	https://zookeys.pensoft.net/article/79960/download/pdf/
10.3897/zookeys.1108.80783	https://zookeys.pensoft.net/article/80783/download/pdf/
10.3897/zookeys.1108.81725	https://zookeys.pensoft.net/article/81725/download/pdf/
10.3897/zookeys.1108.83037	https://zookeys.pensoft.net/article/83037/download/pdf/
10.3897/zookeys.1108.83267	https://zookeys.pensoft.net/article/83267/download/pdf/
10.3897/zookeys.1108.85156	https://zookeys.pensoft.net/article/85156/download/pdf/
10.3897/zookeys.1108.85378	https://zookeys.pensoft.net/article/85378/download/pdf/
10.3897/zookeys.1108.85423	https://zookeys.pensoft.net/article/85423/download/pdf/
10.3897/zookeys.1108.85655	https://zookeys.pensoft.net/article/85655/download/pdf/
10.3897/zookeys.1109.73937	https://zookeys.pensoft.net/article/73937/download/pdf/
10.3897/zookeys.1109.80775	https://zookeys.pensoft.net/article/80775/download/pdf/
10.3897/zookeys.1109.81125	https://zookeys.pensoft.net/article/81125/download/pdf/
10.3897/zookeys.1109.81544	https://zookeys.pensoft.net/article/81544/download/pdf/
10.3897/zookeys.1109.83807	https://zookeys.pensoft.net/article/83807/download/pdf/
10.3897/zookeys.1109.83863	https://zookeys.pensoft.net/article/83863/download/pdf/
10.3897/zookeys.1109.85565	https://zookeys.pensoft.net/article/85565/download/pdf/
10.3897/zookeys.1110.79615	https://zookeys.pensoft.net/article/79615/download/pdf/
10.3897/zookeys.1110.80808	https://zookeys.pensoft.net/article/80808/download/pdf/
10.3897/zookeys.1110.82173	https://zookeys.pensoft.net/article/82173/download/pdf/
10.3897/zookeys.1110.82461	https://zookeys.pensoft.net/article/82461/download/pdf/
10.3897/zookeys.1110.83228	https://zookeys.pensoft.net/article/83228/download/pdf/
10.3897/zookeys.1110.85399	https://zookeys.pensoft.net/article/85399/download/pdf/
10.3897/zookeys.1110.85491	https://zookeys.pensoft.net/article/85491/download/pdf/
10.3897/zookeys.1111.68665	https://zookeys.pensoft.net/article/68665/download/pdf/
10.3897/zookeys.1111.70195	https://zookeys.pensoft.net/article/70195/download/pdf/
10.3897/zookeys.1111.72345	https://zookeys.pensoft.net/article/72345/download/pdf/
10.3897/zookeys.1111.73371	https://zookeys.pensoft.net/article/73371/download/pdf/
10.3897/zookeys.1111.76239	https://zookeys.pensoft.net/article/76239/download/pdf/
10.3897/zookeys.1111.76884	https://zookeys.pensoft.net/article/76884/download/pdf/
10.3897/zookeys.1111.77371	https://zookeys.pensoft.net/article/77371/download/pdf/
10.3897/zookeys.1111.77413	https://zookeys.pensoft.net/article/77413/download/pdf/
10.3897/zookeys.1111.77541	https://zookeys.pensoft.net/article/77541/download/pdf/
10.3897/zookeys.1111.77581	https://zookeys.pensoft.net/article/77581/download/pdf/
10.3897/zookeys.1111.77586	https://zookeys.pensoft.net/article/77586/download/pdf/
10.3897/zookeys.1111.80961	https://zookeys.pensoft.net/article/80961/download/pdf/
10.3897/zookeys.1111.83120	https://zookeys.pensoft.net/article/83120/download/pdf/
10.3897/zookeys.1111.85307	https://zookeys.pensoft.net/article/85307/download/pdf/
10.3897/zookeys.1111.85361	https://zookeys.pensoft.net/article/85361/download/pdf/
10.3897/zookeys.1111.85576	https://zookeys.pensoft.net/article/85576/download/pdf/
10.3897/zookeys.1112.82307	https://zookeys.pensoft.net/article/82307/download/pdf/
10.3897/zookeys.1112.82551	https://zookeys.pensoft.net/article/82551/download/pdf/
10.3897/zookeys.1112.83021	https://zookeys.pensoft.net/article/83021/download/pdf/
10.3897/zookeys.1112.84475	https://zookeys.pensoft.net/article/84475/download/pdf/
10.3897/zookeys.1112.85278	https://zookeys.pensoft.net/article/85278/download/pdf/
10.3897/zookeys.1112.85752	https://zookeys.pensoft.net/article/85752/download/pdf/
10.3897/zookeys.1112.85902	https://zookeys.pensoft.net/article/85902/download/pdf/
10.3897/zookeys.1112.85950	https://zookeys.pensoft.net/article/85950/download/pdf/
10.3897/zookeys.1112.87591	https://zookeys.pensoft.net/article/87591/download/pdf/
10.3897/zookeys.1113.79721	https://zookeys.pensoft.net/article/79721/download/pdf/
10.3897/zookeys.1113.81240	https://zookeys.pensoft.net/article/81240/download/pdf/
10.3897/zookeys.1113.82172	https://zookeys.pensoft.net/article/82172/download/pdf/
10.3897/zookeys.1113.85448	https://zookeys.pensoft.net/article/85448/download/pdf/
10.3897/zookeys.1113.85769	https://zookeys.pensoft.net/article/85769/download/pdf/
10.3897/zookeys.1114.77692	https://zookeys.pensoft.net/article/77692/download/pdf/
10.3897/zookeys.1114.79492	https://zookeys.pensoft.net/article/79492/download/pdf/
10.3897/zookeys.1114.79709	https://zookeys.pensoft.net/article/79709/download/pdf/
10.3897/zookeys.1114.81696	https://zookeys.pensoft.net/article/81696/download/pdf/
10.3897/zookeys.1114.84361	https://zookeys.pensoft.net/article/84361/download/pdf/
10.3897/zookeys.1114.84509	https://zookeys.pensoft.net/article/84509/download/pdf/
10.3897/zookeys.1114.85028	https://zookeys.pensoft.net/article/85028/download/pdf/
10.3897/zookeys.1114.85493	https://zookeys.pensoft.net/article/85493/download/pdf/
10.3897/zookeys.1114.86182	https://zookeys.pensoft.net/article/86182/download/pdf/
10.3897/zookeys.1114.86598	https://zookeys.pensoft.net/article/86598/download/pdf/
10.3897/zookeys.1115.75538	https://zookeys.pensoft.net/article/75538/download/pdf/
10.3897/zookeys.1115.80146	https://zookeys.pensoft.net/article/80146/download/pdf/
10.3897/zookeys.1115.81668	https://zookeys.pensoft.net/article/81668/download/pdf/
10.3897/zookeys.1115.83266	https://zookeys.pensoft.net/article/83266/download/pdf/
10.3897/zookeys.1115.83946	https://zookeys.pensoft.net/article/83946/download/pdf/
10.3897/zookeys.1115.84527	https://zookeys.pensoft.net/article/84527/download/pdf/
10.3897/zookeys.1115.85249	https://zookeys.pensoft.net/article/85249/download/pdf/
10.3897/zookeys.1115.86477	https://zookeys.pensoft.net/article/86477/download/pdf/
10.3897/zookeys.1116.79846	https://zookeys.pensoft.net/article/79846/download/pdf/
10.3897/zookeys.1116.82762	https://zookeys.pensoft.net/article/82762/download/pdf/
10.3897/zookeys.1116.82858	https://zookeys.pensoft.net/article/82858/download/pdf/
10.3897/zookeys.1116.83236	https://zookeys.pensoft.net/article/83236/download/pdf/
10.3897/zookeys.1116.84577	https://zookeys.pensoft.net/article/84577/download/pdf/
10.3897/zookeys.1116.84593	https://zookeys.pensoft.net/article/84593/download/pdf/
10.3897/zookeys.1116.85303	https://zookeys.pensoft.net/article/85303/download/pdf/
10.3897/zookeys.1116.85987	https://zookeys.pensoft.net/article/85987/download/pdf/
10.3897/zookeys.1116.86906	https://zookeys.pensoft.net/article/86906/download/pdf/
10.3897/zookeys.1117.76872	https://zookeys.pensoft.net/article/76872/download/pdf/
10.3897/zookeys.1117.83539	https://zookeys.pensoft.net/article/83539/download/pdf/
10.3897/zookeys.1117.85362	https://zookeys.pensoft.net/article/85362/download/pdf/
10.3897/zookeys.1117.85644	https://zookeys.pensoft.net/article/85644/download/pdf/
10.3897/zookeys.1117.85787	https://zookeys.pensoft.net/article/85787/download/pdf/
10.3897/zookeys.1117.86984	https://zookeys.pensoft.net/article/86984/download/pdf/
10.3897/zookeys.1117.87765	https://zookeys.pensoft.net/article/87765/download/pdf/
10.3897/zookeys.1117.89211	https://zookeys.pensoft.net/article/89211/download/pdf/
10.3897/zookeys.1117.89610	https://zookeys.pensoft.net/article/89610/download/pdf/
10.3897/zookeys.1118.83156	https://zookeys.pensoft.net/article/83156/download/pdf/
10.3897/zookeys.1118.84403	https://zookeys.pensoft.net/article/84403/download/pdf/
10.3897/zookeys.1118.84643	https://zookeys.pensoft.net/article/84643/download/pdf/
10.3897/zookeys.1118.84686	https://zookeys.pensoft.net/article/84686/download/pdf/
10.3897/zookeys.1118.85810	https://zookeys.pensoft.net/article/85810/download/pdf/
10.3897/zookeys.1118.86448	https://zookeys.pensoft.net/article/86448/download/pdf/
10.3897/zookeys.1118.89337	https://zenodo.org/record/7011680/files/ZK_article_89337.pdf
10.3897/zookeys.1118.89593	https://zookeys.pensoft.net/article/89593/download/pdf/
10.3897/zookeys.1118.91192	https://zookeys.pensoft.net/article/91192/download/pdf/
10.3897/zookeys.1119.80233	https://zookeys.pensoft.net/article/80233/download/pdf/
10.3897/zookeys.1119.85400	https://zookeys.pensoft.net/article/85400/download/pdf/
10.3897/zookeys.1119.87082	https://zookeys.pensoft.net/article/87082/download/pdf/
10.3897/zookeys.1119.87724	https://zookeys.pensoft.net/article/87724/download/pdf/
10.3897/zookeys.1120.87067	https://zookeys.pensoft.net/article/87067/download/pdf/
10.3897/zookeys.1120.87483	https://zookeys.pensoft.net/article/87483/download/pdf/
10.3897/zookeys.1120.87526	https://zookeys.pensoft.net/article/87526/download/pdf/
10.3897/zookeys.1120.90086	https://zookeys.pensoft.net/article/90086/download/pdf/
10.3897/zookeys.1120.90206	https://zookeys.pensoft.net/article/90206/download/pdf/
10.3897/zookeys.1120.90509	https://zookeys.pensoft.net/article/90509/download/pdf/
10.3897/zookeys.1121.84171	https://zookeys.pensoft.net/article/84171/download/pdf/
10.3897/zookeys.1121.85489	https://zookeys.pensoft.net/article/85489/download/pdf/
10.3897/zookeys.1121.85693	https://zookeys.pensoft.net/article/85693/download/pdf/
10.3897/zookeys.1121.85953	https://zookeys.pensoft.net/article/85953/download/pdf/
10.3897/zookeys.1121.86264	https://zookeys.pensoft.net/article/86264/download/pdf/
10.3897/zookeys.1121.86888	https://zookeys.pensoft.net/article/86888/download/pdf/
10.3897/zookeys.1121.89539	https://zookeys.pensoft.net/article/89539/download/pdf/
10.3897/zookeys.1121.89613	https://zookeys.pensoft.net/article/89613/download/pdf/
10.3897/zookeys.1122.76486	https://zookeys.pensoft.net/article/76486/download/pdf/
10.3897/zookeys.1122.82993	https://zookeys.pensoft.net/article/82993/download/pdf/
10.3897/zookeys.1122.84424	https://zookeys.pensoft.net/article/84424/download/pdf/
10.3897/zookeys.1122.85721	https://zookeys.pensoft.net/article/85721/download/pdf/
10.3897/zookeys.1122.85791	https://zookeys.pensoft.net/article/85791/download/pdf/
10.3897/zookeys.1122.86071	https://zookeys.pensoft.net/article/86071/download/pdf/
10.3897/zookeys.1122.86344	https://zookeys.pensoft.net/article/86344/download/pdf/
10.3897/zookeys.1122.86483	https://zookeys.pensoft.net/article/86483/download/pdf/
10.3897/zookeys.1122.89990	https://zookeys.pensoft.net/article/89990/download/pdf/
10.3897/zookeys.1122.94672	https://zookeys.pensoft.net/article/94672/download/pdf/
10.3897/zookeys.1123.77217	https://zookeys.pensoft.net/article/77217/download/pdf/
10.3897/zookeys.1123.86261	https://zookeys.pensoft.net/article/86261/download/pdf/
10.3897/zookeys.1123.86704	https://zookeys.pensoft.net/article/86704/download/pdf/
10.3897/zookeys.1123.86960	https://zookeys.pensoft.net/article/86960/download/pdf/
10.3897/zookeys.1123.87397	https://zookeys.pensoft.net/article/87397/download/pdf/
10.3897/zookeys.1123.87863	https://zookeys.pensoft.net/article/87863/download/pdf/
10.3897/zookeys.1123.90141	https://zookeys.pensoft.net/article/90141/download/pdf/
10.3897/zookeys.1123.90202	https://zookeys.pensoft.net/article/90202/download/pdf/
10.3897/zookeys.1123.90308	https://zookeys.pensoft.net/article/90308/download/pdf/
10.3897/zookeys.1123.90623	https://zookeys.pensoft.net/article/90623/download/pdf/
10.3897/zookeys.1123.90917	https://zookeys.pensoft.net/article/90917/download/pdf/
10.3897/zookeys.1124.83811	https://zookeys.pensoft.net/article/83811/download/pdf/
10.3897/zookeys.1124.85952	https://zookeys.pensoft.net/article/85952/download/pdf/
10.3897/zookeys.1124.86828	https://zookeys.pensoft.net/article/86828/download/pdf/
10.3897/zookeys.1124.87861	https://zookeys.pensoft.net/article/87861/download/pdf/
10.3897/zookeys.1124.89282	https://zookeys.pensoft.net/article/89282/download/pdf/
10.3897/zookeys.1124.89318	https://zookeys.pensoft.net/article/89318/download/pdf/
10.3897/zookeys.1124.89991	https://zookeys.pensoft.net/article/89991/download/pdf/
10.3897/zookeys.1124.90077	https://zookeys.pensoft.net/article/90077/download/pdf/
10.3897/zookeys.1124.91156	https://zookeys.pensoft.net/article/91156/download/pdf/
10.3897/zookeys.1125.82258	https://zookeys.pensoft.net/article/82258/download/pdf/
10.3897/zookeys.1125.85431	https://zookeys.pensoft.net/article/85431/download/pdf/
10.3897/zookeys.1125.85741	https://zookeys.pensoft.net/article/85741/download/pdf/
10.3897/zookeys.1125.86905	https://zookeys.pensoft.net/article/86905/download/pdf/
10.3897/zookeys.1125.89219	https://zookeys.pensoft.net/article/89219/download/pdf/
10.3897/zookeys.1125.90212	https://zookeys.pensoft.net/article/90212/download/pdf/
10.3897/zookeys.1125.90802	https://zookeys.pensoft.net/article/90802/download/pdf/
10.3897/zookeys.1125.91124	https://zookeys.pensoft.net/article/91124/download/pdf/
10.3897/zookeys.1125.93703	https://zookeys.pensoft.net/article/93703/download/pdf/
10.3897/zookeys.1125.94060	https://zookeys.pensoft.net/article/94060/download/pdf/
10.3897/zookeys.1125.94925	https://zookeys.pensoft.net/article/94925/download/pdf/
10.3897/zookeys.1126.87635	https://zookeys.pensoft.net/article/87635/download/pdf/
10.3897/zookeys.1126.90233	https://zookeys.pensoft.net/article/90233/download/pdf/
10.3897/zookeys.1126.90916	https://zookeys.pensoft.net/article/90916/download/pdf/
10.3897/zookeys.1126.94545	https://zookeys.pensoft.net/article/94545/download/pdf/
10.3897/zookeys.1127.83240	https://zookeys.pensoft.net/article/83240/download/pdf/
10.3897/zookeys.1127.84628	https://zookeys.pensoft.net/article/84628/download/pdf/
10.3897/zookeys.1127.84920	https://zookeys.pensoft.net/article/84920/download/pdf/
10.3897/zookeys.1127.84942	https://zookeys.pensoft.net/article/84942/download/pdf/
10.3897/zookeys.1127.85737	https://zookeys.pensoft.net/article/85737/download/pdf/
10.3897/zookeys.1127.86004	https://zookeys.pensoft.net/article/86004/download/pdf/
10.3897/zookeys.1127.91310	https://zookeys.pensoft.net/article/91310/download/pdf/
10.3897/zookeys.1128.82176	https://zookeys.pensoft.net/article/82176/download/pdf/
10.3897/zookeys.1128.84944	https://zookeys.pensoft.net/article/84944/download/pdf/
10.3897/zookeys.1128.85536	https://zookeys.pensoft.net/article/85536/download/pdf/
10.3897/zookeys.1128.86210	https://zookeys.pensoft.net/article/86210/download/pdf/
10.3897/zookeys.1128.89751	https://zookeys.pensoft.net/article/89751/download/pdf/
10.3897/zookeys.1128.90016	https://zookeys.pensoft.net/article/90016/download/pdf/
10.3897/zookeys.1128.90020	https://zookeys.pensoft.net/article/90020/download/pdf/
10.3897/zookeys.1128.91155	https://zookeys.pensoft.net/article/91155/download/pdf/
10.3897/zookeys.1128.94242	https://zookeys.pensoft.net/article/94242/download/pdf/
10.3897/zookeys.1128.95139	https://zookeys.pensoft.net/article/95139/download/pdf/
10.3897/zookeys.1129.82981	https://zookeys.pensoft.net/article/82981/download/pdf/
10.3897/zookeys.1129.87706	https://zookeys.pensoft.net/article/87706/download/pdf/
10.3897/zookeys.1129.90287	https://zookeys.pensoft.net/article/90287/download/pdf/
10.3897/zookeys.1129.90535	https://zookeys.pensoft.net/article/90535/download/pdf/
10.3897/zookeys.1129.90577	
10.3897/zookeys.1129.90986	https://zookeys.pensoft.net/article/90986/download/pdf/
10.3897/zookeys.1129.91398	https://zookeys.pensoft.net/article/91398/download/pdf/
10.3897/zookeys.1129.91543	https://zookeys.pensoft.net/article/91543/download/pdf/
10.3897/zookeys.1129.95245	https://zookeys.pensoft.net/article/95245/download/pdf/
10.3897/zookeys.1129.95715	https://zookeys.pensoft.net/article/95715/download/pdf/
10.3897/zookeys.1130.81874	https://zookeys.pensoft.net/article/81874/download/pdf/
10.3897/zookeys.1130.86413	https://zookeys.pensoft.net/article/86413/download/pdf/
10.3897/zookeys.1130.87730	https://zookeys.pensoft.net/article/87730/download/pdf/
10.3897/zookeys.1130.87810	https://zookeys.pensoft.net/article/87810/download/pdf/
10.3897/zookeys.1130.91039	https://zookeys.pensoft.net/article/91039/download/pdf/
10.3897/zookeys.1130.91325	https://zookeys.pensoft.net/article/91325/download/pdf/
10.3897/zookeys.1130.91467	https://zookeys.pensoft.net/article/91467/download/pdf/
10.3897/zookeys.1131.85218	https://zookeys.pensoft.net/article/85218/download/pdf/
10.3897/zookeys.1131.86644	https://zookeys.pensoft.net/article/86644/download/pdf/
10.3897/zookeys.1131.90392	https://zookeys.pensoft.net/article/90392/download/pdf/
10.3897/zookeys.1131.90688	https://zookeys.pensoft.net/article/90688/download/pdf/
10.3897/zookeys.1131.91017	https://zookeys.pensoft.net/article/91017/download/pdf/
10.3897/zookeys.1131.91235	https://zookeys.pensoft.net/article/91235/download/pdf/
10.3897/zookeys.1131.94205	https://zookeys.pensoft.net/article/94205/download/pdf/
10.3897/zookeys.1131.95038	https://zookeys.pensoft.net/article/95038/download/pdf/
10.3897/zookeys.1131.95246	https://zookeys.pensoft.net/article/95246/download/pdf/
10.3897/zookeys.1132.86022	https://zookeys.pensoft.net/article/86022/download/pdf/
10.3897/zookeys.1132.87364	https://zookeys.pensoft.net/article/87364/download/pdf/
10.3897/zookeys.1132.87629	https://zookeys.pensoft.net/article/87629/download/pdf/
10.3897/zookeys.1132.89858	https://zookeys.pensoft.net/article/89858/download/pdf/
10.3897/zookeys.1132.91244	https://zookeys.pensoft.net/article/91244/download/pdf/
10.3897/zookeys.1132.94579	https://zookeys.pensoft.net/article/94579/download/pdf/
10.3897/zookeys.1133.94530	https://zookeys.pensoft.net/article/94530/download/pdf/
10.3897/zookeys.1134.87853	https://zookeys.pensoft.net/article/87853/download/pdf/
10.3897/zookeys.1134.89267	https://zookeys.pensoft.net/article/89267/download/pdf/
10.3897/zookeys.1134.89587	https://zenodo.org/record/7408794/files/ZK_article_89587.pdf
10.3897/zookeys.1134.91348	https://zookeys.pensoft.net/article/91348/download/pdf/
10.3897/zookeys.1134.93999	https://zookeys.pensoft.net/article/93999/download/pdf/
10.3897/zookeys.1134.94198	https://zookeys.pensoft.net/article/94198/download/pdf/
10.3897/zookeys.1134.94984	https://zookeys.pensoft.net/article/94984/download/pdf/
10.3897/zookeys.1134.95637	https://zookeys.pensoft.net/article/95637/download/pdf/
10.3897/zookeys.1134.96103	https://zookeys.pensoft.net/article/96103/download/pdf/
10.3897/zookeys.1134.97678	https://zookeys.pensoft.net/article/97678/download/pdf/
10.3897/zookeys.1135.89257	https://zookeys.pensoft.net/article/89257/download/pdf/
10.3897/zookeys.1135.89373	https://zookeys.pensoft.net/article/89373/download/pdf/
10.3897/zookeys.1135.93631	https://zookeys.pensoft.net/article/93631/download/pdf/
10.3897/zookeys.1135.93800	https://zookeys.pensoft.net/article/93800/download/pdf/
10.3897/zookeys.1135.93843	https://zookeys.pensoft.net/article/93843/download/pdf/
10.3897/zookeys.1135.94371	https://zookeys.pensoft.net/article/94371/download/pdf/
10.3897/zookeys.1135.94628	https://zookeys.pensoft.net/article/94628/download/pdf/
10.3897/zookeys.1135.95026	https://zookeys.pensoft.net/article/95026/download/pdf/
10.3897/zookeys.1136.72744	https://zookeys.pensoft.net/article/72744/download/pdf/
10.3897/zookeys.1136.86680	https://zookeys.pensoft.net/article/86680/download/pdf/
10.3897/zookeys.1136.89528	https://zookeys.pensoft.net/article/89528/download/pdf/
10.3897/zookeys.1136.90525	https://zookeys.pensoft.net/article/90525/download/pdf/
10.3897/zookeys.1136.91567	https://zookeys.pensoft.net/article/91567/download/pdf/
10.3897/zookeys.1136.94374	https://zookeys.pensoft.net/article/94374/download/pdf/
10.3897/zookeys.1136.96431	https://zookeys.pensoft.net/article/96431/download/pdf/
10.3897/zookeys.1137.86150	https://zookeys.pensoft.net/article/86150/download/pdf/
10.3897/zookeys.1137.94217	https://zookeys.pensoft.net/article/94217/download/pdf/
10.3897/zookeys.1137.94224	https://zookeys.pensoft.net/article/94224/download/pdf/
10.3897/zookeys.1137.95769	https://zookeys.pensoft.net/article/95769/download/pdf/
10.3897/zookeys.1137.96306	https://zookeys.pensoft.net/article/96306/download/pdf/
10.3897/zookeys.1137.96414	https://zookeys.pensoft.net/article/96414/download/pdf/
10.3897/zookeys.1137.97068	https://zookeys.pensoft.net/article/97068/download/pdf/
10.3897/zookeys.1137.97631	https://zookeys.pensoft.net/article/97631/download/pdf/
10.3897/zse.98.76677	https://zse.pensoft.net/article/76677/download/pdf/
10.3897/zse.98.83109	https://zse.pensoft.net/article/83109/download/pdf/
10.3956/2021-97.4.190	
10.4002/040.064.0209	
10.4002/040.065.0103	
10.4014/jmb.2205.05018	https://www.jmb.or.kr/journal/download_pdf.php?doi=10.4014/jmb.2205.05018
10.4039/tce.2021.60	
10.4289/0013-8797.123.4.703	
10.4289/0013-8797.123.4.741	
10.4289/0013-8797.123.4.745	
10.4289/0013-8797.123.4.759	
10.4289/0013-8797.123.4.784	
10.4289/0013-8797.123.4.792	
10.4289/0013-8797.123.4.820	
10.4289/0013-8797.123.4.847	
10.4314/met.v33i1.5	https://www.ajol.info/index.php/met/article/view/225978/213254
10.47121/acarolstud.1101631	https://dergipark.org.tr/en/download/article-file/2366881
10.47121/acarolstud.1103592	https://dergipark.org.tr/tr/download/article-file/2374772
10.47121/acarolstud.1123419	https://dergipark.org.tr/en/download/article-file/2455982
10.47121/acarolstud.1128804	https://dergipark.org.tr/en/download/article-file/2478354
10.47121/acarolstud.1129248	https://dergipark.org.tr/en/download/article-file/2480270
10.47121/acarolstud.1131473	https://dergipark.org.tr/tr/download/article-file/2489591
10.47121/acarolstud.1132099	https://dergipark.org.tr/en/download/article-file/2492106
10.47371/mycosci.2021.09.001	https://www.jstage.jst.go.jp/article/mycosci/63/1/63_MYC555/_pdf
10.47371/mycosci.2021.10.004	https://www.jstage.jst.go.jp/article/mycosci/63/1/63_MYC559/_pdf
10.47371/mycosci.2021.10.005	https://www.jstage.jst.go.jp/article/mycosci/63/1/63_MYC560/_pdf
10.47371/mycosci.2021.11.001	https://www.jstage.jst.go.jp/article/mycosci/63/1/63_MYC561/_pdf
10.47371/mycosci.2021.11.002	https://www.jstage.jst.go.jp/article/mycosci/63/1/63_MYC562/_pdf
10.47371/mycosci.2022.01.001	https://www.jstage.jst.go.jp/article/mycosci/63/2/63_MYC563/_pdf
10.47371/mycosci.2022.01.002	https://www.jstage.jst.go.jp/article/mycosci/63/2/63_MYC564/_pdf
10.47371/mycosci.2022.01.003	https://www.jstage.jst.go.jp/article/mycosci/63/2/63_MYC565/_pdf
10.47371/mycosci.2022.02.001	https://www.jstage.jst.go.jp/article/mycosci/63/2/63_MYC566/_pdf
10.47371/mycosci.2022.02.002	https://www.jstage.jst.go.jp/article/mycosci/63/2/63_MYC567/_pdf
10.47371/mycosci.2022.02.003	https://www.jstage.jst.go.jp/article/mycosci/63/3/63_MYC568/_pdf
10.47371/mycosci.2022.03.001	https://www.jstage.jst.go.jp/article/mycosci/63/3/63_MYC569/_pdf
10.47371/mycosci.2022.03.002	
10.47371/mycosci.2022.03.003	https://www.jstage.jst.go.jp/article/mycosci/63/3/63_MYC571/_pdf
10.47371/mycosci.2022.04.001	https://www.jstage.jst.go.jp/article/mycosci/63/3/63_MYC572/_pdf
10.47371/mycosci.2022.04.002	https://www.jstage.jst.go.jp/article/mycosci/63/3/63_MYC573/_pdf
10.47371/mycosci.2022.04.003	https://www.jstage.jst.go.jp/article/mycosci/63/4/63_MYC574/_pdf
10.47371/mycosci.2022.05.001	https://www.jstage.jst.go.jp/article/mycosci/63/4/63_MYC575/_pdf
10.47371/mycosci.2022.05.002	https://www.jstage.jst.go.jp/article/mycosci/63/4/63_MYC576/_pdf
10.47371/mycosci.2022.05.003	https://www.jstage.jst.go.jp/article/mycosci/63/4/63_MYC577/_pdf
10.47371/mycosci.2022.05.004	https://www.jstage.jst.go.jp/article/mycosci/63/4/63_MYC578/_pdf
10.47371/mycosci.2022.05.005	https://www.jstage.jst.go.jp/article/mycosci/63/4/63_MYC579/_pdf
10.47371/mycosci.2022.06.001	https://www.jstage.jst.go.jp/article/mycosci/63/5/63_MYC580/_pdf
10.47371/mycosci.2022.07.001	https://www.jstage.jst.go.jp/article/mycosci/63/5/63_MYC581/_pdf
10.47371/mycosci.2022.07.002	https://www.jstage.jst.go.jp/article/mycosci/advpub/0/advpub_MYC582/_pdf
10.47371/mycosci.2022.07.003	https://www.jstage.jst.go.jp/article/mycosci/63/5/63_MYC583/_pdf
10.47371/mycosci.2022.07.004	https://www.jstage.jst.go.jp/article/mycosci/63/5/63_MYC584/_pdf
10.47371/mycosci.2022.07.005	https://www.jstage.jst.go.jp/article/mycosci/63/5/63_MYC585/_pdf
10.47371/mycosci.2022.08.001	https://www.jstage.jst.go.jp/article/mycosci/advpub/0/advpub_MYC586/_pdf
10.47371/mycosci.2022.08.002	https://www.jstage.jst.go.jp/article/mycosci/63/5/63_MYC587/_pdf
10.47371/mycosci.2022.08.003	https://www.jstage.jst.go.jp/article/mycosci/63/6/63_MYC588/_pdf
10.47371/mycosci.2022.08.004	https://www.jstage.jst.go.jp/article/mycosci/advpub/0/advpub_MYC589/_pdf
10.47371/mycosci.2022.08.005	https://www.jstage.jst.go.jp/article/mycosci/63/6/63_MYC590/_pdf
10.47371/mycosci.2022.09.001	https://www.jstage.jst.go.jp/article/mycosci/63/6/63_MYC591/_pdf
10.47371/mycosci.2022.09.002	https://www.jstage.jst.go.jp/article/mycosci/63/6/63_MYC592/_pdf
10.47371/mycosci.2022.09.003	https://www.jstage.jst.go.jp/article/mycosci/advpub/0/advpub_MYC593/_pdf
10.47371/mycosci.2022.09.004	https://www.jstage.jst.go.jp/article/mycosci/advpub/0/advpub_MYC594/_pdf
10.47371/mycosci.2022.11.001	https://www.jstage.jst.go.jp/article/mycosci/advpub/0/advpub_MYC596/_pdf
10.47371/mycosci.2022.11.002	https://www.jstage.jst.go.jp/article/mycosci/advpub/0/advpub_MYC597/_pdf
10.47371/mycosci.mycobituary22.3	https://www.jstage.jst.go.jp/article/mycosci/63/2/63_MYCObituary22.3/_pdf
10.47605/tapro.v11i1.273	http://www.taprobanica.org/~file/273_oligodon_teyniei_sp_nov_taprobanica_11_1_2022_david_etal_12_24-9e765-3349_928.pdf?b
10.47665/tb.39.2.018	https://doi.org/10.47665/tb.39.2.018
10.4813/SIF-2022-0007	
10.4813/SIF-2022-0008	
10.48130/SIF-2022-0018	
10.5248/136.379	
10.5248/136.693	
10.5248/136.719	
10.5248/136.725	
10.5248/136.739	
10.5248/136.749	
10.5248/136.755	
10.5248/136.769	
10.5248/136.779	
10.5248/136.785	
10.5248/136.789	
10.5248/136.819	
10.5248/136.831	
10.5248/136.841	
10.5248/136.853	
10.5248/136.865	
10.5248/136.875	
10.5248/136.877	
10.5248/137.1	
10.5248/137.109	
10.5248/137.123	
10.5248/137.135	
10.5248/137.153	
10.5248/137.171	
10.5248/137.173	
10.5248/137.179	
10.5248/137.189	
10.5248/137.203	
10.5248/137.209	
10.5248/137.221	
10.5248/137.227	
10.5248/137.239	
10.5248/137.245	
10.5248/137.251	
10.5248/137.261	
10.5248/137.271	
10.5248/137.283	
10.5248/137.31	
10.5248/137.335	
10.5248/137.345	
10.5248/137.353	
10.5248/137.359	
10.5248/137.371	
10.5248/137.381	
10.5248/137.387	
10.5248/137.389	
10.5248/137.391	
10.5248/137.41	
10.5248/137.51	
10.5248/137.63	
10.5248/137.73	
10.5248/137.89	
10.5248/137.95	
10.5252/geodiversitas2022v44a1	https://zenodo.org/record/5834191/files/source.pdf
10.5252/geodiversitas2022v44a12	
10.5252/geodiversitas2022v44a9	https://zenodo.org/record/6335644/files/source.pdf
10.5252/zoosystema2022v44a3	https://zenodo.org/record/6080151/files/source.pdf
10.5252/zoosystema2022v44a4	https://zenodo.org/record/6323123/files/source.pdf
10.5252/zoosystema2022v44a5	https://archimer.ifremer.fr/doc/00754/86590/92024.pdf
10.5252/zoosystema2022v44a9	https://zenodo.org/record/6517718/files/source.pdf
10.5281/odon.v51i1-2.a9	
10.5281/odon.v51i3-4.a6	
10.5281/zenodo.6090197	
10.5281/zenodo.6477767	
10.5281/zenodo.6510282	
10.53350/pjmhs22166575	https://pjmhsonline.com/index.php/pjmhs/article/download/1858/1842
10.54103/2039-4942/12253	https://riviste.unimi.it/index.php/RIPS/article/download/12253/15550
10.54103/2039-4942/14283	https://riviste.unimi.it/index.php/RIPS/article/download/14283/15379
10.54103/2039-4942/15175	https://riviste.unimi.it/index.php/RIPS/article/download/15175/15293
10.54103/2039-4942/15178	https://riviste.unimi.it/index.php/RIPS/article/download/15178/15283
10.54103/2039-4942/15227	https://riviste.unimi.it/index.php/RIPS/article/download/15227/15570
10.54103/2039-4942/15381	https://riviste.unimi.it/index.php/RIPS/article/download/15381/15068
10.54103/2039-4942/15439	https://riviste.unimi.it/index.php/RIPS/article/download/15439/15490
10.54103/2039-4942/15459	https://riviste.unimi.it/index.php/RIPS/article/download/15459/15294
10.54103/2039-4942/15607	https://riviste.unimi.it/index.php/RIPS/article/download/15607/15800
10.54103/2039-4942/15744	https://riviste.unimi.it/index.php/RIPS/article/download/15744/15315
10.54103/2039-4942/15773	https://riviste.unimi.it/index.php/RIPS/article/download/15773/15741
10.54103/2039-4942/15810	https://riviste.unimi.it/index.php/RIPS/article/download/15810/15586
10.54103/2039-4942/15964	https://riviste.unimi.it/index.php/RIPS/article/download/15964/15465
10.54103/2039-4942/16601	https://riviste.unimi.it/index.php/RIPS/article/download/16601/15592
10.54103/2039-4942/16617	https://riviste.unimi.it/index.php/RIPS/article/download/16617/16374
10.54103/2039-4942/16665	https://riviste.unimi.it/index.php/RIPS/article/download/16665/16004
10.54103/2039-4942/16707	https://riviste.unimi.it/index.php/RIPS/article/download/16707/16761
10.54103/2039-4942/16954	https://riviste.unimi.it/index.php/RIPS/article/download/16954/15500
10.54103/2039-4942/16972	https://riviste.unimi.it/index.php/RIPS/article/download/16972/14959
10.54103/2039-4942/16973	https://riviste.unimi.it/index.php/RIPS/article/download/16973/14960
10.54103/2039-4942/17048	https://riviste.unimi.it/index.php/RIPS/article/download/17048/16387
10.54103/2039-4942/17050	https://riviste.unimi.it/index.php/RIPS/article/download/17050/15016
10.54103/2039-4942/17064	https://riviste.unimi.it/index.php/RIPS/article/download/17064/15036
10.54103/2039-4942/17084	https://riviste.unimi.it/index.php/RIPS/article/download/17084/15051
10.54103/2039-4942/17086	https://riviste.unimi.it/index.php/RIPS/article/download/17086/16079
10.54103/2039-4942/17115	https://riviste.unimi.it/index.php/RIPS/article/download/17115/16739
10.54103/2039-4942/17253	https://riviste.unimi.it/index.php/RIPS/article/download/17253/16730
10.54103/2039-4942/17397	https://riviste.unimi.it/index.php/RIPS/article/download/17397/16519
10.54103/2039-4942/17732	https://riviste.unimi.it/index.php/RIPS/article/download/17732/16631
10.5423/PPJ.OA.07.2022.0102	http://www.ppjonline.org/upload/pdf/PPJ-OA-07-2022-0102.pdf
10.5507/fot.2021.016	http://fottea.czechphycology.cz/doi/10.5507/fot.2021.016.pdf
10.5507/fot.2021.019	http://fottea.czechphycology.cz/doi/10.5507/fot.2021.019.pdf
10.5507/fot.2021.022	http://fottea.czechphycology.cz/doi/10.5507/fot.2021.022.pdf
10.5507/fot.2021.023	http://fottea.czechphycology.cz/doi/10.5507/fot.2021.023.pdf
10.5507/fot.2022.006	http://fottea.czechphycology.cz/doi/10.5507/fot.2022.006.pdf
10.55230/mabjournal.v51i5.2339	
10.5710/amgh.05.11.2022.3496	https://doi.org/10.5710/amgh.05.11.2022.3496
10.5710/amgh.06.07.2022.3498	
10.5710/amgh.06.12.2021.3465	
10.5710/amgh.08.11.2022.3531	https://doi.org/10.5710/amgh.08.11.2022.3531
10.5710/amgh.15.06.2022.3504	
10.5710/amgh.16.05.2022.3459	
10.5710/amgh.16.10.2021.3461	
10.5710/amgh.21.06.2022.3486	
10.5710/amgh.25.08.2022.3477	
10.5710/amgh.26.02.2022.3469	
10.5710/amgh.26.04.2022.3502	
10.5710/amgh.27.01.2022.3485	
10.5710/amgh.27.02.2022.3470	
10.5710/amgh.29.07.2022.3505	
10.5735/085.059.0133	
10.5735/085.059.0136	
10.5735/085.059.0139	
10.5735/085.059.0141	
10.5735/085.059.0145	
10.5735/086.059.0113	
10.57800/faunitaxys-10(26)	
10.5852/cr-palevol2022v21a16	https://sciencepress.mnhn.fr/sites/default/files/articles/pdf/comptes-rendus-palevol2022v21a16.pdf
10.5852/cr-palevol2022v21a20	https://sciencepress.mnhn.fr/sites/default/files/articles/pdf/comptes-rendus-palevol2022v21a20.pdf
10.5852/cr-palevol2022v21a6	https://sciencepress.mnhn.fr/sites/default/files/articles/pdf/comptes-rendus-palevol2022v21a6.pdf
10.5852/ejt.2021.787.1613	https://europeanjournaloftaxonomy.eu/index.php/ejt/article/download/1613/5717
10.5852/ejt.2021.787.1615	https://europeanjournaloftaxonomy.eu/index.php/ejt/article/download/1615/5741
10.5852/ejt.2021.787.1617	https://europeanjournaloftaxonomy.eu/index.php/ejt/article/download/1617/5747
10.5852/ejt.2021.787.1619	https://europeanjournaloftaxonomy.eu/index.php/ejt/article/download/1619/5759
10.5852/ejt.2021.787.1621	https://europeanjournaloftaxonomy.eu/index.php/ejt/article/download/1621/5771
10.5852/ejt.2022.788.1625	https://europeanjournaloftaxonomy.eu/index.php/ejt/article/download/1625/5799
10.5852/ejt.2022.789.1623	https://europeanjournaloftaxonomy.eu/index.php/ejt/article/download/1623/5783
10.5852/ejt.2022.789.1627	https://europeanjournaloftaxonomy.eu/index.php/ejt/article/download/1627/5811
10.5852/ejt.2022.789.1631	https://europeanjournaloftaxonomy.eu/index.php/ejt/article/download/1631/5825
10.5852/ejt.2022.789.1633	https://europeanjournaloftaxonomy.eu/index.php/ejt/article/download/1633/5837
10.5852/ejt.2022.789.1635	https://europeanjournaloftaxonomy.eu/index.php/ejt/article/download/1635/5849
10.5852/ejt.2022.789.1637	https://europeanjournaloftaxonomy.eu/index.php/ejt/article/download/1637/5861
10.5852/ejt.2022.789.1639	https://europeanjournaloftaxonomy.eu/index.php/ejt/article/download/1639/5873
10.5852/ejt.2022.790.1641	https://europeanjournaloftaxonomy.eu/index.php/ejt/article/download/1641/5885
10.5852/ejt.2022.791.1645	https://europeanjournaloftaxonomy.eu/index.php/ejt/article/download/1645/5915
10.5852/ejt.2022.792.1647	https://europeanjournaloftaxonomy.eu/index.php/ejt/article/download/1647/5937
10.5852/ejt.2022.793.1643	https://europeanjournaloftaxonomy.eu/index.php/ejt/article/download/1643/5903
10.5852/ejt.2022.794.1649	https://europeanjournaloftaxonomy.eu/index.php/ejt/article/download/1649/5953
10.5852/ejt.2022.794.1651	https://europeanjournaloftaxonomy.eu/index.php/ejt/article/download/1651/5963
10.5852/ejt.2022.794.1653	https://europeanjournaloftaxonomy.eu/index.php/ejt/article/download/1653/5977
10.5852/ejt.2022.794.1655	https://europeanjournaloftaxonomy.eu/index.php/ejt/article/download/1655/5989
10.5852/ejt.2022.794.1657	https://europeanjournaloftaxonomy.eu/index.php/ejt/article/download/1657/6011
10.5852/ejt.2022.794.1659	https://europeanjournaloftaxonomy.eu/index.php/ejt/article/download/1659/6023
10.5852/ejt.2022.794.1661	https://zenodo.org/record/6204989/files/source.pdf
10.5852/ejt.2022.795.1663	https://europeanjournaloftaxonomy.eu/index.php/ejt/article/download/1663/6041
10.5852/ejt.2022.796.1665	https://europeanjournaloftaxonomy.eu/index.php/ejt/article/download/1665/6055
10.5852/ejt.2022.797.1667	https://europeanjournaloftaxonomy.eu/index.php/ejt/article/download/1667/6077
10.5852/ejt.2022.798.1629	https://europeanjournaloftaxonomy.eu/index.php/ejt/article/download/1629/6065
10.5852/ejt.2022.798.1669	https://europeanjournaloftaxonomy.eu/index.php/ejt/article/download/1669/6111
10.5852/ejt.2022.798.1671	https://europeanjournaloftaxonomy.eu/index.php/ejt/article/download/1671/6101
10.5852/ejt.2022.798.1673	https://europeanjournaloftaxonomy.eu/index.php/ejt/article/download/1673/6119
10.5852/ejt.2022.798.1675	https://europeanjournaloftaxonomy.eu/index.php/ejt/article/download/1675/6131
10.5852/ejt.2022.798.1679	https://europeanjournaloftaxonomy.eu/index.php/ejt/article/download/1679/6145
10.5852/ejt.2022.799.1681	https://europeanjournaloftaxonomy.eu/index.php/ejt/article/download/1681/6161
10.5852/ejt.2022.800.1683	https://europeanjournaloftaxonomy.eu/index.php/ejt/article/download/1683/6173
10.5852/ejt.2022.801.1685	https://europeanjournaloftaxonomy.eu/index.php/ejt/article/download/1685/6185
10.5852/ejt.2022.802.1687	https://europeanjournaloftaxonomy.eu/index.php/ejt/article/download/1687/6197
10.5852/ejt.2022.803.1691	https://europeanjournaloftaxonomy.eu/index.php/ejt/article/download/1691/6211
10.5852/ejt.2022.804.1689	https://europeanjournaloftaxonomy.eu/index.php/ejt/article/download/1689/6221
10.5852/ejt.2022.805.1693	https://europeanjournaloftaxonomy.eu/index.php/ejt/article/download/1693/6233
10.5852/ejt.2022.806.1695	https://europeanjournaloftaxonomy.eu/index.php/ejt/article/download/1695/6245
10.5852/ejt.2022.806.1697	https://europeanjournaloftaxonomy.eu/index.php/ejt/article/download/1697/6257
10.5852/ejt.2022.806.1699	https://europeanjournaloftaxonomy.eu/index.php/ejt/article/download/1699/6269
10.5852/ejt.2022.806.1701	https://europeanjournaloftaxonomy.eu/index.php/ejt/article/download/1701/6281
10.5852/ejt.2022.806.1703	https://europeanjournaloftaxonomy.eu/index.php/ejt/article/download/1703/6293
10.5852/ejt.2022.806.1705	https://europeanjournaloftaxonomy.eu/index.php/ejt/article/download/1705/6305
10.5852/ejt.2022.806.1707	https://europeanjournaloftaxonomy.eu/index.php/ejt/article/download/1707/6317
10.5852/ejt.2022.806.1709	https://europeanjournaloftaxonomy.eu/index.php/ejt/article/download/1709/6329
10.5852/ejt.2022.806.1711	https://europeanjournaloftaxonomy.eu/index.php/ejt/article/download/1711/6341
10.5852/ejt.2022.806.1713	https://europeanjournaloftaxonomy.eu/index.php/ejt/article/download/1713/6357
10.5852/ejt.2022.806.1715	https://europeanjournaloftaxonomy.eu/index.php/ejt/article/download/1715/6369
10.5852/ejt.2022.807.1717	https://europeanjournaloftaxonomy.eu/index.php/ejt/article/download/1717/6381
10.5852/ejt.2022.808.1721	https://europeanjournaloftaxonomy.eu/index.php/ejt/article/download/1721/6407
10.5852/ejt.2022.809.1719	https://europeanjournaloftaxonomy.eu/index.php/ejt/article/download/1719/6393
10.5852/ejt.2022.810.1723	https://europeanjournaloftaxonomy.eu/index.php/ejt/article/download/1723/6441
10.5852/ejt.2022.811.1725	https://europeanjournaloftaxonomy.eu/index.php/ejt/article/download/1725/6453
10.5852/ejt.2022.812.1727	https://europeanjournaloftaxonomy.eu/index.php/ejt/article/download/1727/6465
10.5852/ejt.2022.813.1729	https://europeanjournaloftaxonomy.eu/index.php/ejt/article/download/1729/6477
10.5852/ejt.2022.813.1733	https://europeanjournaloftaxonomy.eu/index.php/ejt/article/download/1733/6501
10.5852/ejt.2022.813.1735	https://europeanjournaloftaxonomy.eu/index.php/ejt/article/download/1735/6513
10.5852/ejt.2022.813.1737	https://europeanjournaloftaxonomy.eu/index.php/ejt/article/download/1737/6527
10.5852/ejt.2022.813.1739	https://europeanjournaloftaxonomy.eu/index.php/ejt/article/download/1739/6531
10.5852/ejt.2022.813.1741	https://europeanjournaloftaxonomy.eu/index.php/ejt/article/download/1741/6547
10.5852/ejt.2022.813.1743	https://europeanjournaloftaxonomy.eu/index.php/ejt/article/download/1743/6559
10.5852/ejt.2022.814.1745	https://europeanjournaloftaxonomy.eu/index.php/ejt/article/download/1745/6573
10.5852/ejt.2022.815.1749	https://europeanjournaloftaxonomy.eu/index.php/ejt/article/download/1749/6615
10.5852/ejt.2022.816.1747	https://europeanjournaloftaxonomy.eu/index.php/ejt/article/download/1747/6587
10.5852/ejt.2022.817.1757	https://europeanjournaloftaxonomy.eu/index.php/ejt/article/download/1757/6603
10.5852/ejt.2022.817.1759	https://europeanjournaloftaxonomy.eu/index.php/ejt/article/download/1759/6629
10.5852/ejt.2022.817.1761	https://europeanjournaloftaxonomy.eu/index.php/ejt/article/download/1761/6643
10.5852/ejt.2022.817.1763	https://europeanjournaloftaxonomy.eu/index.php/ejt/article/download/1763/6655
10.5852/ejt.2022.817.1765	https://europeanjournaloftaxonomy.eu/index.php/ejt/article/download/1765/6667
10.5852/ejt.2022.817.1767	https://europeanjournaloftaxonomy.eu/index.php/ejt/article/download/1767/6679
10.5852/ejt.2022.817.1769	https://europeanjournaloftaxonomy.eu/index.php/ejt/article/download/1769/6691
10.5852/ejt.2022.818.1771	https://europeanjournaloftaxonomy.eu/index.php/ejt/article/download/1771/6707
10.5852/ejt.2022.819.1773	https://europeanjournaloftaxonomy.eu/index.php/ejt/article/download/1773/6733
10.5852/ejt.2022.819.1775	https://europeanjournaloftaxonomy.eu/index.php/ejt/article/download/1775/6747
10.5852/ejt.2022.819.1777	https://europeanjournaloftaxonomy.eu/index.php/ejt/article/download/1777/6761
10.5852/ejt.2022.819.1781	https://europeanjournaloftaxonomy.eu/index.php/ejt/article/download/1781/6783
10.5852/ejt.2022.819.1783	https://europeanjournaloftaxonomy.eu/index.php/ejt/article/download/1783/6773
10.5852/ejt.2022.819.1785	https://europeanjournaloftaxonomy.eu/index.php/ejt/article/download/1785/6795
10.5852/ejt.2022.819.1787	https://europeanjournaloftaxonomy.eu/index.php/ejt/article/download/1787/6807
10.5852/ejt.2022.820.1791	https://europeanjournaloftaxonomy.eu/index.php/ejt/article/download/1791/6831
10.5852/ejt.2022.821.1793	https://europeanjournaloftaxonomy.eu/index.php/ejt/article/download/1793/6843
10.5852/ejt.2022.821.1795	https://europeanjournaloftaxonomy.eu/index.php/ejt/article/download/1795/6855
10.5852/ejt.2022.821.1797	https://europeanjournaloftaxonomy.eu/index.php/ejt/article/download/1797/6867
10.5852/ejt.2022.821.1799	https://europeanjournaloftaxonomy.eu/index.php/ejt/article/download/1799/6879
10.5852/ejt.2022.821.1801	https://europeanjournaloftaxonomy.eu/index.php/ejt/article/download/1801/6891
10.5852/ejt.2022.821.1803	https://europeanjournaloftaxonomy.eu/index.php/ejt/article/download/1803/6903
10.5852/ejt.2022.821.1805	https://europeanjournaloftaxonomy.eu/index.php/ejt/article/download/1805/6919
10.5852/ejt.2022.822.1807	https://europeanjournaloftaxonomy.eu/index.php/ejt/article/download/1807/6943
10.5852/ejt.2022.823.1809	https://europeanjournaloftaxonomy.eu/index.php/ejt/article/download/1809/6955
10.5852/ejt.2022.823.1817	https://europeanjournaloftaxonomy.eu/index.php/ejt/article/download/1817/7021
10.5852/ejt.2022.823.1819	https://europeanjournaloftaxonomy.eu/index.php/ejt/article/download/1819/7037
10.5852/ejt.2022.823.1821	https://europeanjournaloftaxonomy.eu/index.php/ejt/article/download/1821/7049
10.5852/ejt.2022.823.1823	https://europeanjournaloftaxonomy.eu/index.php/ejt/article/download/1823/7061
10.5852/ejt.2022.823.1825	https://europeanjournaloftaxonomy.eu/index.php/ejt/article/download/1825/7073
10.5852/ejt.2022.824.1827	https://europeanjournaloftaxonomy.eu/index.php/ejt/article/download/1827/7085
10.5852/ejt.2022.825.1829	https://europeanjournaloftaxonomy.eu/index.php/ejt/article/download/1829/7103
10.5852/ejt.2022.826.1831	https://europeanjournaloftaxonomy.eu/index.php/ejt/article/download/1831/7109
10.5852/ejt.2022.826.1833	https://europeanjournaloftaxonomy.eu/index.php/ejt/article/download/1833/7125
10.5852/ejt.2022.826.1835	https://europeanjournaloftaxonomy.eu/index.php/ejt/article/download/1835/7137
10.5852/ejt.2022.827.1849	https://europeanjournaloftaxonomy.eu/index.php/ejt/article/download/1849/7231
10.5852/ejt.2022.828.1847	https://europeanjournaloftaxonomy.eu/index.php/ejt/article/download/1847/7219
10.5852/ejt.2022.828.1851	https://europeanjournaloftaxonomy.eu/index.php/ejt/article/download/1851/7243
10.5852/ejt.2022.828.1853	https://europeanjournaloftaxonomy.eu/index.php/ejt/article/download/1853/7255
10.5852/ejt.2022.828.1855	https://europeanjournaloftaxonomy.eu/index.php/ejt/article/download/1855/7267
10.5852/ejt.2022.828.1857	https://europeanjournaloftaxonomy.eu/index.php/ejt/article/download/1857/7279
10.5852/ejt.2022.828.1859	https://europeanjournaloftaxonomy.eu/index.php/ejt/article/download/1859/7291
10.5852/ejt.2022.828.1861	https://europeanjournaloftaxonomy.eu/index.php/ejt/article/download/1861/7305
10.5852/ejt.2022.829.1863	https://europeanjournaloftaxonomy.eu/index.php/ejt/article/download/1863/7321
10.5852/ejt.2022.830.1865	https://europeanjournaloftaxonomy.eu/index.php/ejt/article/download/1865/7333
10.5852/ejt.2022.831.1867	https://europeanjournaloftaxonomy.eu/index.php/ejt/article/download/1867/7351
10.5852/ejt.2022.831.1869	https://europeanjournaloftaxonomy.eu/index.php/ejt/article/download/1869/7357
10.5852/ejt.2022.831.1871	https://europeanjournaloftaxonomy.eu/index.php/ejt/article/download/1871/7371
10.5852/ejt.2022.831.1873	https://europeanjournaloftaxonomy.eu/index.php/ejt/article/download/1873/7383
10.5852/ejt.2022.831.1875	https://europeanjournaloftaxonomy.eu/index.php/ejt/article/download/1875/7395
10.5852/ejt.2022.832.1877	https://europeanjournaloftaxonomy.eu/index.php/ejt/article/download/1877/7407
10.5852/ejt.2022.833.1879	https://europeanjournaloftaxonomy.eu/index.php/ejt/article/download/1879/7419
10.5852/ejt.2022.833.1881	https://europeanjournaloftaxonomy.eu/index.php/ejt/article/download/1881/7433
10.5852/ejt.2022.833.1883	https://europeanjournaloftaxonomy.eu/index.php/ejt/article/download/1883/7445
10.5852/ejt.2022.833.1885	https://europeanjournaloftaxonomy.eu/index.php/ejt/article/download/1885/7457
10.5852/ejt.2022.833.1887	https://europeanjournaloftaxonomy.eu/index.php/ejt/article/download/1887/7471
10.5852/ejt.2022.833.1889	https://europeanjournaloftaxonomy.eu/index.php/ejt/article/download/1889/7487
10.5852/ejt.2022.833.1891	https://europeanjournaloftaxonomy.eu/index.php/ejt/article/download/1891/7501
10.5852/ejt.2022.834.1893	https://europeanjournaloftaxonomy.eu/index.php/ejt/article/download/1893/7513
10.5852/ejt.2022.834.1895	https://europeanjournaloftaxonomy.eu/index.php/ejt/article/download/1895/7523
10.5852/ejt.2022.834.1897	https://europeanjournaloftaxonomy.eu/index.php/ejt/article/download/1897/7539
10.5852/ejt.2022.834.1899	https://europeanjournaloftaxonomy.eu/index.php/ejt/article/download/1899/7559
10.5852/ejt.2022.834.1901	https://europeanjournaloftaxonomy.eu/index.php/ejt/article/download/1901/7565
10.5852/ejt.2022.834.1903	https://europeanjournaloftaxonomy.eu/index.php/ejt/article/download/1903/7577
10.5852/ejt.2022.834.1905	https://europeanjournaloftaxonomy.eu/index.php/ejt/article/download/1905/7589
10.5852/ejt.2022.834.1907	https://europeanjournaloftaxonomy.eu/index.php/ejt/article/download/1907/7601
10.5852/ejt.2022.835.1909	https://europeanjournaloftaxonomy.eu/index.php/ejt/article/download/1909/7621
10.5852/ejt.2022.836.1911	https://europeanjournaloftaxonomy.eu/index.php/ejt/article/download/1911/7633
10.5852/ejt.2022.836.1913	https://europeanjournaloftaxonomy.eu/index.php/ejt/article/download/1913/7645
10.5852/ejt.2022.836.1915	https://europeanjournaloftaxonomy.eu/index.php/ejt/article/download/1915/7657
10.5852/ejt.2022.836.1917	https://europeanjournaloftaxonomy.eu/index.php/ejt/article/download/1917/7669
10.5852/ejt.2022.836.1919	https://europeanjournaloftaxonomy.eu/index.php/ejt/article/download/1919/7681
10.5852/ejt.2022.836.1921	https://europeanjournaloftaxonomy.eu/index.php/ejt/article/download/1921/7699
10.5852/ejt.2022.838.1925	https://europeanjournaloftaxonomy.eu/index.php/ejt/article/download/1925/7723
10.5852/ejt.2022.839.1927	https://europeanjournaloftaxonomy.eu/index.php/ejt/article/download/1927/7735
10.5852/ejt.2022.839.1929	https://europeanjournaloftaxonomy.eu/index.php/ejt/article/download/1929/7747
10.5852/ejt.2022.839.1931	https://europeanjournaloftaxonomy.eu/index.php/ejt/article/download/1931/7781
10.5852/ejt.2022.839.1933	https://europeanjournaloftaxonomy.eu/index.php/ejt/article/download/1933/7775
10.5852/ejt.2022.839.1935	https://europeanjournaloftaxonomy.eu/index.php/ejt/article/download/1935/7787
10.5852/ejt.2022.839.1937	https://europeanjournaloftaxonomy.eu/index.php/ejt/article/download/1937/7801
10.5852/ejt.2022.839.1939	https://europeanjournaloftaxonomy.eu/index.php/ejt/article/download/1939/7813
10.5852/ejt.2022.840.1941	https://europeanjournaloftaxonomy.eu/index.php/ejt/article/download/1941/7827
10.5852/ejt.2022.841.1943	https://europeanjournaloftaxonomy.eu/index.php/ejt/article/download/1943/7839
10.5852/ejt.2022.842.1945	https://europeanjournaloftaxonomy.eu/index.php/ejt/article/download/1945/7851
10.5852/ejt.2022.843.1947	https://europeanjournaloftaxonomy.eu/index.php/ejt/article/download/1947/7863
10.5852/ejt.2022.844.1949	https://europeanjournaloftaxonomy.eu/index.php/ejt/article/download/1949/7875
10.5852/ejt.2022.845.1951	https://europeanjournaloftaxonomy.eu/index.php/ejt/article/download/1951/7887
10.5852/ejt.2022.845.1953	https://europeanjournaloftaxonomy.eu/index.php/ejt/article/download/1953/7899
10.5852/ejt.2022.845.1955	https://europeanjournaloftaxonomy.eu/index.php/ejt/article/download/1955/7911
10.5852/ejt.2022.846.1969	https://europeanjournaloftaxonomy.eu/index.php/ejt/article/download/1969/7999
10.5852/ejt.2022.846.1971	https://europeanjournaloftaxonomy.eu/index.php/ejt/article/download/1971/8011
10.5852/ejt.2022.846.1975	https://europeanjournaloftaxonomy.eu/index.php/ejt/article/download/1975/8023
10.5852/ejt.2022.847.1977	https://europeanjournaloftaxonomy.eu/index.php/ejt/article/download/1977/8035
10.5852/ejt.2022.847.1989	https://europeanjournaloftaxonomy.eu/index.php/ejt/article/download/1989/8107
10.5852/ejt.2022.847.1991	https://europeanjournaloftaxonomy.eu/index.php/ejt/article/download/1991/8121
10.5852/ejt.2022.848.1993	https://europeanjournaloftaxonomy.eu/index.php/ejt/article/download/1993/8133
10.5852/ejt.2022.849.1995	https://europeanjournaloftaxonomy.eu/index.php/ejt/article/download/1995/8145
10.5852/ejt.2022.850.1997	https://europeanjournaloftaxonomy.eu/index.php/ejt/article/download/1997/8157
10.5852/ejt.2022.851.1999	https://europeanjournaloftaxonomy.eu/index.php/ejt/article/download/1999/8169
10.5852/ejt.2022.852.2003	https://europeanjournaloftaxonomy.eu/index.php/ejt/article/download/2003/8183
10.5852/ejt.2022.852.2005	https://europeanjournaloftaxonomy.eu/index.php/ejt/article/download/2005/8195
10.5852/ejt.2022.852.2007	https://europeanjournaloftaxonomy.eu/index.php/ejt/article/download/2007/8211
10.5852/ejt.2022.852.2009	https://europeanjournaloftaxonomy.eu/index.php/ejt/article/download/2009/8223
10.5852/ejt.2022.852.2011	https://europeanjournaloftaxonomy.eu/index.php/ejt/article/download/2011/8235
10.5852/ejt.2022.852.2013	https://europeanjournaloftaxonomy.eu/index.php/ejt/article/download/2013/8247
10.5852/ejt.2022.852.2015	https://europeanjournaloftaxonomy.eu/index.php/ejt/article/download/2015/8261
10.5852/ejt.2022.852.2017	https://europeanjournaloftaxonomy.eu/index.php/ejt/article/download/2017/8275
10.5852/ejt.2022.853.2019	https://europeanjournaloftaxonomy.eu/index.php/ejt/article/download/2019/8289
10.5852/ejt.2022.854.2021	https://europeanjournaloftaxonomy.eu/index.php/ejt/article/download/2021/8311
10.5852/ejt.2022.855.2023	https://europeanjournaloftaxonomy.eu/index.php/ejt/article/download/2023/8325
10.6620/ZS.2021.60-57	
10.6620/ZS.2021.60-59	
10.6620/ZS.2021.60-65	
10.7554/eLife.74751	https://ora.ox.ac.uk/objects/uuid:babbbfb0-3833-4424-ab6a-14f5f21a3acf/download_file?safe_filename=Hu_et_al_2022_Earliest_evidence_forV.pdf&file_format=application%2Fpdf&type_of_work=Journal+article
10.7554/eLife.83296	
10.7717/peerj.12614	https://www.biorxiv.org/content/biorxiv/early/2021/03/28/2021.03.26.437154.full.pdf
10.7717/peerj.12638	https://archimer.ifremer.fr/doc/00751/86265/91581.pdf
10.7717/peerj.12734	
10.7717/peerj.12765	
10.7717/peerj.12773	
10.7717/peerj.12842	https://ruj.uj.edu.pl/xmlui/bitstream/handle/item/288120/plachno_et-al_unraveling_the_hidden_paleobiodiversity_2022.pdf?sequence=1&isAllowed=y
10.7717/peerj.12865	https://kuscholarworks.ku.edu/bitstream/1808/32746/1/Herzog_2022.pdf
10.7717/peerj.12873	https://hal.archives-ouvertes.fr/hal-03572391/file/Ayadi%20et%20al.%20-%20Plectanocotyle%20%28Monogenea%29%20-%20PeerJ2022.pdf
10.7717/peerj.12913	
10.7717/peerj.13010	
10.7717/peerj.13026	
10.7717/peerj.13044	
10.7717/peerj.13211	
10.7717/peerj.13260	
10.7717/peerj.13502	
10.7717/peerj.13761	
10.7717/peerj.13767	
10.7717/peerj.13857	
10.7717/peerj.13891	
10.7717/peerj.13909	
10.7717/peerj.13926	
10.7717/peerj.14026	
10.7717/peerj.14066	
10.7717/peerj.14113	
10.7717/peerj.14197	
10.7717/peerj.14298	
