doi	orcid	country_code
10.1002/anie.202117188	0000-0001-7034-8772	DE
10.1002/anie.202117188	0000-0002-1323-2826	PL
10.1002/cbic.202200062	0000-0003-0685-2696	DE
10.1002/ece3.8612	0000-0001-8120-3309	GB
10.1002/ecy.3879	0000-0001-6338-5639	BR
10.1002/ecy.3879	0000-0002-0014-6558	BR
10.1002/ecy.3879	0000-0002-0734-1866	BR
10.1002/ecy.3879	0000-0002-3562-6295	BR
10.1002/ecy.3879	0000-0002-6523-1331	BR
10.1002/ecy.3879	0000-0002-9007-9255	BR
10.1002/ecy.3879	0000-0002-9464-6712	BR
10.1002/ecy.3879	0000-0003-1639-6241	BR
10.1002/ecy.3879	0000-0003-2619-1573	BR
10.1002/ecy.3879	0000-0003-2671-0206	BR
10.1002/ecy.3879	0000-0003-2858-3669	BR
10.1002/ecy.3879	0000-0003-4099-2107	BR
10.1002/ecy.3879	0000-0003-4169-0215	BR
10.1002/evan.21955	0000-0002-8611-1371	IT
10.1002/fedr.202100010	0000-0002-0136-9243	IN
10.1002/fedr.202100023	0000-0001-6775-6628	IN
10.1002/fedr.202100030	0000-0003-4383-557X	IN
10.1002/fedr.202100034	0000-0002-4273-792X	IN
10.1002/fedr.202100043	0000-0002-0478-2332	BR
10.1002/fedr.202100050	0000-0002-3016-1070	IN
10.1002/fedr.202100050	0000-0002-4669-615X	IN
10.1002/fedr.202200001	0000-0002-6385-6645	DE
10.1002/fedr.202200001	0000-0002-6504-0893	UA
10.1002/fedr.202200006	0000-0001-6541-2362	IN
10.1002/fedr.202200012	0000-0003-3268-5588	IN
10.1002/fedr.202200014	0000-0002-1850-8158	BR
10.1002/fedr.202200038	0000-0002-4821-9138	BR
10.1002/spp2.1434	0000-0002-6482-6683	DE
10.1002/tax.12648	0000-0003-0566-372X	NL
10.1002/tax.12656	0000-0002-4298-2052	CO
10.1002/tax.12656	0000-0003-2519-3278	CU
10.1002/tax.12658	0000-0001-7393-9965	CN
10.1002/tax.12659	0000-0002-3570-3190	UA
10.1002/tax.12661	0000-0001-7522-3493	PT
10.1002/tax.12664	0000-0002-4047-154X	MX
10.1002/tax.12666	0000-0001-6756-2823	UA
10.1002/tax.12666	0000-0003-0391-3502	UA
10.1002/tax.12670	0000-0002-8842-8188	CH
10.1002/tax.12671	0000-0002-6090-981X	BR
10.1002/tax.12676	0000-0001-6784-8565	CH
10.1002/tax.12676	0000-0003-0517-4731	CH
10.1002/tax.12676	0000-0003-4157-3713	CH
10.1002/tax.12677	0000-0002-4996-536X	US
10.1002/tax.12677	0000-0002-5643-9464	BR
10.1002/tax.12678	0000-0003-0626-0770	ES
10.1002/tax.12678	0000-0003-2815-4477	US
10.1002/tax.12679	0000-0001-6407-9326	NO
10.1002/tax.12679	0000-0003-2235-6211	NO
10.1002/tax.12682	0000-0001-5809-0406	RS
10.1002/tax.12684	0000-0001-6295-1483	AR
10.1002/tax.12684	0000-0001-9003-1510	CL
10.1002/tax.12686	0000-0003-1707-7461	CZ
10.1002/tax.12688	0000-0001-5277-6669	RU
10.1002/tax.12688	0000-0001-5860-9976	IR
10.1002/tax.12688	0000-0002-6765-0353	US
10.1002/tax.12688	0000-0003-0813-6650	DE
10.1002/tax.12694	0000-0003-0089-5919	RU
10.1002/tax.12695	0000-0003-4285-9828	US
10.1002/tax.12698	0000-0002-0658-7338	GB
10.1002/tax.12703	0000-0002-4634-6440	IT
10.1002/tax.12703	0000-0003-4719-3711	IT
10.1002/tax.12705	0000-0002-3570-3190	UA
10.1002/tax.12705	0000-0002-8653-0904	UA
10.1002/tax.12707	0000-0002-3448-9735	US
10.1002/tax.12707	0000-0002-3570-3190	UA
10.1002/tax.12708	0000-0003-0089-5919	RU
10.1002/tax.12710	0000-0001-5904-4727	KR
10.1002/tax.12711	0000-0002-0062-6930	CN
10.1002/tax.12714	0000-0001-5491-7568	IT
10.1002/tax.12714	0000-0002-2771-2935	IT
10.1002/tax.12715	0000-0003-3816-7933	AU
10.1002/tax.12717	0000-0001-6034-2940	MX
10.1002/tax.12717	0000-0003-4276-6664	MX
10.1002/tax.12718	0000-0002-7534-6466	NO
10.1002/tax.12718	0000-0003-2557-2761	JP
10.1002/tax.12719	0000-0002-1768-2891	CA
10.1002/tax.12720	0000-0002-5829-6321	CM
10.1002/tax.12720	0000-0003-2052-1527	BE
10.1002/tax.12721	0000-0001-5790-3516	IT
10.1002/tax.12721	0000-0001-9008-273X	IT
10.1002/tax.12741	0000-0002-1741-5515	MX
10.1002/tax.12741	0000-0002-4115-4474	MX
10.1002/tax.12742	0000-0002-6658-6636	AU
10.1002/tax.12742	0000-0003-3816-7933	AU
10.1002/tax.12743	0000-0002-7078-4336	US
10.1002/tax.12746	0000-0002-8449-7856	CN
10.1002/tax.12749	0000-0003-1565-7454	ES
10.1002/tax.12750	0000-0001-6664-7657	FI
10.1002/tax.12750	0000-0003-4144-2422	BE
10.1002/tax.12752	0000-0001-6248-351X	ZA
10.1002/tax.12756	0000-0002-3145-8183	BR
10.1002/tax.12756	0000-0002-4508-2148	AR
10.1002/tax.12756	0000-0002-5344-0697	CO
10.1002/tax.12756	0000-0003-1568-150X	US
10.1002/tax.12765	0000-0001-7218-1531	PT
10.1002/tax.12765	0000-0002-3959-8623	NL
10.1002/tax.12766	0000-0003-2729-1824	PT
10.1002/tax.12769	0000-0001-7348-143X	US
10.1002/tax.12769	0000-0001-7846-0099	CO
10.1002/tax.12769	0000-0002-2180-8362	BR
10.1002/tax.12771	0000-0002-7402-8941	AU
10.1002/tax.12771	0000-0003-0099-8336	AU
10.1002/tax.12772	0000-0002-6765-0353	US
10.1002/tax.12772	0000-0003-1890-7789	IR
10.1002/tax.12772	0000-0003-3032-9408	IR
10.1002/tax.12773	0000-0001-8464-8688	CN
10.1002/tax.12773	0000-0003-4490-3490	SG
10.1002/tax.12775	0000-0001-8464-8688	CN
10.1002/tax.12775	0000-0003-4490-3490	SG
10.1002/tax.12776	0000-0002-8428-8923	AR
10.1002/tax.12779	0000-0002-1609-6452	BR
10.1002/tax.12780	0000-0002-1609-6452	BR
10.1002/tax.12781	0000-0002-6997-5813	BE
10.1002/tax.12782	0000-0002-1952-6059	HR
10.1002/tax.12784	0000-0003-0089-5919	RU
10.1002/tax.12785	0000-0003-0089-5919	RU
10.1002/tax.12786	0000-0001-5181-2875	GB
10.1002/tax.12790	0000-0002-5001-0149	NL
10.1002/tax.12790	0000-0002-8758-9326	BR
10.1002/tax.12790	0000-0002-9416-983X	NL
10.1002/tax.12795	0000-0002-9246-3146	BR
10.1002/tax.12795	0000-0003-4015-375X	PA
10.1002/tax.12796	0000-0001-8753-7596	AR
10.1002/tax.12796	0000-0002-6473-3129	AR
10.1002/tax.12797	0000-0001-6644-5107	MG
10.1002/tax.12797	0000-0002-8136-5233	DK
10.1002/tax.12801	0000-0003-0089-5919	RU
10.1002/tax.12805	0000-0003-0813-6650	DE
10.1002/tax.12806	0000-0001-8581-318X	AU
10.1002/tax.12809	0000-0001-5298-7407	BR
10.1002/tax.12809	0000-0001-8188-2217	AR
10.1002/tax.12809	0000-0001-8394-9120	AU
10.1002/tax.12809	0000-0002-1130-6246	MX
10.1002/tax.12809	0000-0002-1886-7521	AR
10.1002/tax.12809	0000-0002-4586-5142	BR
10.1002/tax.12809	0000-0002-9983-7630	SK
10.1002/tax.12809	0000-0003-1043-4999	AR
10.1002/tax.12813	0000-0002-3208-6561	TW
10.1002/tax.12813	0000-0003-2028-324X	TW
10.1002/tax.12814	0000-0001-8199-6003	IT
10.1002/tax.12814	0000-0002-2501-456X	IT
10.1002/tax.12814	0000-0003-1707-7461	CZ
10.1002/tax.12815	0000-0001-7698-3945	GB
10.1002/tax.12817	0000-0003-4528-1048	CN
10.1002/tax.12818	0000-0001-8588-6362	HU
10.1002/tax.12819	0000-0001-9508-2894	BR
10.1002/tax.12819	0000-0002-1068-0578	BR
10.1002/tax.12819	0000-0002-8433-4192	BR
10.1002/tax.12820	0000-0002-3570-3190	UA
10.1002/tax.12821	0000-0002-6658-6636	AU
10.1002/tax.12821	0000-0003-3816-7933	AU
10.1002/tax.12823	0000-0001-7072-2656	BR
10.1002/tax.12826	0000-0001-5199-7128	SE
10.1002/tax.12826	0000-0003-1064-9404	SE
10.1002/tax.12827	0000-0001-9271-7065	ZA
10.1002/tax.12830	0000-0003-0089-5919	RU
10.1002/tax.12831	0000-0003-4811-2231	US
10.1002/tax.12832	0000-0001-7291-0917	MX
10.1002/tax.12832	0000-0002-6332-2010	IN
10.1002/tax.12832	0000-0002-7674-006X	IN
10.1002/tax.12832	0000-0002-8421-1029	BR
10.1002/tax.12832	0000-0002-9603-5747	BR
10.1002/tax.12832	0000-0002-9983-7630	SK
10.1002/tax.12836	0000-0001-6212-0129	RU
10.1002/tax.12836	0000-0001-9152-4528	RU
10.1002/tax.12836	0000-0002-1251-3167	RU
10.1002/tax.12836	0000-0002-3868-8010	RU
10.1002/tax.12836	0000-0002-4580-2061	AM
10.1002/tax.12836	0000-0002-7310-659X	RU
10.1002/tax.12836	0000-0002-7889-4580	RU
10.1002/tax.12836	0000-0002-9819-5111	RU
10.1002/tax.12836	0000-0002-9983-7630	SK
10.1002/tax.12836	0000-0003-1146-1622	RU
10.1002/tax.12837	0000-0002-3570-3190	UA
10.1002/tax.12857	0000-0001-5491-7568	IT
10.1002/tax.12857	0000-0002-2771-2935	IT
10.1002/tax.12857	0000-0002-6173-6754	ES
10.1002/tax.12858	0000-0002-3145-8183	BR
10.1002/tax.12858	0000-0002-4508-2148	AR
10.1002/tax.12858	0000-0002-5344-0697	CO
10.1002/tax.12858	0000-0003-1568-150X	US
10.1002/tax.12861	0000-0002-1680-9192	DE
10.1002/tax.12863	0000-0001-6784-8565	CH
10.1002/tax.12863	0000-0003-4157-3713	CH
10.1007/s00203-021-02744-2	0000-0001-6854-8417	CN
10.1007/s00203-021-02749-x	0000-0002-4882-9075	IN
10.1007/s00203-022-02758-4	0000-0003-0312-6824	CN
10.1007/s00203-022-02761-9	0000-0001-6854-8417	CN
10.1007/s00203-022-02778-0	0000-0003-2407-0284	MX
10.1007/s00203-022-02797-x	0000-0001-8961-9966	KR
10.1007/s00203-022-02859-0	0000-0002-4364-0505	TW
10.1007/s00203-022-02859-0	0000-0003-0828-3802	TW
10.1007/s00203-022-02859-0	0000-0003-4445-7080	TW
10.1007/s00203-022-02865-2	0000-0002-4882-9075	IN
10.1007/s00203-022-02878-x	0000-0002-7973-7640	DE
10.1007/s00203-022-02950-6	0000-0002-4347-7082	AT
10.1007/s00203-022-02950-6	0000-0003-0501-2556	AT
10.1007/s00203-022-03152-w	0000-0001-7444-2408	DE
10.1007/s00203-022-03152-w	0000-0001-9771-0348	DE
10.1007/s00203-022-03266-1	0000-0001-9510-3675	BR
10.1007/s00203-022-03343-5	0000-0002-2272-8321	KR
10.1007/s00203-022-03343-5	0000-0003-4244-5465	KR
10.1007/s00284-021-02740-1	0000-0001-9372-0178	IN
10.1007/s00284-022-02808-6	0000-0003-2082-8529	CN
10.1007/s00284-022-02860-2	0000-0003-3119-2925	KR
10.1007/s00300-022-03023-6	0000-0001-5371-8452	IT
10.1007/s00300-022-03023-6	0000-0001-6049-4506	IT
10.1007/s00300-022-03023-6	0000-0002-8163-1554	IT
10.1007/s00300-022-03023-6	0000-0003-1766-5247	IT
10.1007/s00300-022-03023-6	0000-0003-3233-303X	IT
10.1007/s00436-021-07396-1	0000-0002-6612-6410	BR
10.1007/s00436-021-07396-1	0000-0003-1123-143X	BR
10.1007/s00436-021-07414-2	0000-0003-4027-9205	BR
10.1007/s00436-021-07419-x	0000-0002-8635-6360	VN
10.1007/s00436-021-07419-x	0000-0002-9308-691X	JP
10.1007/s00436-022-07473-z	0000-0001-6655-491X	PT
10.1007/s00436-022-07473-z	0000-0002-8503-7763	PT
10.1007/s00436-022-07620-6	0000-0002-8635-6360	VN
10.1007/s00442-022-05298-2	0000-0001-6346-1582	CN
10.1007/s00572-021-01064-z	0000-0002-8655-2708	CZ
10.1007/s00606-021-01801-z	0000-0001-6347-341X	BR
10.1007/s00606-021-01801-z	0000-0003-0176-1090	AR
10.1007/s00606-021-01803-x	0000-0002-7423-899X	ES
10.1007/s00606-021-01803-x	0000-0003-4874-129X	BR
10.1007/s00606-022-01805-3	0000-0001-7439-5234	BR
10.1007/s00606-022-01805-3	0000-0001-9003-1510	CL
10.1007/s00606-022-01805-3	0000-0002-9603-5747	BR
10.1007/s00606-022-01805-3	0000-0003-4353-0899	BR
10.1007/s00705-021-05326-1	0000-0001-9420-1791	BR
10.1007/s00705-022-05478-8	0000-0002-6270-1772	HU
10.1007/s10482-021-01703-7	0000-0002-4665-9447	IR
10.1007/s10482-021-01707-3	0000-0002-2313-3389	DE
10.1007/s10482-022-01709-9	0000-0002-8459-6889	CN
10.1007/s10482-022-01710-2	0000-0002-7770-5389	CN
10.1007/s10482-022-01714-y	0000-0003-0924-2498	MX
10.1007/s10482-022-01716-w	0000-0001-8943-5761	RU
10.1007/s10482-022-01716-w	0000-0002-7973-7640	DE
10.1007/s10482-022-01728-6	0000-0002-3705-2459	JP
10.1007/s10482-022-01729-5	0000-0001-8943-5761	RU
10.1007/s10482-022-01729-5	0000-0002-7973-7640	DE
10.1007/s10482-022-01734-8	0000-0001-9154-8191	PL
10.1007/s10482-022-01781-1	0000-0002-6586-2467	RU
10.1007/s10482-022-01788-8	0000-0002-5255-1846	CN
10.1007/s10482-022-01788-8	0000-0002-6000-8886	RU
10.1007/s10722-022-01454-y	0000-0002-5703-5760	TN
10.1007/s11033-022-07302-7	0000-0001-5335-5460	IN
10.1007/s11033-022-07302-7	0000-0002-7542-4815	IN
10.1007/s11230-021-10002-8	0000-0002-5648-3684	AU
10.1007/s11230-021-10015-3	0000-0002-2162-1530	US
10.1007/s11230-021-10016-2	0000-0002-3836-5676	BR
10.1007/s11230-021-10016-2	0000-0002-7921-5965	BR
10.1007/s11230-021-10016-2	0000-0003-2797-617X	BR
10.1007/s11230-022-10023-x	0000-0002-5648-3684	AU
10.1007/s11230-022-10034-8	0000-0001-8303-8714	AU
10.1007/s11230-022-10034-8	0000-0002-5648-3684	AU
10.1007/s11230-022-10037-5	0000-0002-6612-6410	BR
10.1007/s11230-022-10038-4	0000-0002-5648-3684	AU
10.1007/s11230-022-10042-8	0000-0002-1072-5254	BR
10.1007/s11230-022-10054-4	0000-0001-8170-7734	GB
10.1007/s11230-022-10054-4	0000-0003-4468-1090	AU
10.1007/s11230-022-10061-5	0000-0003-4309-5460	IN
10.1007/s11262-022-01900-0	0000-0002-5454-2994	ES
10.1007/s11274-021-03213-0	0000-0001-6343-1500	US
10.1007/s11557-021-01757-x	0000-0002-1861-4356	JP
10.1007/s11557-021-01760-2	0000-0001-5068-7048	BR
10.1007/s11557-021-01760-2	0000-0002-0964-8271	BR
10.1007/s11557-021-01760-2	0000-0002-5140-8730	BR
10.1007/s11557-021-01760-2	0000-0002-6402-6838	BR
10.1007/s11557-022-01807-y	0000-0001-6942-2701	TH
10.1007/s11557-022-01807-y	0000-0002-0878-0932	US
10.1007/s11557-022-01807-y	0000-0002-5446-9344	TH
10.1007/s11557-022-01809-w	0000-0002-1936-8556	LK
10.1007/s11557-022-01813-0	0000-0002-4156-692X	US
10.1007/s11557-022-01840-x	0000-0002-2397-2721	CL
10.1007/s11557-022-01847-4	0000-0003-0400-3762	BR
10.1007/s11557-022-01850-9	0000-0001-7974-4114	MX
10.1007/s11557-022-01850-9	0000-0003-1147-9291	MX
10.1007/s11686-022-00517-5	0000-0002-9915-7555	CL
10.1007/s11686-022-00593-7	0000-0002-3877-2183	ID
10.1007/s11686-022-00593-7	0000-0003-2918-3253	DE
10.1007/s11686-022-00593-7	0000-0003-4116-9171	ID
10.1007/s11686-022-00618-1	0000-0001-8143-7498	AR
10.1007/s11686-022-00618-1	0000-0002-6715-857X	AR
10.1007/s11686-022-00624-3	0000-0002-3426-6873	BR
10.1007/s11686-022-00624-3	0000-0002-7814-531X	BR
10.1007/s11686-022-00624-3	0000-0003-1856-0586	ZA
10.1007/s11686-022-00643-0	0000-0001-5084-7566	US
10.1007/s11756-021-00982-9	0000-0002-7798-8673	IR
10.1007/s11756-022-01116-5	0000-0001-5749-6391	IR
10.1007/s11756-022-01245-x	0000-0002-0142-5815	IN
10.1007/s12225-021-09992-x	0000-0003-1423-7474	MX
10.1007/s12225-021-09996-7	0000-0002-3294-5637	ES
10.1007/s12225-021-09998-5	0000-0002-4082-7817	BR
10.1007/s12225-022-10011-w	0000-0003-1640-490X	FI
10.1007/s12228-022-09725-9	0000-0002-3016-1070	IN
10.1007/s12526-022-01294-0	0000-0002-6583-3105	GB
10.1007/s13127-022-00541-3	0000-0002-0784-0200	AU
10.1007/s13127-022-00541-3	0000-0003-4511-4055	ES
10.1007/s13127-022-00575-7	0000-0001-6034-2940	MX
10.1007/s13127-022-00575-7	0000-0003-4276-6664	MX
10.1007/s13127-022-00591-7	0000-0002-3827-378X	BR
10.1007/s13127-022-00599-z	0000-0001-8857-3791	IT
10.1007/s13225-021-00495-5	0000-0002-4815-125X	TH
10.1007/s13225-021-00495-5	0000-0002-4874-6851	RU
10.1007/s13225-021-00495-5	0000-0002-7284-8671	DE
10.1007/s13225-021-00495-5	0000-0002-9232-228X	CN
10.1007/s13225-022-00498-w	0000-0002-5625-9578	LK
10.1007/s13225-022-00504-1	0000-0002-5625-9578	LK
10.1007/s13369-022-07104-w	0000-0003-1321-3614	SA
10.1007/s13744-022-00956-9	0000-0002-1955-288X	BR
10.1007/s13744-022-00958-7	0000-0001-6601-2061	BR
10.1007/s13744-022-00958-7	0000-0002-6453-0057	BR
10.1007/s13744-022-00983-6	0000-0001-7260-5760	BR
10.1007/s13744-022-00987-2	0000-0001-7337-6541	ES
10.1007/s13744-022-00999-y	0000-0003-3663-522X	PL
10.1007/s40415-022-00838-9	0000-0001-5193-2690	BR
10.1007/s40415-022-00838-9	0000-0001-8831-2882	BR
10.1007/s40415-022-00838-9	0000-0002-5800-5432	BR
10.1007/s40858-022-00491-3	0000-0002-1893-1458	IR
10.1007/s42690-022-00776-9	0000-0001-7240-8898	TR
10.1007/s42690-022-00776-9	0000-0003-1745-6410	RS
10.1007/s42690-022-00825-3	0000-0003-0813-3185	IN
10.1007/s42770-022-00841-y	0000-0001-5068-7048	BR
10.1007/s42770-022-00841-y	0000-0002-5140-8730	BR
10.1007/s42770-022-00841-y	0000-0002-6402-6838	BR
10.1016/j.actatropica.2022.106368	0000-0002-8876-3269	BR
10.1016/j.actatropica.2022.106368	0000-0003-2404-8765	BR
10.1016/j.biortech.2022.126754	0000-0002-5053-4452	IT
10.1016/j.biortech.2022.126754	0000-0002-9431-1648	IT
10.1016/j.cretres.2021.105128	0000-0002-2233-5480	ES
10.1016/j.cretres.2022.105138	0000-0001-5900-8048	FR
10.1016/j.cretres.2022.105138	0000-0002-3680-5172	FR
10.1016/j.cretres.2022.105138	0000-0003-1673-9910	FR
10.1016/j.cretres.2022.105143	0000-0002-4548-7268	CN
10.1016/j.cretres.2022.105143	0000-0003-3374-6637	CN
10.1016/j.cretres.2022.105214	0000-0001-5117-8552	KR
10.1016/j.cretres.2022.105216	0000-0002-8934-2271	JP
10.1016/j.crpvbd.2021.100050	0000-0002-1072-5254	BR
10.1016/j.crpvbd.2021.100051	0000-0001-5084-7566	US
10.1016/j.crpvbd.2021.100051	0000-0002-1606-1719	US
10.1016/j.culher.2022.01.010	0000-0001-5616-8505	GR
10.1016/j.culher.2022.01.010	0000-0001-7033-0302	GR
10.1016/j.culher.2022.01.010	0000-0003-0955-2218	GR
10.1016/j.egg.2022.100114	0000-0003-3609-9332	JP
10.1016/j.ejop.2021.125789	0000-0002-4474-8569	NZ
10.1016/j.ejop.2021.125789	0000-0002-9237-1364	GB
10.1016/j.ejop.2021.125822	0000-0002-9454-1355	FR
10.1016/j.ejop.2021.125838	0000-0003-1740-8849	TR
10.1016/j.ejop.2021.125839	0000-0002-6135-2873	ES
10.1016/j.ejop.2021.125840	0000-0002-9138-4702	US
10.1016/j.ejop.2021.125840	0000-0002-9917-5235	NO
10.1016/j.ejop.2021.125842	0000-0002-4537-6189	RU
10.1016/j.funbio.2021.11.001	0000-0002-6969-3605	CR
10.1016/j.funbio.2021.11.001	0000-0003-4440-4296	CR
10.1016/j.funbio.2021.12.002	0000-0002-7627-4118	BR
10.1016/j.ijppaw.2021.12.010	0000-0001-7950-193X	ZA
10.1016/j.ijppaw.2021.12.010	0000-0003-3399-6345	IS
10.1016/j.ijppaw.2022.01.003	0000-0001-6464-2713	PL
10.1016/j.ijppaw.2022.02.009	0000-0002-2449-2316	BR
10.1016/j.ijppaw.2022.03.008	0000-0001-7220-5484	PL
10.1016/j.ijppaw.2022.03.008	0000-0003-4858-2233	PL
10.1016/j.jcz.2022.05.004	0000-0003-3155-3639	BR
10.1016/j.jgar.2022.04.018	0000-0001-9506-707X	JP
10.1016/j.jgar.2022.04.018	0000-0003-2889-8257	JP
10.1016/j.micpath.2022.105464	0000-0002-6764-448X	BR
10.1016/j.micpath.2022.105464	0000-0002-6903-9531	BR
10.1016/j.mycmed.2022.101337	0000-0002-4444-4274	IN
10.1016/j.pld.2020.11.004	0000-0001-9759-4906	CN
10.1016/j.pld.2021.04.006	0000-0001-9529-1418	CN
10.1016/j.pld.2021.04.007	0000-0003-0280-9201	CN
10.1016/j.pld.2021.05.004	0000-0002-9108-5454	CN
10.1016/j.pld.2021.06.005	0000-0001-7931-080X	CN
10.1016/j.pld.2021.07.005	0000-0002-9023-0357	IR
10.1016/j.pld.2021.09.005	0000-0002-4990-724X	CN
10.1016/j.pld.2021.09.005	0000-0002-8334-6132	CN
10.1016/j.pld.2021.11.007	0000-0001-6152-5458	CN
10.1016/j.pld.2022.01.002	0000-0002-3418-3787	CN
10.1016/j.pld.2022.01.004	0000-0002-9952-1513	CN
10.1016/j.pld.2022.01.005	0000-0002-4623-1117	KE
10.1016/j.pld.2022.02.002	0000-0002-8612-6581	CN
10.1016/j.pld.2022.03.003	0000-0003-1127-5504	ET
10.1016/j.pld.2022.03.004	0000-0001-7280-687X	MX
10.1016/j.pld.2022.04.003	0000-0001-9759-4906	CN
10.1016/j.pld.2022.05.001	0000-0001-9498-6867	CN
10.1016/j.pld.2022.05.003	0000-0001-7763-5133	CN
10.1016/j.protis.2021.125821	0000-0002-9454-1355	FR
10.1016/j.protis.2021.125830	0000-0001-6961-9344	GB
10.1016/j.protis.2021.125830	0000-0002-1242-5263	SE
10.1016/j.protis.2021.125830	0000-0002-8026-1336	DE
10.1016/j.protis.2022.125858	0000-0003-1201-3290	CZ
10.1016/j.xinn.2021.100195	0000-0002-1142-5114	CN
10.1016/j.xinn.2021.100195	0000-0003-0325-5116	CN
10.1016/j.ympev.2022.107441	0000-0003-3709-7873	PL
10.1016/j.ympev.2022.107462	0000-0002-0499-567X	US
10.1016/j.ympev.2022.107469	0000-0001-6177-5131	AU
10.1016/j.ympev.2022.107469	0000-0002-0784-0200	AU
10.1016/j.ympev.2022.107469	0000-0003-0994-6823	PL
10.1016/j.ympev.2022.107496	0000-0002-4587-1446	CR
10.1016/j.ympev.2022.107496	0000-0002-8518-6750	MX
10.1016/j.ympev.2022.107505	0000-0002-5433-4036	US
10.1016/j.ympev.2022.107506	0000-0002-0488-4718	CN
10.1016/j.ympev.2022.107507	0000-0001-7393-9965	CN
10.1016/j.ympev.2022.107511	0000-0002-8520-9166	CZ
10.1016/j.ympev.2022.107517	0000-0002-9430-4683	CO
10.1016/j.ympev.2022.107518	0000-0001-9896-9722	BR
10.1016/j.ympev.2022.107519	0000-0001-7891-5049	JP
10.1016/j.ympev.2022.107519	0000-0002-1693-7071	JP
10.1016/j.ympev.2022.107519	0000-0002-2146-5128	ID
10.1016/j.ympev.2022.107519	0000-0003-3877-1655	ID
10.1016/j.ympev.2022.107522	0000-0002-1640-2886	AU
10.1016/j.ympev.2022.107522	0000-0002-3531-0821	ES
10.1016/j.ympev.2022.107522	0000-0002-6562-5031	AU
10.1016/j.ympev.2022.107522	0000-0002-8812-6753	AU
10.1016/j.ympev.2022.107524	0000-0002-3328-7322	ES
10.1016/j.ympev.2022.107524	0000-0003-1981-8147	ES
10.1016/j.ympev.2022.107526	0000-0001-6614-4216	AU
10.1017/jpa.2021.114	0000-0002-9532-6972	ES
10.1017/jpa.2021.120	0000-0003-4200-0482	BR
10.1017/jpa.2022.1	0000-0001-8440-5600	PT
10.1017/jpa.2022.14	0000-0002-0878-9726	US
10.1017/jpa.2022.15	0000-0002-2180-8151	TR
10.1017/jpa.2022.15	0000-0003-2029-0490	TR
10.1017/jpa.2022.16	0000-0001-8228-2774	PL
10.1017/jpa.2022.25	0000-0001-8061-5600	MX
10.1017/jpa.2022.30	0000-0002-8985-930X	KR
10.1017/jpa.2022.33	0000-0003-1103-2799	CN
10.1017/jpa.2022.35	0000-0001-9594-6074	IR
10.1017/jpa.2022.35	0000-0003-0325-5116	CN
10.1017/jpa.2022.35	0000-0003-3629-0049	SE
10.1017/jpa.2022.36	0000-0001-7951-7181	CN
10.1017/jpa.2022.44	0000-0001-9582-9273	MX
10.1017/jpa.2022.47	0000-0002-4657-876X	AU
10.1017/jpa.2022.48	0000-0001-8870-3891	AR
10.1017/jpa.2022.5	0000-0001-6281-100X	SE
10.1017/jpa.2022.5	0000-0002-0257-7255	US
10.1017/jpa.2022.54	0000-0003-4981-4067	RU
10.1017/jpa.2022.8	0000-0003-4526-2189	KR
10.1017/S0022149X22000189	0000-0002-2983-9657	IN
10.1017/S0022149X22000232	0000-0003-3515-1127	BR
10.1017/S0022149X22000372	0000-0001-6472-5113	MX
10.1017/S0022149X22000372	0000-0003-0822-3498	MX
10.1017/S0022149X22000426	0000-0001-7045-0849	CN
10.1017/S0022149X22000657	0000-0001-8088-435X	CN
10.1017/S0022149X22000657	0000-0002-6650-9120	RU
10.1017/S0024282921000499	0000-0001-7949-2594	NL
10.1017/S0024282922000020	0000-0002-6657-9540	BR
10.1017/S0024282922000123	0000-0002-5064-2752	ES
10.1017/S0024282922000275	0000-0002-5635-8031	PK
10.1017/s0025315422000169	0000-0002-5931-7788	MX
10.1017/s0025315422000650	0000-0002-5496-7706	BR
10.1017/S0025315422000753	0000-0002-2244-8338	IN
10.1021/acs.jnatprod.1c01179	0000-0001-5348-6970	ES
10.1021/acs.jnatprod.1c01179	0000-0002-8724-3851	ES
10.1021/acs.jnatprod.1c01179	0000-0003-2628-303X	ES
10.1038/s41429-022-00589-5	0000-0002-6792-1184	JP
10.1038/s41467-022-28065-6	0000-0002-7289-0909	US
10.1038/s41467-022-28065-6	0000-0003-0562-4026	US
10.1038/s41467-022-28402-9	0000-0002-3140-9373	IT
10.1038/s41564-022-01167-z	0000-0001-7693-924X	SE
10.1038/s41564-022-01167-z	0000-0002-1105-6363	DE
10.1038/s41598-022-09121-z	0000-0002-3699-7629	BR
10.1038/s41598-022-09121-z	0000-0002-8616-8714	BR
10.1038/s41598-022-09121-z	0000-0002-8789-3061	BR
10.1038/s41598-022-09121-z	0000-0003-0591-3303	BR
10.1038/s41598-022-10047-9	0000-0002-2447-4388	ES
10.1038/s41598-022-10047-9	0000-0002-7681-5957	ES
10.1038/s42003-022-03685-2	0000-0001-9197-5900	CN
10.1038/s42003-022-04371-z	0000-0001-8118-8313	CN
10.1038/s43705-022-00201-9	0000-0002-6301-4325	US
10.1039/d2dt01947g	0000-0001-7897-3230	IN
10.1051/parasite/2021072	0000-0002-5648-3684	AU
10.1071/IS21002	0000-0003-3747-8748	BR
10.1071/IS21002	0000-0003-4322-7339	BR
10.1071/IS21011	0000-0002-6820-2747	NO
10.1071/IS21011	0000-0002-9668-945X	NO
10.1071/IS21013	0000-0001-6419-2046	ES
10.1071/IS21019	0000-0001-9785-718X	TW
10.1071/IS21026	0000-0001-6107-2188	JP
10.1071/IS21026	0000-0002-7602-2738	JP
10.1071/IS21040	0000-0002-7348-6270	ES
10.1071/IS21041	0000-0001-8089-7599	AU
10.1071/IS21053	0000-0001-8515-2385	PL
10.1071/IS21053	0000-0002-7843-8438	AU
10.1071/IS21058	0000-0001-5632-6622	CN
10.1071/IS21062	0000-0001-9837-6329	US
10.1071/IS21067	0000-0001-9507-6275	ID
10.1071/IS21067	0000-0002-2885-4919	PE
10.1071/IS21067	0000-0002-5162-9779	DE
10.1071/IS21067	0000-0002-6561-4455	CZ
10.1071/IS21071	0000-0003-1333-4678	AU
10.1071/IS21073	0000-0002-0784-0200	AU
10.1071/IS21075	0000-0002-2116-5651	AU
10.1071/IS21075	0000-0002-5154-103X	AU
10.1071/IS21080	0000-0002-5467-8429	US
10.1071/IS21082	0000-0003-1961-1162	DE
10.1071/IS21084	0000-0001-5398-3942	PT
10.1071/IS21084	0000-0002-1538-0320	GR
10.1071/IS21084	0000-0002-1539-1783	ES
10.1071/IS21084	0000-0002-1675-1090	BR
10.1071/IS21084	0000-0002-1689-2985	PT
10.1071/IS21084	0000-0002-2228-2673	PT
10.1071/IS21084	0000-0002-5188-7305	NO
10.1071/IS21084	0000-0003-3665-8683	IT
10.1071/IS21084	0000-0003-4880-3323	PT
10.1071/IS22007	0000-0001-9041-2911	US
10.1071/IS22011	0000-0002-7426-0257	TW
10.1071/IS22011	0000-0002-9329-8867	TW
10.1071/IS22013	0000-0003-0341-0809	ES
10.1071/IS22026	0000-0002-5467-8429	US
10.1071/IS22026	0000-0002-9554-1947	US
10.1071/IS22031	0000-0001-8857-3791	IT
10.1071/IS22035	0000-0001-8596-8448	IR
10.1071/IS22042	0000-0002-7480-4672	JP
10.1071/IS22043	0000-0002-5467-8429	US
10.1080/00222933.2022.2118642	0000-0002-8760-2869	JP
10.1080/00222933.2022.2134059	0000-0003-4309-5460	IN
10.1080/00275514.2021.1994815	0000-0001-6359-9856	SE
10.1080/00275514.2021.2008765	0000-0001-8590-3345	DE
10.1080/00275514.2021.2008765	0000-0002-5122-9986	IR
10.1080/00275514.2021.2008765	0000-0002-7094-2795	IR
10.1080/00275514.2021.2019547	0000-0003-2214-4972	AU
10.1080/00275514.2022.2025563	0000-0001-7931-080X	CN
10.1080/00275514.2022.2030081	0000-0002-1034-0995	PL
10.1080/00275514.2022.2030081	0000-0003-3413-2653	PL
10.1080/00275514.2022.2031493	0000-0001-8742-6685	US
10.1080/00275514.2022.2031780	0000-0002-7568-238X	HU
10.1080/00275514.2022.2031780	0000-0002-9053-7973	US
10.1080/00275514.2022.2035148	0000-0001-6476-8324	AR
10.1080/00275514.2022.2035148	0000-0002-9960-8838	AR
10.1080/00275514.2022.2035156	0000-0001-8328-8764	ID
10.1080/00275514.2022.2037338	0000-0001-9594-1927	US
10.1080/00275514.2022.2037338	0000-0002-0878-0932	US
10.1080/00275514.2022.2037338	0000-0002-7262-8978	US
10.1080/00275514.2022.2037339	0000-0003-4524-0617	NO
10.1080/00275514.2022.2048625	0000-0001-8742-6685	US
10.1080/00275514.2022.2051972	0000-0001-6103-1247	UA
10.1080/00275514.2022.2058853	0000-0003-0761-9116	NZ
10.1080/00275514.2022.2058853	0000-0003-3359-6165	US
10.1080/00275514.2022.2058854	0000-0002-5966-1423	MX
10.1080/00275514.2022.2059639	0000-0001-8453-9721	EE
10.1080/00275514.2022.2059639	0000-0003-4994-3897	NZ
10.1080/00275514.2022.2060007	0000-0002-2423-3058	IN
10.1080/00275514.2022.2060007	0000-0002-5312-5216	IN
10.1080/00275514.2022.2060007	0000-0002-8795-643X	IN
10.1080/00275514.2022.2060008	0000-0002-2127-273X	US
10.1080/00275514.2022.2065441	0000-0002-4059-4435	US
10.1080/00275514.2022.2065443	0000-0003-2075-0776	HU
10.1080/00275514.2022.2065781	0000-0003-1564-9446	CN
10.1080/00275514.2022.2065781	0000-0003-2501-5607	CN
10.1080/00275514.2022.2071119	0000-0001-8328-8764	ID
10.1080/00275514.2022.2071563	0000-0001-8877-4796	CA
10.1080/00275514.2022.2072140	0000-0002-2406-7862	PE
10.1080/00275514.2022.2072140	0000-0002-6135-2873	ES
10.1080/00275514.2022.2079368	0000-0001-6476-8324	AR
10.1080/00275514.2022.2079368	0000-0002-9758-0595	AR
10.1080/00275514.2022.2084672	0000-0001-5435-6182	BR
10.1080/00275514.2022.2084672	0000-0001-5708-9091	US
10.1080/00275514.2022.2084672	0000-0001-8920-4760	BR
10.1080/00275514.2022.2084672	0000-0002-8286-1597	DE
10.1080/00275514.2022.2084672	0000-0003-3785-7457	EC
10.1080/00275514.2022.2092365	0000-0001-5435-6182	BR
10.1080/00275514.2022.2092365	0000-0001-8920-4760	BR
10.1080/00275514.2022.2092365	0000-0003-2624-302X	BR
10.1080/00275514.2022.2094046	0000-0002-1288-0397	FR
10.1080/00275514.2022.2096822	0000-0002-2943-8669	US
10.1080/00275514.2022.2109914	0000-0003-1868-1265	BE
10.1080/00275514.2022.2111052	0000-0002-8308-956X	JP
10.1080/00275514.2022.2115284	0000-0001-9885-4634	CO
10.1080/00275514.2022.2115284	0000-0002-0878-0932	US
10.1080/00275514.2022.2115284	0000-0003-0539-9711	CO
10.1080/00275514.2022.2115284	0000-0003-3184-4604	CN
10.1080/00275514.2022.2118512	0000-0002-3290-4966	MY
10.1080/00275514.2022.2118512	0000-0002-9226-5545	MY
10.1080/00275514.2022.2118512	0000-0003-1991-2563	US
10.1080/00275514.2022.2119761	0000-0002-3385-2520	TR
10.1080/00275514.2022.2119761	0000-0002-7568-238X	HU
10.1080/00275514.2022.2135915	0000-0002-4396-4630	ZA
10.1080/00275514.2022.2135915	0000-0003-2367-5353	ZA
10.1080/00275514.2022.2139144	0000-0002-0878-0932	US
10.1080/00275514.2022.2146473	0000-0003-2297-8088	US
10.1080/00275514.2022.2146473	0000-0003-3216-6948	EG
10.1080/0028825X.2022.2064758	0000-0002-8147-5643	NZ
10.1080/0028825X.2022.2064758	0000-0003-0028-7227	NZ
10.1080/00305316.2021.2023056	0000-0001-7266-4912	IN
10.1080/00305316.2021.2023680	0000-0003-0800-1633	JP
10.1080/00305316.2021.2024465	0000-0003-2590-5781	PK
10.1080/00305316.2022.2033335	0000-0002-1563-2049	DZ
10.1080/00305316.2022.2033335	0000-0003-4648-9668	DZ
10.1080/00318884.2021.2005330	0000-0001-6124-9676	JP
10.1080/00318884.2021.2005330	0000-0001-7003-3850	ES
10.1080/00318884.2021.2005330	0000-0001-7092-6931	IT
10.1080/00318884.2021.2005330	0000-0002-9352-3569	IT
10.1080/00318884.2022.2025727	0000-0002-7397-5808	RU
10.1080/00318884.2022.2025727	0000-0003-2090-4114	RU
10.1080/00318884.2022.2031781	0000-0001-9251-943X	BR
10.1080/00318884.2022.2031781	0000-0003-0078-2244	BR
10.1080/00318884.2022.2031781	0000-0003-1201-3290	CZ
10.1080/00318884.2022.2034364	0000-0002-5035-0426	FR
10.1080/00318884.2022.2035169	0000-0003-0293-6964	TR
10.1080/00318884.2022.2035169	0000-0003-4680-4867	ES
10.1080/00318884.2022.2045080	0000-0002-5979-6993	PE
10.1080/00318884.2022.2046933	0000-0001-9507-0105	KR
10.1080/00318884.2022.2054252	0000-0003-1201-3290	CZ
10.1080/00318884.2022.2062189	0000-0003-0028-7227	NZ
10.1080/00318884.2022.2073422	0000-0002-4207-5022	BR
10.1080/00318884.2022.2073422	0000-0003-4680-4867	ES
10.1080/00318884.2022.2080996	0000-0002-2106-8958	JP
10.1080/00318884.2022.2086428	0000-0003-4710-319X	UA
10.1080/00318884.2022.2133269	0000-0001-7142-5995	ES
10.1080/00318884.2022.2133269	0000-0002-8590-2243	BR
10.1080/00379271.2022.2033641	0000-0002-4921-0178	ES
10.1080/00379271.2022.2037461	0000-0001-6463-8335	FR
10.1080/00379271.2022.2037461	0000-0003-3866-3099	FR
10.1080/00379271.2022.2042853	0000-0003-4334-6629	UA
10.1080/00379271.2022.2062446	0000-0002-3680-5172	FR
10.1080/00379271.2022.2081606	0000-0002-3680-5172	FR
10.1080/00379271.2022.2084641	0000-0002-0529-4162	BR
10.1080/00379271.2022.2099972	0000-0003-2003-6767	DZ
10.1080/00379271.2022.2101526	0000-0002-8297-5527	PT
10.1080/00379271.2022.2113341	0000-0002-8284-6215	FR
10.1080/00379271.2022.2120536	0000-0002-7681-5957	ES
10.1080/00379271.2022.2124191	0000-0002-3680-5172	FR
10.1080/00379271.2022.2125071	0000-0001-5627-835X	SV
10.1080/00379271.2022.2125071	0000-0003-3198-7322	MX
10.1080/00379271.2022.2129450	0000-0002-1565-5216	ES
10.1080/00379271.2022.2147864	0000-0002-6358-757X	CO
10.1080/00379271.2022.2147864	0000-0003-4612-452X	AR
10.1080/01647954.2022.2033319	0000-0002-0913-131X	RU
10.1080/01647954.2022.2033319	0000-0003-2928-5727	RU
10.1080/01647954.2022.2042382	0000-0002-0306-112X	RU
10.1080/01647954.2022.2056244	0000-0002-6380-5629	TR
10.1080/01647954.2022.2056244	0000-0003-4056-0822	TR
10.1080/01647954.2022.2056245	0000-0002-0913-131X	RU
10.1080/01647954.2022.2062049	0000-0001-7548-2671	RU
10.1080/01650424.2022.2050261	0000-0003-2136-0497	CA
10.1080/01650424.2022.2056202	0000-0002-9875-7735	IR
10.1080/01650521.2021.2024054	0000-0002-2329-5601	BR
10.1080/01650521.2021.2024054	0000-0002-5346-4074	BR
10.1080/01650521.2021.2024055	0000-0001-5681-8790	BR
10.1080/01650521.2021.2024055	0000-0002-4819-9720	BR
10.1080/01650521.2021.2024055	0000-0003-3983-7169	BR
10.1080/01650521.2021.2024055	0000-0003-4379-5993	BR
10.1080/01650521.2022.2035119	0000-0002-3119-6945	CO
10.1080/01650521.2022.2046962	0000-0003-1701-5930	BR
10.1080/01650521.2022.2046962	0000-0003-4624-0539	BR
10.1080/01650521.2022.2052685	0000-0001-9219-4241	AR
10.1080/01650521.2022.2053459	0000-0002-7963-1205	BR
10.1080/01650521.2022.2057159	0000-0002-5141-0056	BR
10.1080/01650521.2022.2057159	0000-0002-9814-0954	BR
10.1080/01650521.2022.2057159	0000-0003-3681-9766	BR
10.1080/01650521.2022.2060544	0000-0002-7750-590X	BR
10.1080/01650521.2022.2062184	0000-0002-8174-7418	BR
10.1080/01650521.2022.2062184	0000-0003-2421-6239	BR
10.1080/01650521.2022.2065738	0000-0002-9990-9681	BR
10.1080/01650521.2022.2068223	0000-0003-4959-923X	FR
10.1080/01650521.2022.2070097	0000-0003-2655-5752	MX
10.1080/01650521.2022.2076964	0000-0002-3215-3592	CO
10.1080/01650521.2022.2076964	0000-0002-4182-5143	CO
10.1080/01650521.2022.2081466	0000-0002-3502-9407	MX
10.1080/01650521.2022.2085018	0000-0002-2457-6245	BR
10.1080/01650521.2022.2095832	0000-0001-6276-8590	BR
10.1080/01650521.2022.2095832	0000-0002-5655-8703	BR
10.1080/01650521.2022.2095832	0000-0003-3288-4405	BR
10.1080/01650521.2022.2099679	0000-0002-6789-2504	PA
10.1080/01650521.2022.2113853	0000-0001-9461-2347	BR
10.1080/01650521.2022.2113853	0000-0003-3927-5629	BR
10.1080/01650521.2022.2129020	0000-0002-9814-0954	BR
10.1080/01650521.2022.2129020	0000-0003-4448-3940	BR
10.1080/01650521.2022.2147045	0000-0002-0792-5925	BR
10.1080/01650521.2022.2147045	0000-0002-3671-3876	BR
10.1080/01650521.2022.2147045	0000-0002-6189-9756	BR
10.1080/01650521.2022.2147045	0000-0002-8174-7418	BR
10.1080/0269249X.2022.2033327	0000-0001-5330-0494	LU
10.1080/0269249X.2022.2033327	0000-0001-8197-7080	FR
10.1080/0269249X.2022.2033327	0000-0003-1306-3054	FR
10.1080/03115518.2021.2012595	0000-0002-0304-4039	AU
10.1080/03115518.2021.2012595	0000-0002-4940-3391	AU
10.1080/03115518.2021.2012595	0000-0003-1734-4742	AU
10.1080/03736687.2022.2041799	0000-0002-1461-9491	ES
10.1080/08912963.2021.2018686	0000-0002-4827-7290	RU
10.1080/08912963.2021.2023138	0000-0003-1633-2248	ES
10.1080/08912963.2021.2025364	0000-0002-0573-7138	PT
10.1080/08912963.2022.2089982	0000-0002-5819-8254	ES
10.1080/08912963.2022.2089982	0000-0003-1981-8147	ES
10.1080/08912963.2022.2089982	0000-0003-3381-7490	ES
10.1080/08912963.2022.2109966	0000-0001-7985-9843	ES
10.1080/08912963.2022.2109966	0000-0003-1117-6629	PT
10.1080/08912963.2022.2117039	0000-0001-7165-3023	LV
10.1080/08912963.2022.2117039	0000-0003-4390-5443	RU
10.1080/08912963.2022.2134783	0000-0002-0974-2065	CZ
10.1080/09397140.2022.2030533	0000-0001-9839-4201	TR
10.1080/09397140.2022.2030533	0000-0002-7903-2886	TR
10.1080/09397140.2022.2109827	0000-0002-7085-2378	TR
10.1080/09397140.2022.2145796	0000-0003-3193-0377	US
10.1080/09670262.2022.2029950	0000-0002-5655-2627	TW
10.1080/11263504.2022.2100504	0000-0001-5532-166X	ES
10.1080/11263504.2022.2100504	0000-0001-9729-0494	PT
10.1080/13235818.2022.2035889	0000-0001-5103-8592	AU
10.1080/13235818.2022.2102887	0000-0002-3209-4940	RU
10.1080/14772000.2022.2030424	0000-0003-0094-2594	BR
10.1080/14772000.2022.2030425	0000-0003-4917-1188	AR
10.1080/14772000.2022.2039317	0000-0001-7035-8276	BR
10.1080/14772000.2022.2039317	0000-0003-4586-5633	BR
10.1080/14772000.2022.2046199	0000-0002-1047-8185	US
10.1080/14772000.2022.2116124	0000-0001-5398-3942	PT
10.1080/14772000.2022.2116124	0000-0002-1538-0320	GR
10.1080/14772000.2022.2116124	0000-0002-1675-1090	BR
10.1080/14772000.2022.2116124	0000-0002-1689-2985	PT
10.1080/14772000.2022.2116124	0000-0002-2228-2673	PT
10.1080/14772000.2022.2116124	0000-0002-5188-7305	NO
10.1080/14772000.2022.2116124	0000-0003-3665-8683	IT
10.1080/14772000.2022.2116124	0000-0003-4880-3323	PT
10.1080/14772000.2022.2118389	0000-0002-8760-2869	JP
10.1080/21505594.2022.2026037	0000-0001-7740-4570	DE
10.1080/21505594.2022.2026037	0000-0002-6028-0425	DE
10.1080/21564574.2021.1998233	0000-0002-4083-6561	ZA
10.1080/21564574.2021.1998233	0000-0002-7778-1963	ZA
10.1080/21564574.2021.1998235	0000-0003-2711-4393	MA
10.1080/21564574.2021.1998236	0000-0002-7778-1963	ZA
10.1080/21564574.2021.2019838	0000-0002-1184-5362	ZA
10.1080/21564574.2021.2019838	0000-0002-2590-4386	ZA
10.1080/21564574.2021.2019838	0000-0002-7778-1963	ZA
10.1080/21564574.2021.2019839	0000-0001-8867-3709	ZA
10.1080/21564574.2021.2019839	0000-0002-0772-0305	ZA
10.1080/21564574.2021.2019839	0000-0002-7813-9753	ZA
10.1080/21564574.2022.2043945	0000-0002-8252-0880	TZ
10.1080/21564574.2022.2043945	0000-0002-9601-855X	CH
10.1080/21564574.2022.2055652	0000-0001-8565-4350	DE
10.1080/21564574.2022.2098392	0000-0002-7778-1963	ZA
10.1080/23818107.2022.2095671	0000-0001-5330-0494	LU
10.1080/23818107.2022.2095671	0000-0001-7148-9964	BR
10.1080/23818107.2022.2095671	0000-0002-9745-015X	BR
10.1080/23818107.2022.2124452	0000-0001-5739-7270	ES
10.1080/23818107.2022.2124452	0000-0002-7279-049X	ES
10.1089/scd.2021.0253	0000-0003-2948-3264	JP
10.1093/aob/mcac001	0000-0001-9902-7681	GB
10.1093/aob/mcac001	0000-0003-3579-8668	CN
10.1093/femsle/fnac066	0000-0001-8463-8885	FR
10.1093/femsle/fnac086	0000-0003-3656-9808	FR
10.1093/femsle/fnac112	0000-0003-0828-3802	TW
10.1093/isd/ixab027	0000-0003-4801-8624	US
10.1093/isd/ixab029	0000-0003-2520-8556	AR
10.1093/isd/ixab030	0000-0002-6047-8271	ES
10.1093/isd/ixac001	0000-0003-4801-8624	US
10.1093/isd/ixac002	0000-0002-5703-9219	KZ
10.1093/isd/ixac004	0000-0002-2447-4388	ES
10.1093/isd/ixac009	0000-0002-1514-7916	NZ
10.1093/isd/ixac009	0000-0003-1462-7106	NZ
10.1093/isd/ixac016	0000-0002-4059-4435	US
10.1093/isd/ixac017	0000-0002-3680-5172	FR
10.1093/isd/ixac017	0000-0003-1673-9910	FR
10.1093/isd/ixac019	0000-0002-7051-8249	US
10.1093/isd/ixac020	0000-0003-2898-389X	BR
10.1093/isd/ixac027	0000-0002-1467-0078	AU
10.1093/isd/ixac027	0000-0002-1514-7916	NZ
10.1093/isd/ixac027	0000-0003-1462-7106	NZ
10.1093/isd/ixac030	0000-0002-0701-9527	PH
10.1093/isd/ixac030	0000-0002-1166-4756	TW
10.1093/jcbiol/ruab070	0000-0003-0341-0809	ES
10.1093/jcbiol/ruab083	0000-0001-8418-7500	IN
10.1093/jcbiol/ruac013	0000-0002-9532-6972	ES
10.1093/jme/tjac098	0000-0002-1930-3357	BR
10.1093/zoolinnean/zlab086	0000-0002-3724-4610	US
10.1093/zoolinnean/zlab100	0000-0002-2228-2673	PT
10.1093/zoolinnean/zlab107	0000-0002-9982-7416	GR
10.1093/zoolinnean/zlab107	0000-0003-3213-2502	CY
10.1093/zoolinnean/zlab109	0000-0002-9231-0545	RU
10.1093/zoolinnean/zlab109	0000-0002-9668-945X	NO
10.1093/zoolinnean/zlab113	0000-0002-7210-1033	ES
10.1093/zoolinnean/zlab113	0000-0003-1253-3616	PT
10.1093/zoolinnean/zlab118	0000-0002-8808-6747	BE
10.1093/zoolinnean/zlab118	0000-0003-3851-1618	BE
10.1093/zoolinnean/zlab119	0000-0002-3290-5416	CN
10.1093/zoolinnean/zlab122	0000-0003-2619-3296	TW
10.1093/zoolinnean/zlab123	0000-0002-6996-5682	GB
10.1093/zoolinnean/zlab127	0000-0003-3472-8035	GB
10.1093/zoolinnean/zlac004	0000-0001-5566-1189	MX
10.1093/zoolinnean/zlac010	0000-0002-7471-4992	DE
10.1093/zoolinnean/zlac021	0000-0002-7210-1033	ES
10.1093/zoolinnean/zlac025	0000-0002-3179-4769	US
10.1093/zoolinnean/zlac026	0000-0003-3906-0863	US
10.1093/zoolinnean/zlac028	0000-0002-0817-4801	CN
10.1093/zoolinnean/zlac032	0000-0002-3531-0821	ES
10.1093/zoolinnean/zlac034	0000-0002-3704-2381	DE
10.1093/zoolinnean/zlac034	0000-0002-6744-6811	DE
10.1093/zoolinnean/zlac036	0000-0002-3335-0029	CN
10.1093/zoolinnean/zlac036	0000-0002-6243-5988	PT
10.1093/zoolinnean/zlac040	0000-0002-4250-5600	DE
10.1093/zoolinnean/zlac040	0000-0002-7875-4510	DE
10.1093/zoolinnean/zlac040	0000-0003-0942-9463	DE
10.1093/zoolinnean/zlac041	0000-0002-0100-3735	BR
10.1093/zoolinnean/zlac041	0000-0002-8666-9340	IT
10.1093/zoolinnean/zlac044	0000-0001-8634-2295	IT
10.1093/zoolinnean/zlac044	0000-0002-1980-7109	AR
10.1093/zoolinnean/zlac048	0000-0003-1281-0281	BR
10.1093/zoolinnean/zlac052	0000-0002-2447-4388	ES
10.1093/zoolinnean/zlac052	0000-0003-1791-2148	RO
10.1093/zoolinnean/zlac053	0000-0001-6301-7959	PL
10.1093/zoolinnean/zlac053	0000-0002-7973-0430	FR
10.1093/zoolinnean/zlac053	0000-0003-3067-077X	US
10.1093/zoolinnean/zlac058	0000-0002-3718-526X	DK
10.1093/zoolinnean/zlac064	0000-0001-5900-8048	FR
10.1093/zoolinnean/zlac064	0000-0002-3680-5172	FR
10.1093/zoolinnean/zlac064	0000-0003-3067-077X	US
10.1093/zoolinnean/zlac069	0000-0001-7971-4329	ES
10.1093/zoolinnean/zlac069	0000-0002-6033-8412	BE
10.1093/zoolinnean/zlac071	0000-0001-7179-9989	ZA
10.1093/zoolinnean/zlac071	0000-0002-2696-3230	SZ
10.1093/zoolinnean/zlac071	0000-0003-1906-4023	SZ
10.1094/PDIS-01-22-0097-RE	0000-0002-3287-2140	CN
10.1094/PDIS-01-22-0097-RE	0000-0002-6780-7066	US
10.1094/PDIS-12-21-2774-PDN	0000-0001-9230-5853	CN
10.1098/rspb.2021.2708	0000-0003-1390-1206	NZ
10.1098/rspb.2022.1102	0000-0003-4585-0300	DK
10.1099/ijsem.0.004616	0000-0002-4364-0505	TW
10.1099/ijsem.0.004616	0000-0003-0828-3802	TW
10.1099/ijsem.0.004616	0000-0003-4445-7080	TW
10.1099/ijsem.0.004620	0000-0001-9529-3317	CH
10.1099/ijsem.0.005178	0000-0001-8555-1255	US
10.1099/ijsem.0.005178	0000-0003-1654-2907	US
10.1099/ijsem.0.005190	0000-0003-3723-9958	GB
10.1099/ijsem.0.005191	0000-0002-0434-1908	TH
10.1099/ijsem.0.005191	0000-0003-0212-3277	TH
10.1099/ijsem.0.005195	0000-0002-2234-8273	EG
10.1099/ijsem.0.005206	0000-0002-2395-0709	CN
10.1099/ijsem.0.005206	0000-0002-7919-4762	CN
10.1099/ijsem.0.005207	0000-0001-8257-7601	ES
10.1099/ijsem.0.005208	0000-0002-0758-9933	CN
10.1099/ijsem.0.005209	0000-0001-5887-6898	NP
10.1099/ijsem.0.005209	0000-0002-7839-1094	KR
10.1099/ijsem.0.005209	0000-0003-4845-3933	KR
10.1099/ijsem.0.005210	0000-0002-5328-7717	CN
10.1099/ijsem.0.005213	0000-0001-9529-3317	CH
10.1099/ijsem.0.005214	0000-0001-8340-821X	IS
10.1099/ijsem.0.005214	0000-0002-0883-9025	IS
10.1099/ijsem.0.005219	0000-0001-8451-9579	HU
10.1099/ijsem.0.005219	0000-0002-2251-4091	DE
10.1099/ijsem.0.005219	0000-0003-0471-5807	HU
10.1099/ijsem.0.005222	0000-0002-4793-7322	RU
10.1099/ijsem.0.005222	0000-0003-1343-2550	RU
10.1099/ijsem.0.005223	0000-0002-3601-2316	FR
10.1099/ijsem.0.005223	0000-0002-3601-2316	FR
10.1099/ijsem.0.005223	0000-0003-0046-3577	ES
10.1099/ijsem.0.005225	0000-0002-0045-1368	US
10.1099/ijsem.0.005225	0000-0002-1833-0695	US
10.1099/ijsem.0.005228	0000-0001-9273-966X	PT
10.1099/ijsem.0.005228	0000-0002-2251-4091	DE
10.1099/ijsem.0.005228	0000-0002-2313-3389	DE
10.1099/ijsem.0.005228	0000-0002-6957-4673	PT
10.1099/ijsem.0.005230	0000-0002-3166-1528	KR
10.1099/ijsem.0.005231	0000-0001-6303-9867	PH
10.1099/ijsem.0.005231	0000-0001-8961-9966	KR
10.1099/ijsem.0.005233	0000-0002-4496-152X	GB
10.1099/ijsem.0.005234	0000-0001-5253-7182	AR
10.1099/ijsem.0.005234	0000-0002-6317-2761	AR
10.1099/ijsem.0.005236	0000-0002-3420-7777	CN
10.1099/ijsem.0.005236	0000-0003-2602-9875	CN
10.1099/ijsem.0.005238	0000-0003-2628-2870	KR
10.1099/ijsem.0.005239	0000-0001-9525-3155	JP
10.1099/ijsem.0.005240	0000-0002-1900-7099	ES
10.1099/ijsem.0.005240	0000-0002-5756-1517	ES
10.1099/ijsem.0.005241	0000-0002-2260-2534	CN
10.1099/ijsem.0.005243	0000-0001-8957-2520	GB
10.1099/ijsem.0.005243	0000-0002-1265-8251	IT
10.1099/ijsem.0.005243	0000-0002-3635-6813	RS
10.1099/ijsem.0.005247	0000-0003-1420-8323	CA
10.1099/ijsem.0.005248	0000-0002-2234-8273	EG
10.1099/ijsem.0.005249	0000-0001-8726-0865	JP
10.1099/ijsem.0.005252	0000-0003-1184-3794	PT
10.1099/ijsem.0.005254	0000-0001-8450-7199	TH
10.1099/ijsem.0.005254	0000-0002-0999-078X	TH
10.1099/ijsem.0.005254	0000-0002-7445-0819	TH
10.1099/ijsem.0.005255	0000-0001-7583-223X	TW
10.1099/ijsem.0.005263	0000-0001-6988-2791	CN
10.1099/ijsem.0.005263	0000-0003-0312-6824	CN
10.1099/ijsem.0.005263	0000-0003-0369-1225	CN
10.1099/ijsem.0.005266	0000-0001-7420-1460	US
10.1099/ijsem.0.005272	0000-0003-3119-2925	KR
10.1099/ijsem.0.005276	0000-0001-9398-3701	CN
10.1099/ijsem.0.005276	0000-0002-8608-6022	CN
10.1099/ijsem.0.005277	0000-0002-6865-2502	TH
10.1099/ijsem.0.005278	0000-0002-3622-4642	JP
10.1099/ijsem.0.005278	0000-0002-3722-1128	JP
10.1099/ijsem.0.005280	0000-0003-0257-0982	CN
10.1099/ijsem.0.005283	0000-0002-2473-6202	DE
10.1099/ijsem.0.005285	0000-0003-0257-0982	CN
10.1099/ijsem.0.005288	0000-0003-0362-1454	DE
10.1099/ijsem.0.005289	0000-0002-4490-7347	US
10.1099/ijsem.0.005290	0000-0001-9861-0197	KR
10.1099/ijsem.0.005291	0000-0001-9469-8857	CN
10.1099/ijsem.0.005296	0000-0001-8961-9966	KR
10.1099/ijsem.0.005296	0000-0003-1110-6655	VN
10.1099/ijsem.0.005304	0000-0002-6620-364X	CN
10.1099/ijsem.0.005306	0000-0001-7127-5034	KR
10.1099/ijsem.0.005309	0000-0002-8269-4020	CZ
10.1099/ijsem.0.005312	0000-0002-1144-6919	CN
10.1099/ijsem.0.005312	0000-0002-8070-2154	CN
10.1099/ijsem.0.005316	0000-0001-6854-8417	CN
10.1099/ijsem.0.005316	0000-0002-2517-538X	CN
10.1099/ijsem.0.005319	0000-0001-5064-497X	DE
10.1099/ijsem.0.005319	0000-0001-5897-3911	DE
10.1099/ijsem.0.005319	0000-0003-0970-7304	DE
10.1099/ijsem.0.005321	0000-0001-8712-6623	CN
10.1099/ijsem.0.005322	0000-0003-2640-0793	IN
10.1099/ijsem.0.005324	0000-0002-3166-1528	KR
10.1099/ijsem.0.005326	0000-0001-5172-6643	CN
10.1099/ijsem.0.005328	0000-0002-0807-6080	SE
10.1099/ijsem.0.005328	0000-0003-0038-553X	SE
10.1099/ijsem.0.005328	0000-0003-2150-8762	SE
10.1099/ijsem.0.005333	0000-0001-5064-497X	DE
10.1099/ijsem.0.005333	0000-0001-5897-3911	DE
10.1099/ijsem.0.005333	0000-0003-0970-7304	DE
10.1099/ijsem.0.005336	0000-0002-4364-0505	TW
10.1099/ijsem.0.005336	0000-0003-0828-3802	TW
10.1099/ijsem.0.005336	0000-0003-4445-7080	TW
10.1099/ijsem.0.005341	0000-0002-3420-7777	CN
10.1099/ijsem.0.005341	0000-0003-1587-0634	CN
10.1099/ijsem.0.005342	0000-0001-5871-0062	CN
10.1099/ijsem.0.005347	0000-0002-4175-0532	JP
10.1099/ijsem.0.005349	0000-0001-9556-5175	CN
10.1099/ijsem.0.005349	0000-0002-0914-2465	US
10.1099/ijsem.0.005353	0000-0001-5962-2259	DE
10.1099/ijsem.0.005353	0000-0001-8866-0633	IT
10.1099/ijsem.0.005353	0000-0002-2857-0529	TW
10.1099/ijsem.0.005353	0000-0002-5650-1512	IT
10.1099/ijsem.0.005353	0000-0003-2398-4850	IT
10.1099/ijsem.0.005355	0000-0002-3705-2459	JP
10.1099/ijsem.0.005356	0000-0002-6865-2502	TH
10.1099/ijsem.0.005359	0000-0002-4140-7486	CN
10.1099/ijsem.0.005369	0000-0002-7776-985X	KR
10.1099/ijsem.0.005372	0000-0002-2360-8364	DE
10.1099/ijsem.0.005373	0000-0003-0180-6682	CN
10.1099/ijsem.0.005374	0000-0001-5851-6964	NZ
10.1099/ijsem.0.005376	0000-0003-3119-2925	KR
10.1099/ijsem.0.005379	0000-0002-3622-4642	JP
10.1099/ijsem.0.005387	0000-0002-1575-5225	CH
10.1099/ijsem.0.005387	0000-0002-8975-0726	CH
10.1099/ijsem.0.005391	0000-0001-7127-5034	KR
10.1099/ijsem.0.005396	0000-0002-4228-1432	CN
10.1099/ijsem.0.005397	0000-0002-8608-6022	CN
10.1099/ijsem.0.005405	0000-0002-3166-1528	KR
10.1099/ijsem.0.005408	0000-0003-0501-2556	AT
10.1099/ijsem.0.005418	0000-0002-0359-0398	IR
10.1099/ijsem.0.005424	0000-0001-5659-0407	JP
10.1099/ijsem.0.005424	0000-0002-6804-8081	JP
10.1099/ijsem.0.005427	0000-0002-5887-2050	US
10.1099/ijsem.0.005428	0000-0003-0086-6376	TH
10.1099/ijsem.0.005429	0000-0002-0274-8931	SG
10.1099/ijsem.0.005430	0000-0002-6865-2502	TH
10.1099/ijsem.0.005446	0000-0003-2767-1034	BR
10.1099/ijsem.0.005446	0000-0003-4456-4345	BR
10.1099/ijsem.0.005460	0000-0001-7707-2705	TR
10.1099/ijsem.0.005461	0000-0002-4447-8968	SE
10.1099/ijsem.0.005466	0000-0002-1137-6199	TW
10.1099/ijsem.0.005467	0000-0001-7971-4337	DE
10.1099/ijsem.0.005467	0000-0002-3393-1333	CZ
10.1099/ijsem.0.005467	0000-0002-9076-8210	CZ
10.1099/ijsem.0.005469	0000-0002-0036-4651	US
10.1099/ijsem.0.005474	0000-0001-6721-6680	CN
10.1099/ijsem.0.005481	0000-0001-8463-8885	FR
10.1099/ijsem.0.005481	0000-0001-8903-8053	RU
10.1099/ijsem.0.005482	0000-0002-1243-0767	GB
10.1099/ijsem.0.005482	0000-0003-1807-3657	GB
10.1099/ijsem.0.005486	0000-0003-3583-0285	JP
10.1099/ijsem.0.005489	0000-0002-4175-0532	JP
10.1099/ijsem.0.005489	0000-0003-3583-0285	JP
10.1099/ijsem.0.005492	0000-0001-6854-8417	CN
10.1099/ijsem.0.005492	0000-0002-2517-538X	CN
10.1099/ijsem.0.005493	0000-0003-0208-4300	CN
10.1099/ijsem.0.005494	0000-0002-0402-585X	TH
10.1099/ijsem.0.005497	0000-0003-4216-2721	DE
10.1099/ijsem.0.005498	0000-0001-6048-9723	ES
10.1099/ijsem.0.005501	0000-0001-7621-7810	CN
10.1099/ijsem.0.005501	0000-0002-7560-1033	ES
10.1099/ijsem.0.005501	0000-0003-1240-4144	ES
10.1099/ijsem.0.005510	0000-0002-1891-4869	BE
10.1099/ijsem.0.005510	0000-0003-3932-9121	IE
10.1099/ijsem.0.005512	0000-0001-5916-9634	IT
10.1099/ijsem.0.005512	0000-0002-5084-2615	IT
10.1099/ijsem.0.005513	0000-0002-4347-7082	AT
10.1099/ijsem.0.005513	0000-0003-0501-2556	AT
10.1099/ijsem.0.005523	0000-0001-6854-8417	CN
10.1099/ijsem.0.005525	0000-0002-0869-7346	CL
10.1099/ijsem.0.005525	0000-0002-8761-0500	CL
10.1099/ijsem.0.005530	0000-0002-5069-6056	IT
10.1099/ijsem.0.005530	0000-0002-9626-6318	IT
10.1099/ijsem.0.005541	0000-0002-3393-1333	CZ
10.1099/ijsem.0.005541	0000-0002-9076-8210	CZ
10.1099/ijsem.0.005547	0000-0002-6304-6853	AU
10.1099/ijsem.0.005552	0000-0002-1830-9925	IS
10.1099/ijsem.0.005552	0000-0002-4974-7143	PT
10.1099/ijsem.0.005552	0000-0002-8797-6748	FR
10.1099/ijsem.0.005552	0000-0003-3585-2417	PT
10.1099/ijsem.0.005558	0000-0002-0987-4164	CO
10.1099/ijsem.0.005558	0000-0002-1484-7400	US
10.1099/ijsem.0.005571	0000-0002-0036-6083	SG
10.1099/ijsem.0.005571	0000-0002-6814-5869	CA
10.1099/ijsem.0.005571	0000-0002-9113-1430	BD
10.1099/ijsem.0.005578	0000-0001-6854-8417	CN
10.1099/ijsem.0.005580	0000-0001-8675-0758	CN
10.1099/ijsem.0.005599	0000-0001-5659-0407	JP
10.1099/ijsem.0.005599	0000-0002-6804-8081	JP
10.1099/ijsem.0.005601	0000-0002-2594-875X	CN
10.1099/ijsem.0.005616	0000-0003-2602-9875	CN
10.1099/ijsem.0.005628	0000-0001-8833-642X	ES
10.1099/ijsem.0.005680	0000-0001-8257-7601	ES
10.1099/ijsem.0.005680	0000-0002-0221-9167	MX
10.1101/2022.01.14.476417	0000-0002-5887-2050	US
10.1101/2022.01.26.477889	0000-0002-0036-4651	US
10.1101/2022.03.04.482989	0000-0002-3635-6813	RS
10.1101/2022.03.04.482989	0000-0002-3788-5258	DE
10.1101/2022.03.04.482989	0000-0002-8420-8161	DE
10.1111/1755-0998.13591	0000-0003-2405-0945	ZA
10.1111/aen.12579	0000-0001-8641-4412	AU
10.1111/aen.12583	0000-0001-5569-6330	AU
10.1111/btp.13062	0000-0002-0620-4835	IN
10.1111/btp.13062	0000-0002-0710-1803	IN
10.1111/cla.12503	0000-0001-9407-3566	AT
10.1111/eva.13281	0000-0003-2479-2009	NZ
10.1111/jeu.12902	0000-0001-7198-8026	BR
10.1111/jeu.12902	0000-0002-3449-8375	US
10.1111/jeu.12902	0000-0003-2653-3772	CH
10.1111/jfb.15011	0000-0001-6034-4196	ZA
10.1111/jfb.15011	0000-0002-0906-7098	ZA
10.1111/jfb.15031	0000-0001-8990-8311	IN
10.1111/jfb.15031	0000-0003-1154-601X	TW
10.1111/jfb.15071	0000-0002-0428-638X	BR
10.1111/jfb.15255	0000-0002-8823-0729	US
10.1111/jpy.13234	0000-0003-1201-3290	CZ
10.1111/jpy.13246	0000-0002-5546-1774	CN
10.1111/njb.03326	0000-0002-3264-4869	UA
10.1111/njb.03345	0000-0002-7712-7785	IN
10.1111/njb.03387	0000-0002-5904-6949	IN
10.1111/njb.03387	0000-0003-2320-7218	IN
10.1111/njb.03392	0000-0002-3220-0133	MY
10.1111/njb.03392	0000-0002-4944-4177	MY
10.1111/njb.03392	0000-0002-8057-3217	MY
10.1111/njb.03427	0000-0001-8477-5791	BR
10.1111/njb.03427	0000-0002-8593-5010	BR
10.1111/njb.03455	0000-0001-6576-1618	CN
10.1111/njb.03455	0000-0001-8031-2925	RU
10.1111/njb.03470	0000-0002-0633-5595	NO
10.1111/njb.03471	0000-0002-8613-0943	BE
10.1111/njb.03490	0000-0001-5491-7568	IT
10.1111/njb.03491	0000-0003-3400-6809	PH
10.1111/njb.03507	0000-0002-9870-4983	AR
10.1111/njb.03510	0000-0001-5478-1859	IR
10.1111/njb.03520	0000-0002-8525-9753	SE
10.1111/njb.03520	0000-0002-9648-1878	SE
10.1111/njb.03535	0000-0001-6664-7657	FI
10.1111/njb.03549	0000-0003-1658-2845	CN
10.1111/njb.03550	0000-0001-6924-2321	IN
10.1111/njb.03550	0000-0002-0251-2793	IN
10.1111/njb.03562	0000-0001-7130-3920	BR
10.1111/njb.03564	0000-0002-5131-9084	PH
10.1111/njb.03564	0000-0002-7651-6439	GB
10.1111/njb.03573	0000-0002-7651-6439	GB
10.1111/njb.03579	0000-0001-9905-118X	IN
10.1111/njb.03580	0000-0001-7487-4454	PK
10.1111/njb.03581	0000-0001-5478-1859	IR
10.1111/njb.03601	0000-0002-1462-0070	VN
10.1111/njb.03601	0000-0002-5339-4440	VN
10.1111/njb.03611	0000-0001-7214-5020	CN
10.1111/njb.03632	0000-0002-4207-2956	SE
10.1111/njb.03654	0000-0002-4207-2956	SE
10.1111/njb.03662	0000-0003-4348-6760	CN
10.1111/njb.03670	0000-0001-6125-9305	CN
10.1111/njb.03683	0000-0003-2085-3388	CN
10.1111/njb.03683	0000-0003-3507-9321	CN
10.1111/njb.03684	0000-0003-3676-3264	CN
10.1111/njb.03688	0000-0002-4477-5452	PH
10.1111/njb.03688	0000-0002-5131-9084	PH
10.1111/njb.03706	0000-0003-2866-2869	DE
10.1111/njb.03711	0000-0001-5390-9654	NZ
10.1111/njb.03716	0000-0002-0062-6930	CN
10.1111/njb.03724	0000-0001-5043-2539	CN
10.1111/njb.03731	0000-0002-1548-9465	PH
10.1111/njb.03731	0000-0002-8735-9264	MM
10.1111/njb.03748	0000-0001-8038-8452	IN
10.1111/njb.03806	0000-0001-9855-6645	MX
10.1111/njb.03829	0000-0002-6511-7715	PH
10.1111/nph.17956	0000-0003-1481-4825	CN
10.1111/tbed.14477	0000-0001-8241-0705	US
10.1111/tbed.14477	0000-0002-0021-3036	US
10.1111/tbed.14477	0000-0002-0245-7069	US
10.1111/zsc.12527	0000-0002-0242-3571	CN
10.11158/saa.27.1.1	0000-0003-4652-5278	CN
10.11158/saa.27.10.18	0000-0002-9731-078X	NZ
10.11158/saa.27.10.18	0000-0003-4172-0592	NZ
10.11158/saa.27.10.20	0000-0003-3956-4498	NZ
10.11158/saa.27.10.4	0000-0002-0142-5815	IN
10.11158/saa.27.10.4	0000-0002-2110-3055	IN
10.11158/saa.27.11.16	0000-0003-4172-0592	NZ
10.11158/saa.27.2.2	0000-0003-3060-7666	US
10.11158/saa.27.3.7	0000-0002-0913-131X	RU
10.11158/saa.27.4.12	0000-0002-9502-9820	IT
10.11158/saa.27.4.3	0000-0001-7386-0480	IS
10.11158/saa.27.4.3	0000-0001-7416-3580	PL
10.11158/saa.27.4.3	0000-0002-5626-1205	SK
10.11158/saa.27.4.6	0000-0001-9323-2668	IR
10.11158/saa.27.4.8	0000-0002-1784-8847	BR
10.11158/saa.27.6.4	0000-0002-0306-112X	RU
10.11158/saa.27.7.12	0000-0002-9731-078X	NZ
10.11158/saa.27.7.12	0000-0003-4172-0592	NZ
10.1128/mbio.03421-21	0000-0002-7033-0844	US
10.1128/mra.00030-22	0000-0002-2718-8053	NZ
10.1128/msystems.00016-22	0000-0002-1676-7690	DK
10.1128/msystems.00016-22	0000-0002-6402-1877	DK
10.1128/msystems.00016-22	0000-0003-4135-2670	DK
10.1128/msystems.00016-22	0000-0003-4692-0913	US
10.1139/cjz-2022-0058	0000-0001-9482-7866	BR
10.1139/cjz-2022-0058	0000-0003-4902-1438	BR
10.1155/2022/7151655	0000-0001-7276-3785	DZ
10.1155/2022/7151655	0000-0001-7310-3842	TN
10.1159/000523747	0000-0002-0130-5047	BR
10.1159/000523747	0000-0003-4310-4865	BR
10.11609/jott.5942.14.1.20433-20443	0000-0001-9656-0368	IN
10.11609/jott.5942.14.1.20433-20443	0000-0002-2371-6015	IN
10.11609/jott.5942.14.1.20433-20443	0000-0002-5928-5691	IN
10.11609/jott.6178.14.3.20703-20712	0000-0003-0580-7682	NP
10.11609/jott.6458.14.8.21508-21528	0000-0001-7619-5842	IN
10.11609/jott.6583.14.2.20576-20583	0000-0002-1351-2086	IN
10.11609/jott.6659.14.11.22156-22163	0000-0002-9009-7867	NP
10.11609/jott.6754.14.3.20758-20772	0000-0002-5835-718X	IN
10.11609/jott.6900.14.8.21605-21611	0000-0003-0115-4602	IN
10.11609/jott.7021.14.2.20584-20596	0000-0003-2995-9111	MY
10.11609/jott.7133.14.7.21432-21441	0000-0002-7674-006X	IN
10.11609/jott.7165.14.3.20747-20757	0000-0002-1162-0040	IN
10.11609/jott.7275.14.4.20943-20945	0000-0002-1695-2052	BD
10.11609/jott.7327.14.4.20908-20914	0000-0003-1503-2059	IN
10.11609/jott.7360.14.6.21266-21281	0000-0003-4331-8580	IN
10.11609/jott.7445.14.4.20926-20929	0000-0001-5666-4816	IN
10.11609/jott.7553.14.12.22270-22276	0000-0003-2361-3929	IN
10.11609/jott.7558.14.2.20672-20676	0000-0002-5756-0151	DE
10.11609/jott.7560.14.1.20478-20487	0000-0002-0620-7884	LK
10.11609/jott.7572.14.6.21127-21139	0000-0002-9351-9746	ID
10.11609/jott.7572.14.6.21127-21139	0000-0003-4811-0332	ID
10.11609/jott.7575.14.3.20733-20739	0000-0001-9483-2569	IN
10.11609/jott.7592.14.8.21529-21552	0000-0001-5542-8352	IN
10.11609/jott.7606.14.5.21084-21090	0000-0001-6541-2362	IN
10.11609/jott.7606.14.5.21084-21090	0000-0003-2771-4807	IN
10.11609/jott.7607.14.4.20821-20827	0000-0002-1142-8358	IN
10.11609/jott.7613.14.8.21619-21641	0000-0002-8701-0484	IN
10.11609/jott.7650.14.9.21818-21825	0000-0002-4708-1915	MY
10.11609/jott.7652.14.1.20511-20516	0000-0001-5386-6842	IN
10.11609/jott.7670.14.1.20488-20493	0000-0002-1362-6948	IN
10.11609/jott.7677.14.2.20692-20694	0000-0001-5386-6842	IN
10.11609/jott.7681.14.6.21179-21189	0000-0003-0958-0526	BT
10.11609/jott.7718.14.4.20946-20950	0000-0002-0782-1480	BT
10.11609/jott.7730.14.4.20903-20907	0000-0002-2918-7409	NP
10.11609/jott.7761.14.6.21149-21154	0000-0002-9818-3356	TW
10.11609/jott.7769.14.4.20930-20934	0000-0001-5281-5947	IN
10.11609/jott.7779.14.4.20935-20938	0000-0003-0679-7789	IN
10.11609/jott.7785.14.9.21853-21861	0000-0002-2404-0387	ID
10.11609/jott.7790.14.3.20786-20791	0000-0003-0047-3943	BD
10.11609/jott.7801.14.4.20890-20902	0000-0001-5840-1665	IN
10.11609/jott.7808.14.7.21402-21408	0000-0002-7698-9076	ES
10.11609/jott.7810.14.2.20666-20671	0000-0002-4439-5089	PE
10.11609/jott.7816.14.9.21786-21796	0000-0001-8636-7820	IN
10.11609/jott.7819.14.7.21442-21448	0000-0001-7205-2932	IN
10.11609/jott.7841.14.12.22232-22259	0000-0001-7191-0720	PK
10.11609/jott.7841.14.12.22232-22259	0000-0002-7685-3478	CN
10.11609/jott.7846.14.8.21745-21748	0000-0001-9372-681X	IN
10.11609/jott.7861.14.11.22086-22097	0000-0001-5143-9388	IN
10.11609/jott.7870.14.7.21396-21401	0000-0003-0580-7682	NP
10.11609/jott.7890.14.4.20939-20942	0000-0002-4500-9434	IN
10.11609/jott.7897.14.12.22341-22345	0000-0001-6788-3862	IN
10.11609/jott.7936.14.6.21161-21169	0000-0002-8593-689X	IN
10.11609/jott.7953.14.12.22221-22231	0000-0002-8679-837X	IN
10.11609/jott.7955.14.8.21736-21738	0000-0002-0329-7490	IN
10.11609/jott.7955.14.8.21736-21738	0000-0002-3874-1475	IN
10.11609/jott.7955.14.8.21736-21738	0000-0002-7442-0505	IN
10.11609/jott.7957.14.9.21836-21844	0000-0001-9954-1189	BT
10.11609/jott.7957.14.9.21836-21844	0000-0002-2561-5621	BT
10.11609/jott.7957.14.9.21836-21844	0000-0002-3171-495X	BT
10.11609/jott.7986.14.7.21449-21452	0000-0002-2706-0236	IN
10.11609/jott.8010.14.12.22293-22308	0000-0001-6786-846X	IN
10.11609/jott.8010.14.12.22293-22308	0000-0002-9471-9248	IN
10.11609/jott.8040.14.12.22277-22292	0000-0002-8254-1323	IN
10.11609/jott.8092.14.12.22329-22336	0000-0002-1856-1063	IN
10.11609/jott.8100.14.11.22201-22202	0000-0002-4545-6947	IN
10.11609/jott.8167.14.12.22337-22340	0000-0002-8263-0078	BR
10.11609/jott.8167.14.12.22337-22340	0000-0002-8556-5507	BR
10.11609/jott.8282.14.11.22205-22206	0000-0003-0260-2999	IN
10.11609/jott.8304.14.12.22354	0000-0002-0329-7490	IN
10.11646/palaeoentomology.5.1.2	0000-0003-3374-6637	CN
10.11646/palaeoentomology.5.2.4	0000-0002-4485-197X	LB
10.11646/palaeoentomology.5.2.5	0000-0001-9247-0031	PL
10.11646/palaeoentomology.5.2.5	0000-0002-2796-9538	PL
10.11646/palaeoentomology.5.2.5	0000-0002-4485-197X	LB
10.11646/palaeoentomology.5.2.7	0000-0002-3992-8282	PL
10.11646/palaeoentomology.5.6.11	0000-0002-4485-197X	LB
10.11646/palaeoentomology.5.6.8	0000-0001-9247-0031	PL
10.11646/palaeoentomology.5.6.8	0000-0002-2796-9538	PL
10.11646/palaeoentomology.5.6.8	0000-0002-4485-197X	LB
10.11646/phytotaxa.530.1.1	0000-0003-4719-3711	IT
10.11646/phytotaxa.530.1.11	0000-0001-7031-7247	CN
10.11646/phytotaxa.530.1.12	0000-0002-6734-6749	IN
10.11646/phytotaxa.530.1.12	0000-0002-9315-9883	IN
10.11646/phytotaxa.530.1.14	0000-0001-5030-6962	SG
10.11646/phytotaxa.530.1.2	0000-0001-7307-4885	CN
10.11646/phytotaxa.530.1.4	0000-0001-9717-5701	BR
10.11646/phytotaxa.530.1.5	0000-0001-7080-0781	CN
10.11646/phytotaxa.530.1.6	0000-0001-9278-0208	MX
10.11646/phytotaxa.530.1.8	0000-0001-7862-9624	BR
10.11646/phytotaxa.530.1.8	0000-0001-9833-0822	BR
10.11646/phytotaxa.530.1.9	0000-0001-8892-0298	IN
10.11646/phytotaxa.530.1.9	0000-0002-1355-9992	IN
10.11646/phytotaxa.530.1.9	0000-0003-3616-5862	IN
10.11646/phytotaxa.530.2.1	0000-0001-5730-3596	LK
10.11646/phytotaxa.530.2.1	0000-0002-4673-606X	CN
10.11646/phytotaxa.530.2.10	0000-0002-0760-4128	CL
10.11646/phytotaxa.530.2.12	0000-0001-9717-5701	BR
10.11646/phytotaxa.530.2.2	0000-0003-1707-4121	MX
10.11646/phytotaxa.530.2.2	0000-0003-4276-6664	MX
10.11646/phytotaxa.530.2.3	0000-0001-7398-9591	ES
10.11646/phytotaxa.530.2.5	0000-0002-0560-7472	AR
10.11646/phytotaxa.530.2.5	0000-0002-5725-4170	BR
10.11646/phytotaxa.530.2.6	0000-0001-6708-6652	RS
10.11646/phytotaxa.530.2.6	0000-0001-8620-7480	RS
10.11646/phytotaxa.530.2.6	0000-0003-1501-0167	RS
10.11646/phytotaxa.530.2.6	0000-0003-3463-5541	RS
10.11646/phytotaxa.530.2.9	0000-0002-5396-5717	CZ
10.11646/phytotaxa.530.2.9	0000-0002-7397-5808	RU
10.11646/phytotaxa.530.3.1	0000-0001-8031-2925	RU
10.11646/phytotaxa.530.3.1	0000-0001-8681-4141	VN
10.11646/phytotaxa.530.3.1	0000-0003-3452-8455	VN
10.11646/phytotaxa.530.3.2	0000-0003-3769-685X	IN
10.11646/phytotaxa.531.1.10	0000-0001-7031-7247	CN
10.11646/phytotaxa.531.1.3	0000-0002-0163-8255	CN
10.11646/phytotaxa.531.1.3	0000-0002-7553-7457	CN
10.11646/phytotaxa.531.1.4	0000-0001-5186-0279	CN
10.11646/phytotaxa.531.1.4	0000-0001-6095-3821	CN
10.11646/phytotaxa.531.1.6	0000-0002-6261-0731	CN
10.11646/phytotaxa.531.1.7	0000-0002-3559-4748	IT
10.11646/phytotaxa.531.1.8	0000-0002-7761-7127	CN
10.11646/phytotaxa.531.1.9	0000-0001-6664-7657	FI
10.11646/phytotaxa.531.2.5	0000-0001-8934-4544	FR
10.11646/phytotaxa.531.2.7	0000-0003-0089-5919	RU
10.11646/phytotaxa.531.3.1	0000-0001-6755-2238	BR
10.11646/phytotaxa.531.3.4	0000-0002-7763-2431	CN
10.11646/phytotaxa.531.3.5	0000-0001-7875-6797	BR
10.11646/phytotaxa.531.3.5	0000-0001-8423-2930	BR
10.11646/phytotaxa.531.3.5	0000-0002-4586-5142	BR
10.11646/phytotaxa.531.3.7	0000-0003-0956-6636	TH
10.11646/phytotaxa.532.1.10	0000-0001-6250-4624	IN
10.11646/phytotaxa.532.1.10	0000-0001-7974-5758	IN
10.11646/phytotaxa.532.1.2	0000-0002-2200-7348	TR
10.11646/phytotaxa.532.1.2	0000-0002-3913-954X	TR
10.11646/phytotaxa.532.1.3	0000-0002-6596-5124	CN
10.11646/phytotaxa.532.1.3	0000-0002-7763-2431	CN
10.11646/phytotaxa.532.1.5	0000-0003-2823-0337	GB
10.11646/phytotaxa.532.1.8	0000-0002-0251-2793	IN
10.11646/phytotaxa.532.1.8	0000-0003-4037-574X	IN
10.11646/phytotaxa.532.1.9	0000-0002-6198-3501	MX
10.11646/phytotaxa.532.2.1	0000-0003-2077-0486	CN
10.11646/phytotaxa.532.2.2	0000-0003-0619-4697	HR
10.11646/phytotaxa.532.2.3	0000-0003-3676-3264	CN
10.11646/phytotaxa.532.2.5	0000-0001-9717-5701	BR
10.11646/phytotaxa.532.2.5	0000-0002-1609-6452	BR
10.11646/phytotaxa.532.2.7	0000-0003-4057-5995	BR
10.11646/phytotaxa.532.2.8	0000-0002-5235-6573	IN
10.11646/phytotaxa.532.3.1	0000-0002-2955-0757	DE
10.11646/phytotaxa.532.3.1	0000-0002-5962-3603	DE
10.11646/phytotaxa.532.3.1	0000-0002-7745-3978	AT
10.11646/phytotaxa.532.3.3	0000-0001-7142-5995	ES
10.11646/phytotaxa.532.3.3	0000-0002-8004-2125	BR
10.11646/phytotaxa.532.3.3	0000-0003-2433-5887	BR
10.11646/phytotaxa.532.3.3	0000-0003-2555-7967	BR
10.11646/phytotaxa.533.2.2	0000-0002-2142-0616	CN
10.11646/phytotaxa.533.2.2	0000-0003-4908-3487	CN
10.11646/phytotaxa.533.2.4	0000-0002-8556-7692	IT
10.11646/phytotaxa.533.3.1	0000-0002-5056-1039	TH
10.11646/phytotaxa.533.4.1	0000-0002-5926-6730	IN
10.11646/phytotaxa.533.4.4	0000-0002-1186-7713	ZA
10.11646/phytotaxa.533.4.5	0000-0002-4922-6954	IN
10.11646/phytotaxa.533.4.6	0000-0001-5491-7568	IT
10.11646/phytotaxa.533.4.7	0000-0003-3480-1431	IN
10.11646/phytotaxa.536.1.4	0000-0002-3680-3433	IN
10.11646/phytotaxa.536.1.4	0000-0003-3980-9168	IN
10.11646/phytotaxa.536.1.7	0000-0001-5474-277X	IN
10.11646/phytotaxa.536.1.7	0000-0003-3341-2717	IN
10.11646/phytotaxa.536.2.2	0000-0003-0487-6037	IT
10.11646/phytotaxa.536.2.5	0000-0002-1162-9678	CN
10.11646/phytotaxa.536.2.5	0000-0002-8460-7824	CN
10.11646/phytotaxa.536.3.1	0000-0002-9375-4033	BR
10.11646/phytotaxa.536.3.10	0000-0001-8160-089X	CN
10.11646/phytotaxa.536.3.10	0000-0002-0584-307X	GB
10.11646/phytotaxa.536.3.2	0000-0001-7530-8008	VN
10.11646/phytotaxa.536.3.2	0000-0002-1223-0175	VN
10.11646/phytotaxa.536.3.2	0000-0002-4707-2656	CN
10.11646/phytotaxa.536.3.3	0000-0001-6904-6603	BR
10.11646/phytotaxa.536.3.3	0000-0003-2089-0461	BR
10.11646/phytotaxa.536.3.4	0000-0001-5478-1859	IR
10.11646/phytotaxa.536.3.4	0000-0001-5860-9976	IR
10.11646/phytotaxa.536.3.5	0000-0001-9717-5701	BR
10.11646/phytotaxa.536.3.5	0000-0002-0311-6864	BR
10.11646/phytotaxa.536.3.5	0000-0002-4070-8850	BR
10.11646/phytotaxa.536.3.7	0000-0001-8441-2106	BR
10.11646/phytotaxa.536.3.7	0000-0002-5034-8377	BR
10.11646/phytotaxa.536.3.7	0000-0003-1263-3414	BR
10.11646/phytotaxa.536.3.9	0000-0003-1565-7454	ES
10.11646/phytotaxa.538.2.1	0000-0002-2059-4008	BR
10.11646/phytotaxa.538.2.1	0000-0002-7242-0587	BR
10.11646/phytotaxa.538.2.1	0000-0003-4930-565X	BR
10.11646/phytotaxa.538.2.10	0000-0002-4634-6440	IT
10.11646/phytotaxa.538.2.10	0000-0003-4719-3711	IT
10.11646/phytotaxa.538.2.3	0000-0003-2454-1891	TR
10.11646/phytotaxa.538.2.4	0000-0001-6250-4624	IN
10.11646/phytotaxa.538.2.6	0000-0002-5074-8522	RU
10.11646/phytotaxa.538.2.7	0000-0002-5732-1716	BR
10.11646/phytotaxa.538.2.7	0000-0002-5770-7002	BR
10.11646/phytotaxa.538.2.7	0000-0002-6090-981X	BR
10.11646/phytotaxa.538.2.9	0000-0002-5131-9084	PH
10.11646/phytotaxa.538.3.7	0000-0002-6734-6749	IN
10.11646/phytotaxa.539.1.3	0000-0003-1067-0182	CN
10.11646/phytotaxa.539.1.5	0000-0002-0478-2332	BR
10.11646/phytotaxa.539.2.5	0000-0001-9634-0365	BR
10.11646/phytotaxa.541.1.1	0000-0003-2563-0976	JP
10.11646/phytotaxa.541.1.3	0000-0001-8875-2263	RU
10.11646/phytotaxa.541.1.3	0000-0003-4209-284X	RU
10.11646/phytotaxa.541.1.4	0000-0003-3729-2230	PH
10.11646/phytotaxa.541.1.6	0000-0002-0251-2793	IN
10.11646/phytotaxa.541.1.8	0000-0001-7530-8008	VN
10.11646/phytotaxa.541.1.9	0000-0001-7031-7247	CN
10.11646/phytotaxa.541.3.1	0000-0001-6676-0879	PE
10.11646/phytotaxa.541.3.1	0000-0003-2840-3154	PE
10.11646/phytotaxa.541.3.4	0000-0002-6734-6749	IN
10.11646/phytotaxa.541.3.4	0000-0002-9315-9883	IN
10.11646/phytotaxa.541.3.5	0000-0002-9244-2919	IN
10.11646/phytotaxa.541.3.7	0000-0003-3273-3455	CN
10.11646/phytotaxa.541.3.8	0000-0003-4875-8307	LA
10.11646/phytotaxa.541.3.9	0000-0001-8681-4141	VN
10.11646/phytotaxa.541.3.9	0000-0002-1970-7052	VN
10.11646/phytotaxa.541.3.9	0000-0003-3452-8455	VN
10.11646/phytotaxa.542.2.2	0000-0003-1260-4023	SK
10.11646/phytotaxa.542.2.3	0000-0002-0615-2801	BR
10.11646/phytotaxa.542.2.4	0000-0001-5330-0494	LU
10.11646/phytotaxa.542.2.4	0000-0003-1306-3054	FR
10.11646/phytotaxa.542.2.5	0000-0001-9008-273X	IT
10.11646/phytotaxa.542.2.5	0000-0002-4082-7817	BR
10.11646/phytotaxa.542.2.7	0000-0002-7981-4490	MX
10.11646/phytotaxa.542.2.8	0000-0002-4731-1311	BR
10.11646/phytotaxa.543.1.1	0000-0002-5627-9886	UZ
10.11646/phytotaxa.543.1.1	0000-0003-3280-8373	TR
10.11646/phytotaxa.543.1.10	0000-0001-6003-6492	JP
10.11646/phytotaxa.543.1.2	0000-0001-7775-4407	MY
10.11646/phytotaxa.543.1.2	0000-0002-1394-1008	MY
10.11646/phytotaxa.543.1.2	0000-0003-3006-4614	MY
10.11646/phytotaxa.543.1.3	0000-0002-4758-8038	BR
10.11646/phytotaxa.543.1.3	0000-0002-8109-9254	BR
10.11646/phytotaxa.543.1.3	0000-0002-8263-9806	BR
10.11646/phytotaxa.543.1.5	0000-0002-7729-1075	CN
10.11646/phytotaxa.543.1.6	0000-0001-8602-5193	CN
10.11646/phytotaxa.543.1.6	0000-0002-8293-168X	CN
10.11646/phytotaxa.543.1.7	0000-0002-6261-0731	CN
10.11646/phytotaxa.543.1.7	0000-0003-2206-5297	CN
10.11646/phytotaxa.543.4.4	0000-0001-7080-0781	CN
10.11646/phytotaxa.543.4.4	0000-0001-8935-8807	CN
10.11646/phytotaxa.544.1.1	0000-0002-1831-7423	MX
10.11646/phytotaxa.544.1.2	0000-0002-6261-0731	CN
10.11646/phytotaxa.544.1.2	0000-0003-2206-5297	CN
10.11646/phytotaxa.544.1.5	0000-0001-8681-4141	VN
10.11646/phytotaxa.544.1.5	0000-0002-3051-8789	RU
10.11646/phytotaxa.544.1.5	0000-0003-0818-1662	RU
10.11646/phytotaxa.544.1.5	0000-0003-3452-8455	VN
10.11646/phytotaxa.544.1.6	0000-0002-4075-462X	BR
10.11646/phytotaxa.544.1.7	0000-0001-9717-5701	BR
10.11646/phytotaxa.544.1.8	0000-0001-9902-830X	ID
10.11646/phytotaxa.544.1.8	0000-0003-1354-486X	ID
10.11646/phytotaxa.544.1.9	0000-0002-7729-1075	CN
10.11646/phytotaxa.544.2.2	0000-0002-2776-6781	BR
10.11646/phytotaxa.544.2.2	0000-0002-8593-5010	BR
10.11646/phytotaxa.544.2.3	0000-0002-9986-9640	BR
10.11646/phytotaxa.544.2.5	0000-0001-7307-4885	CN
10.11646/phytotaxa.544.3.1	0000-0001-7000-6641	BR
10.11646/phytotaxa.544.3.2	0000-0002-0046-6500	BR
10.11646/phytotaxa.544.3.2	0000-0002-3169-627X	US
10.11646/phytotaxa.544.3.3	0000-0002-6261-0731	CN
10.11646/phytotaxa.544.3.3	0000-0003-1822-4486	CN
10.11646/phytotaxa.544.3.4	0000-0002-1717-9532	BR
10.11646/phytotaxa.547.1.11	0000-0002-6997-5813	BE
10.11646/phytotaxa.547.1.2	0000-0003-1707-4121	MX
10.11646/phytotaxa.547.1.4	0000-0002-9135-3367	RU
10.11646/phytotaxa.547.1.4	0000-0003-0818-1662	RU
10.11646/phytotaxa.547.1.5	0000-0001-9717-5701	BR
10.11646/phytotaxa.547.1.6	0000-0002-4630-4822	TW
10.11646/phytotaxa.547.1.6	0000-0002-7036-7081	VN
10.11646/phytotaxa.547.1.7	0000-0001-8934-4544	FR
10.11646/phytotaxa.547.1.8	0000-0002-7729-1075	CN
10.11646/phytotaxa.548.1.2	0000-0003-0841-6206	GB
10.11646/phytotaxa.548.1.7	0000-0002-8626-6138	CN
10.11646/phytotaxa.549.1.1	0000-0002-4137-7213	VN
10.11646/phytotaxa.549.1.1	0000-0002-7329-528X	RU
10.11646/phytotaxa.549.1.10	0000-0001-8967-3313	CU
10.11646/phytotaxa.549.1.10	0000-0003-1733-8537	CU
10.11646/phytotaxa.549.1.11	0000-0001-8138-5691	BR
10.11646/phytotaxa.549.1.11	0000-0002-2967-5322	BR
10.11646/phytotaxa.549.1.4	0000-0002-3219-0019	MX
10.11646/phytotaxa.549.1.4	0000-0002-7981-4490	MX
10.11646/phytotaxa.549.1.6	0000-0003-1815-692X	CN
10.11646/phytotaxa.549.1.8	0000-0001-5403-8037	LK
10.11646/phytotaxa.549.1.8	0000-0002-6394-889X	LK
10.11646/phytotaxa.552.1.6	0000-0002-8162-1727	TW
10.11646/phytotaxa.552.2.1	0000-0001-9717-5701	BR
10.11646/phytotaxa.552.2.2	0000-0003-2698-942X	IN
10.11646/phytotaxa.552.2.2	0000-0003-4066-2458	IN
10.11646/phytotaxa.552.2.3	0000-0001-5390-9654	NZ
10.11646/phytotaxa.552.2.4	0000-0002-1800-4320	MX
10.11646/phytotaxa.552.2.4	0000-0003-3610-9086	MX
10.11646/phytotaxa.554.2.1	0000-0001-7080-0781	CN
10.11646/phytotaxa.554.2.1	0000-0001-8935-8807	CN
10.11646/phytotaxa.554.2.1	0000-0003-0100-2094	CN
10.11646/phytotaxa.554.2.2	0000-0001-8169-0573	CN
10.11646/phytotaxa.554.2.2	0000-0002-5816-9269	TH
10.11646/phytotaxa.554.2.3	0000-0001-7240-7967	PT
10.11646/phytotaxa.554.2.3	0000-0003-3954-0146	ES
10.11646/phytotaxa.554.2.7	0000-0002-5816-9269	TH
10.11646/phytotaxa.554.3.3	0000-0002-3604-828X	CN
10.11646/phytotaxa.555.1.1	0000-0002-1377-7375	ID
10.11646/phytotaxa.555.1.3	0000-0003-1188-3489	IN
10.11646/phytotaxa.555.1.3	0000-0003-4066-2458	IN
10.11646/phytotaxa.555.1.4	0000-0003-4145-401X	MA
10.11646/phytotaxa.555.1.5	0000-0001-8935-8807	CN
10.11646/phytotaxa.555.1.5	0000-0002-8124-1281	CN
10.11646/phytotaxa.555.1.8	0000-0001-6889-714X	ES
10.11646/phytotaxa.555.1.8	0000-0003-3254-2691	ES
10.11646/phytotaxa.555.4.1	0000-0001-9082-1053	CN
10.11646/phytotaxa.556.1.5	0000-0003-1564-9446	CN
10.11646/phytotaxa.556.1.8	0000-0001-8031-2925	RU
10.11646/phytotaxa.556.1.8	0000-0001-8681-4141	VN
10.11646/phytotaxa.556.1.8	0000-0003-3452-8455	VN
10.11646/phytotaxa.556.2.8	0000-0002-3894-5398	CN
10.11646/phytotaxa.556.3.2	0000-0001-7304-5603	CN
10.11646/phytotaxa.556.3.4	0000-0001-7304-5603	CN
10.11646/phytotaxa.558.1.2	0000-0002-8422-9085	TH
10.11646/phytotaxa.558.1.7	0000-0002-0047-4180	BE
10.11646/phytotaxa.558.2.5	0000-0003-1188-3489	IN
10.11646/phytotaxa.558.2.5	0000-0003-4066-2458	IN
10.11646/phytotaxa.558.2.5	0000-0003-4766-6873	IN
10.11646/phytotaxa.558.3.1	0000-0001-7418-2108	CN
10.11646/phytotaxa.558.3.1	0000-0003-0271-0973	CN
10.11646/phytotaxa.558.3.2	0000-0001-9008-273X	IT
10.11646/phytotaxa.558.3.3	0000-0001-9003-1510	CL
10.11646/phytotaxa.558.3.3	0000-0002-7548-1764	CL
10.11646/phytotaxa.558.3.3	0000-0002-9532-7107	CL
10.11646/phytotaxa.558.3.6	0000-0002-0475-6222	ZA
10.11646/phytotaxa.559.1.3	0000-0002-7436-7249	CN
10.11646/phytotaxa.559.1.4	0000-0001-5626-0491	MX
10.11646/phytotaxa.559.2.8	0000-0001-7937-2381	CN
10.11646/phytotaxa.559.2.8	0000-0002-0317-6613	CN
10.11646/phytotaxa.559.2.8	0000-0003-3690-2834	CN
10.11646/phytotaxa.559.3.1	0000-0001-5491-7568	IT
10.11646/phytotaxa.559.3.1	0000-0001-7350-9236	IN
10.11646/phytotaxa.559.3.3	0000-0001-9585-0275	LK
10.11646/phytotaxa.559.3.3	0000-0002-5816-9269	TH
10.11646/phytotaxa.559.3.3	0000-0003-3076-4709	UZ
10.11646/phytotaxa.559.3.4	0000-0001-7080-0781	CN
10.11646/phytotaxa.559.3.4	0000-0002-4815-125X	TH
10.11646/phytotaxa.559.3.4	0000-0002-9232-228X	CN
10.11646/phytotaxa.560.1.10	0000-0002-4517-4894	CO
10.11646/phytotaxa.560.1.10	0000-0002-5601-540X	CO
10.11646/phytotaxa.560.1.6	0000-0001-8169-0573	CN
10.11646/phytotaxa.560.1.7	0000-0001-8477-5791	BR
10.11646/phytotaxa.560.1.7	0000-0002-8593-5010	BR
10.11646/phytotaxa.560.2.3	0000-0001-9717-5701	BR
10.11646/phytotaxa.560.2.8	0000-0002-2432-9260	RU
10.11646/phytotaxa.560.2.8	0000-0002-6569-0052	RU
10.11646/phytotaxa.561.1.4	0000-0001-5245-036X	MK
10.11646/phytotaxa.561.1.5	0000-0001-5730-3596	LK
10.11646/phytotaxa.561.1.7	0000-0001-8169-0573	CN
10.11646/phytotaxa.561.1.7	0000-0002-5816-9269	TH
10.11646/phytotaxa.561.2.1	0000-0002-6261-0731	CN
10.11646/phytotaxa.561.2.10	0000-0001-7031-7247	CN
10.11646/phytotaxa.561.2.3	0000-0001-8062-0338	BR
10.11646/phytotaxa.561.2.3	0000-0002-0412-7012	BR
10.11646/phytotaxa.561.2.3	0000-0002-1640-5462	BR
10.11646/phytotaxa.561.2.3	0000-0003-3800-8684	BR
10.11646/phytotaxa.561.2.4	0000-0001-7291-0917	MX
10.11646/phytotaxa.561.2.4	0000-0002-7243-9018	MX
10.11646/phytotaxa.561.2.5	0000-0001-8031-2925	RU
10.11646/phytotaxa.561.2.5	0000-0001-8681-4141	VN
10.11646/phytotaxa.561.2.5	0000-0003-3452-8455	VN
10.11646/phytotaxa.561.2.6	0000-0001-9927-0366	CN
10.11646/phytotaxa.561.2.7	0000-0001-5390-9654	NZ
10.11646/phytotaxa.561.2.7	0000-0003-0367-0547	BZ
10.11646/phytotaxa.561.2.9	0000-0001-5330-0494	LU
10.11646/phytotaxa.564.2.9	0000-0003-0818-1662	RU
10.11646/phytotaxa.564.3.3	0000-0002-1831-7423	MX
10.11646/phytotaxa.566.2.2	0000-0003-4308-4972	SE
10.11646/phytotaxa.566.2.6	0000-0001-5869-8649	CN
10.11646/phytotaxa.566.2.6	0000-0001-6965-3710	CN
10.11646/phytotaxa.567.1.3	0000-0001-5234-3441	IN
10.11646/phytotaxa.567.1.3	0000-0001-9698-0979	IN
10.11646/phytotaxa.567.1.5	0000-0001-7027-7206	CN
10.11646/phytotaxa.567.1.7	0000-0003-3268-5588	IN
10.11646/phytotaxa.567.3.2	0000-0001-7307-4885	CN
10.11646/phytotaxa.567.3.4	0000-0002-3604-828X	CN
10.11646/phytotaxa.567.3.5	0000-0002-5635-8031	PK
10.11646/phytotaxa.567.3.8	0000-0001-9717-5701	BR
10.11646/phytotaxa.568.1.1	0000-0002-5095-8482	US
10.11646/phytotaxa.568.1.3	0000-0002-4996-536X	US
10.11646/phytotaxa.568.1.3	0000-0002-9375-4033	BR
10.11646/phytotaxa.568.3.5	0000-0002-2339-9478	CO
10.11646/phytotaxa.570.1.10	0000-0002-3563-7007	CN
10.11646/phytotaxa.570.1.10	0000-0002-9573-4108	CN
10.11646/phytotaxa.570.1.6	0000-0002-6090-981X	BR
10.11646/phytotaxa.571.1.1	0000-0002-6261-0731	CN
10.11646/phytotaxa.571.1.3	0000-0001-7080-0781	CN
10.11646/phytotaxa.571.2.3	0000-0002-2579-5917	IN
10.11646/phytotaxa.571.2.3	0000-0002-9418-2268	IN
10.11646/phytotaxa.571.2.3	0000-0003-1240-7126	IN
10.11646/phytotaxa.571.3.2	0000-0001-6206-8711	CN
10.11646/phytotaxa.572.3.7	0000-0002-0685-0255	IN
10.11646/phytotaxa.572.3.9	0000-0002-1548-9465	PH
10.11646/phytotaxa.573.1.4	0000-0002-3306-6714	TH
10.11646/phytotaxa.573.1.5	0000-0002-3707-9790	BR
10.11646/phytotaxa.573.1.5	0000-0003-4457-4412	BR
10.11646/phytotaxa.573.2.5	0000-0002-3306-6714	TH
10.11646/phytotaxa.574.4.4	0000-0002-3297-2598	RU
10.11646/phytotaxa.574.4.4	0000-0002-7036-7081	VN
10.11646/phytotaxa.575.2.2	0000-0002-5816-9269	TH
10.11646/phytotaxa.575.2.2	0000-0002-9232-228X	CN
10.11646/phytotaxa.575.2.3	0000-0003-1815-692X	CN
10.11646/phytotaxa.575.2.4	0000-0002-5382-8050	IN
10.11646/phytotaxa.575.3.1	0000-0001-5330-0494	LU
10.11646/phytotaxa.575.3.1	0000-0001-7148-9964	BR
10.11646/phytotaxa.575.3.5	0000-0003-1822-4486	CN
10.11646/phytotaxa.575.3.6	0000-0003-2129-8515	EC
10.11646/phytotaxa.576.1.1	0000-0001-6555-7633	MX
10.11646/phytotaxa.576.1.2	0000-0001-8332-5326	BR
10.11646/phytotaxa.576.1.2	0000-0002-0484-3166	AU
10.11646/phytotaxa.576.1.3	0000-0001-9717-5701	BR
10.11646/phytotaxa.576.1.6	0000-0002-1026-0944	US
10.11646/phytotaxa.576.1.7	0000-0002-7310-659X	RU
10.11646/phytotaxa.576.1.8	0000-0001-8044-2017	RU
10.11646/phytotaxa.576.1.8	0000-0002-0471-0443	VN
10.11646/phytotaxa.576.1.8	0000-0002-7397-5808	RU
10.11646/phytotaxa.576.1.9	0000-0003-2206-5297	CN
10.11646/phytotaxa.576.3.3	0000-0002-1841-8179	BR
10.11646/phytotaxa.577.1.9	0000-0002-4082-7817	BR
10.11646/phytotaxa.577.1.9	0000-0003-0369-1671	BR
10.11646/zootaxa.5087.2.2	0000-0001-9436-1955	IR
10.11646/zootaxa.5087.2.4	0000-0002-8703-8073	JP
10.11646/zootaxa.5087.2.9	0000-0002-2669-5969	BR
10.11646/zootaxa.5087.2.9	0000-0002-7375-5346	BR
10.11646/zootaxa.5087.3.2	0000-0002-1404-6195	PE
10.11646/zootaxa.5087.3.2	0000-0002-6331-4416	PE
10.11646/zootaxa.5087.3.6	0000-0002-3292-1109	PL
10.11646/zootaxa.5087.3.6	0000-0003-1332-8331	PL
10.11646/zootaxa.5087.3.7	0000-0003-0799-2674	DE
10.11646/zootaxa.5087.4.2	0000-0001-9017-7480	BR
10.11646/zootaxa.5087.4.2	0000-0002-1427-1878	BR
10.11646/zootaxa.5087.4.4	0000-0001-9188-4689	IN
10.11646/zootaxa.5087.4.4	0000-0002-5907-4827	IN
10.11646/zootaxa.5087.4.4	0000-0003-4755-3916	BD
10.11646/zootaxa.5087.4.6	0000-0002-1094-1221	TR
10.11646/zootaxa.5087.4.6	0000-0002-9621-9909	TR
10.11646/zootaxa.5087.4.7	0000-0001-8731-6312	DE
10.11646/zootaxa.5091.1.4	0000-0002-9453-4569	BR
10.11646/zootaxa.5091.1.8	0000-0001-8118-3256	IN
10.11646/zootaxa.5091.1.8	0000-0002-9952-4335	IN
10.11646/zootaxa.5091.3.1	0000-0003-3307-034X	CO
10.11646/zootaxa.5091.3.4	0000-0002-3290-5416	CN
10.11646/zootaxa.5091.3.6	0000-0001-8118-3256	IN
10.11646/zootaxa.5091.3.6	0000-0002-9952-4335	IN
10.11646/zootaxa.5091.3.9	0000-0001-7456-5678	MX
10.11646/zootaxa.5092.5.1	0000-0002-3940-3734	DE
10.11646/zootaxa.5092.5.4	0000-0001-8106-5233	NZ
10.11646/zootaxa.5092.5.6	0000-0002-5523-6825	CN
10.11646/zootaxa.5092.5.8	0000-0003-2765-8729	RU
10.11646/zootaxa.5093.2.2	0000-0002-1231-4213	RS
10.11646/zootaxa.5093.2.4	0000-0002-2244-8338	IN
10.11646/zootaxa.5093.3.1	0000-0001-7881-9436	BR
10.11646/zootaxa.5093.3.1	0000-0002-7594-9574	BR
10.11646/zootaxa.5093.3.2	0000-0002-0332-3978	AR
10.11646/zootaxa.5093.3.2	0000-0002-4936-5970	AR
10.11646/zootaxa.5093.3.8	0000-0002-1033-3445	JP
10.11646/zootaxa.5093.4.5	0000-0001-5142-3511	IN
10.11646/zootaxa.5093.4.5	0000-0001-7057-2723	IN
10.11646/zootaxa.5093.4.5	0000-0001-8708-3686	IN
10.11646/zootaxa.5093.4.6	0000-0002-1236-1087	VN
10.11646/zootaxa.5099.2.1	0000-0001-9008-0611	US
10.11646/zootaxa.5099.2.2	0000-0001-7533-6244	CN
10.11646/zootaxa.5099.2.2	0000-0003-1378-6893	CN
10.11646/zootaxa.5099.2.3	0000-0002-5396-0983	CN
10.11646/zootaxa.5099.2.4	0000-0002-0460-2688	DE
10.11646/zootaxa.5099.2.4	0000-0002-1302-025X	PT
10.11646/zootaxa.5099.2.4	0000-0002-1712-2632	PT
10.11646/zootaxa.5099.2.4	0000-0002-3798-2664	PT
10.11646/zootaxa.5099.2.4	0000-0003-3435-8775	PT
10.11646/zootaxa.5099.2.6	0000-0002-7755-260X	CL
10.11646/zootaxa.5099.2.6	0000-0003-2582-6071	CL
10.11646/zootaxa.5099.2.8	0000-0003-3433-153X	MX
10.11646/zootaxa.5099.5.1	0000-0002-2238-9315	PT
10.11646/zootaxa.5099.5.1	0000-0003-1934-1836	PT
10.11646/zootaxa.5099.5.2	0000-0002-4730-3805	US
10.11646/zootaxa.5099.5.2	0000-0003-1057-1029	CO
10.11646/zootaxa.5099.5.3	0000-0001-6301-7959	PL
10.11646/zootaxa.5099.5.3	0000-0002-2796-9538	PL
10.11646/zootaxa.5099.5.3	0000-0002-5966-8334	PL
10.11646/zootaxa.5099.5.4	0000-0002-5334-2771	NZ
10.11646/zootaxa.5099.5.5	0000-0002-5624-128X	DK
10.11646/zootaxa.5100.3.1	0000-0001-8680-973X	BE
10.11646/zootaxa.5100.4.1	0000-0001-9741-5744	ES
10.11646/zootaxa.5100.4.1	0000-0002-4825-9965	ES
10.11646/zootaxa.5100.4.7	0000-0002-5687-8299	LT
10.11646/zootaxa.5100.4.8	0000-0002-9758-4932	CN
10.11646/zootaxa.5100.4.8	0000-0003-0256-876X	ES
10.11646/zootaxa.5104.2.2	0000-0003-3930-6480	PE
10.11646/zootaxa.5104.2.4	0000-0001-6930-9741	ZA
10.11646/zootaxa.5104.3.1	0000-0001-6487-4530	LV
10.11646/zootaxa.5104.3.2	0000-0002-3182-6134	MX
10.11646/zootaxa.5104.3.3	0000-0002-1642-0363	BG
10.11646/zootaxa.5104.4.3	0000-0001-7916-4849	IN
10.11646/zootaxa.5104.4.4	0000-0003-3879-3264	IN
10.11646/zootaxa.5104.4.5	0000-0002-4856-5233	CN
10.11646/zootaxa.5104.4.6	0000-0002-9329-097X	GB
10.11646/zootaxa.5105.1.3	0000-0002-3912-9181	BR
10.11646/zootaxa.5105.1.5	0000-0002-0913-131X	RU
10.11646/zootaxa.5105.4.5	0000-0001-6107-2188	JP
10.11646/zootaxa.5105.4.6	0000-0001-7061-9659	IN
10.11646/zootaxa.5105.4.7	0000-0002-1762-216X	CN
10.11646/zootaxa.5105.4.7	0000-0002-6666-8746	CN
10.11646/zootaxa.5115.1.2	0000-0001-8741-4799	CU
10.11646/zootaxa.5115.1.2	0000-0002-9133-1512	BE
10.11646/zootaxa.5115.1.9	0000-0002-0746-0398	LT
10.11646/zootaxa.5115.2.2	0000-0002-2169-5628	CN
10.11646/zootaxa.5115.2.2	0000-0003-4304-767X	CN
10.11646/zootaxa.5115.2.3	0000-0001-7881-9436	BR
10.11646/zootaxa.5115.2.3	0000-0001-9088-787X	ES
10.11646/zootaxa.5115.2.3	0000-0002-2145-8606	ES
10.11646/zootaxa.5115.2.3	0000-0003-0612-8438	BR
10.11646/zootaxa.5115.2.9	0000-0001-7732-4482	BR
10.11646/zootaxa.5116.1.4	0000-0002-2832-2162	BR
10.11646/zootaxa.5116.2.5	0000-0001-7914-7942	RU
10.11646/zootaxa.5116.2.5	0000-0002-4656-4894	CY
10.11646/zootaxa.5116.2.6	0000-0001-9876-1008	RU
10.11646/zootaxa.5116.3.6	0000-0002-8597-8846	MX
10.11646/zootaxa.5116.4.7	0000-0002-4479-4995	IN
10.11646/zootaxa.5120.1.1	0000-0002-3849-7732	MY
10.11646/zootaxa.5120.1.1	0000-0003-1401-1221	US
10.11646/zootaxa.5120.1.3	0000-0002-5439-8793	CA
10.11646/zootaxa.5120.1.4	0000-0001-8515-2385	PL
10.11646/zootaxa.5120.1.5	0000-0002-5399-8412	CA
10.11646/zootaxa.5120.1.6	0000-0002-3290-5416	CN
10.11646/zootaxa.5120.1.7	0000-0001-6076-7914	RO
10.11646/zootaxa.5120.1.7	0000-0001-8852-8341	RO
10.11646/zootaxa.5120.1.7	0000-0003-3219-9344	RO
10.11646/zootaxa.5120.1.8	0000-0002-3593-8424	BR
10.11646/zootaxa.5120.1.9	0000-0001-7965-7117	TR
10.11646/zootaxa.5120.3.3	0000-0002-2635-9703	BR
10.11646/zootaxa.5120.3.3	0000-0002-8779-2607	BR
10.11646/zootaxa.5120.3.6	0000-0003-0393-6464	KR
10.11646/zootaxa.5120.4.6	0000-0002-7186-5787	BR
10.11646/zootaxa.5120.4.6	0000-0002-8107-3265	BR
10.11646/zootaxa.5124.1.3	0000-0002-2423-9388	BR
10.11646/zootaxa.5124.2.3	0000-0003-3349-5639	BR
10.11646/zootaxa.5124.3.1	0000-0001-6825-4283	CN
10.11646/zootaxa.5124.3.2	0000-0003-0243-2221	CD
10.11646/zootaxa.5124.3.4	0000-0002-7594-9574	BR
10.11646/zootaxa.5124.4.1	0000-0002-4370-8661	ZA
10.11646/zootaxa.5124.4.1	0000-0003-0805-9683	ZA
10.11646/zootaxa.5124.4.1	0000-0003-0805-9683	ZA
10.11646/zootaxa.5124.4.1	0000-0003-3125-9536	ZA
10.11646/zootaxa.5124.4.1	0000-0003-4380-9427	ES
10.11646/zootaxa.5124.4.2	0000-0001-9060-0306	UY
10.11646/zootaxa.5124.4.2	0000-0002-0046-8995	CL
10.11646/zootaxa.5124.4.2	0000-0002-1756-9821	BR
10.11646/zootaxa.5124.4.2	0000-0002-5141-0056	BR
10.11646/zootaxa.5124.4.2	0000-0002-9814-0954	BR
10.11646/zootaxa.5124.4.4	0000-0001-6270-0983	MY
10.11646/zootaxa.5124.4.5	0000-0001-5646-0602	CO
10.11646/zootaxa.5124.4.5	0000-0002-3381-0005	CO
10.11646/zootaxa.5124.5.5	0000-0002-2504-673X	CN
10.11646/zootaxa.5125.2.1	0000-0001-9031-5249	MK
10.11646/zootaxa.5125.2.1	0000-0002-2741-1841	ES
10.11646/zootaxa.5125.2.1	0000-0002-3875-1892	GR
10.11646/zootaxa.5125.3.2	0000-0002-2591-7662	CR
10.11646/zootaxa.5125.3.3	0000-0002-2796-9538	PL
10.11646/zootaxa.5125.3.3	0000-0003-0475-7783	PL
10.11646/zootaxa.5125.3.6	0000-0002-9232-6299	CN
10.11646/zootaxa.5128.2.6	0000-0002-2434-8541	MX
10.11646/zootaxa.5128.3.4	0000-0002-3502-9407	MX
10.11646/zootaxa.5128.3.4	0000-0002-6185-9404	DE
10.11646/zootaxa.5128.3.9	0000-0002-2541-5240	IT
10.11646/zootaxa.5128.3.9	0000-0002-4827-7290	RU
10.11646/zootaxa.5129.2.3	0000-0003-0889-5331	BR
10.11646/zootaxa.5129.2.4	0000-0001-6215-6965	IN
10.11646/zootaxa.5129.2.4	0000-0002-1947-8093	IN
10.11646/zootaxa.5129.2.4	0000-0003-0570-3330	IN
10.11646/zootaxa.5129.2.4	0000-0003-2921-5593	IN
10.11646/zootaxa.5129.2.5	0000-0002-3738-7996	CN
10.11646/zootaxa.5129.2.9	0000-0002-7051-2891	BR
10.11646/zootaxa.5129.3.3	0000-0001-8504-6574	BR
10.11646/zootaxa.5129.3.3	0000-0001-9931-9238	BR
10.11646/zootaxa.5129.3.3	0000-0003-4808-1041	BR
10.11646/zootaxa.5131.1.1	0000-0002-1507-215X	PL
10.11646/zootaxa.5133.1.4	0000-0003-3288-4405	BR
10.11646/zootaxa.5133.2.2	0000-0003-2019-866X	ZA
10.11646/zootaxa.5133.2.3	0000-0002-0613-7046	AU
10.11646/zootaxa.5133.2.4	0000-0002-0913-131X	RU
10.11646/zootaxa.5133.4.1	0000-0001-8144-6191	TR
10.11646/zootaxa.5133.4.1	0000-0002-4531-798X	TR
10.11646/zootaxa.5133.4.2	0000-0002-1412-1554	TR
10.11646/zootaxa.5133.4.2	0000-0002-2741-4946	RU
10.11646/zootaxa.5133.4.7	0000-0002-9826-8229	BR
10.11646/zootaxa.5134.1.4	0000-0002-6256-1335	JP
10.11646/zootaxa.5138.2.2	0000-0002-6977-3357	JP
10.11646/zootaxa.5138.2.5	0000-0003-1154-601X	TW
10.11646/zootaxa.5138.2.7	0000-0003-2765-8729	RU
10.11646/zootaxa.5138.2.8	0000-0001-5990-9401	BR
10.11646/zootaxa.5138.2.8	0000-0001-6319-0014	BR
10.11646/zootaxa.5138.2.8	0000-0002-6739-2964	BR
10.11646/zootaxa.5138.2.8	0000-0003-0235-469X	BR
10.11646/zootaxa.5138.2.8	0000-0003-0910-2583	BR
10.11646/zootaxa.5141.6.1	0000-0001-7548-2671	RU
10.11646/zootaxa.5150.2.2	0000-0001-9665-3249	IN
10.11646/zootaxa.5150.2.2	0000-0002-2573-6773	US
10.11646/zootaxa.5150.2.2	0000-0003-0470-8658	BR
10.11646/zootaxa.5150.2.2	0000-0003-1848-742X	BR
10.11646/zootaxa.5150.2.4	0000-0001-5022-5898	AU
10.11646/zootaxa.5150.2.4	0000-0002-6718-1913	AU
10.11646/zootaxa.5150.2.8	0000-0002-1602-650X	CN
10.11646/zootaxa.5154.1.7	0000-0003-1566-8954	DE
10.11646/zootaxa.5154.4.6	0000-0001-5942-7912	ZA
10.11646/zootaxa.5155.2.4	0000-0001-5294-6410	CZ
10.11646/zootaxa.5155.4.4	0000-0001-7916-4849	IN
10.11646/zootaxa.5155.4.6	0000-0001-6514-031X	BR
10.11646/zootaxa.5155.4.6	0000-0002-8789-3061	BR
10.11646/zootaxa.5162.1.6	0000-0001-6096-6980	IN
10.11646/zootaxa.5162.4.4	0000-0002-2169-5628	CN
10.11646/zootaxa.5162.4.4	0000-0003-4304-767X	CN
10.11646/zootaxa.5165.3.4	0000-0001-7038-5194	BR
10.11646/zootaxa.5165.3.4	0000-0002-8921-0340	BR
10.11646/zootaxa.5165.3.6	0000-0003-4983-0403	IN
10.11646/zootaxa.5165.3.8	0000-0001-7165-3023	LV
10.11646/zootaxa.5165.3.8	0000-0003-4390-5443	RU
10.11646/zootaxa.5169.3.1	0000-0003-4305-6568	MX
10.11646/zootaxa.5169.3.2	0000-0001-8194-2128	SK
10.11646/zootaxa.5169.3.2	0000-0001-8992-4987	GE
10.11646/zootaxa.5169.3.2	0000-0002-9476-1753	SK
10.11646/zootaxa.5169.5.7	0000-0001-8308-5262	RU
10.11646/zootaxa.5169.5.7	0000-0002-3500-3776	RU
10.11646/zootaxa.5170.1.1	0000-0003-1563-0147	DE
10.11646/zootaxa.5174.2.5	0000-0001-8990-8311	IN
10.11646/zootaxa.5174.3.3	0000-0003-0060-048X	BG
10.11646/zootaxa.5174.3.4	0000-0001-6074-5635	RU
10.11646/zootaxa.5174.3.6	0000-0003-4621-8999	CL
10.11646/zootaxa.5175.1.5	0000-0003-0423-5694	BR
10.11646/zootaxa.5175.1.5	0000-0003-4027-9205	BR
10.11646/zootaxa.5175.4.2	0000-0001-9776-5453	JP
10.11646/zootaxa.5175.4.2	0000-0003-1906-746X	JP
10.11646/zootaxa.5175.4.4	0000-0003-1123-661X	CN
10.11646/zootaxa.5175.4.5	0000-0002-0161-7278	ES
10.11646/zootaxa.5175.4.5	0000-0002-5509-6113	CL
10.11646/zootaxa.5175.4.7	0000-0002-3910-7839	IN
10.11646/zootaxa.5175.4.8	0000-0002-2454-1448	DE
10.11646/zootaxa.5178.4.1	0000-0001-7260-5760	BR
10.11646/zootaxa.5178.5.1	0000-0002-6651-8801	GB
10.11646/zootaxa.5182.3.3	0000-0003-2449-8838	CN
10.11646/zootaxa.5182.4.3	0000-0001-5552-4301	IR
10.11646/zootaxa.5182.4.3	0000-0002-0930-5754	OM
10.11646/zootaxa.5182.6.1	0000-0001-5567-0149	BR
10.11646/zootaxa.5182.6.1	0000-0001-9613-6874	BR
10.11646/zootaxa.5182.6.1	0000-0002-6590-3388	BR
10.11646/zootaxa.5182.6.1	0000-0003-2819-2633	BR
10.11646/zootaxa.5182.6.2	0000-0002-4587-1446	CR
10.11646/zootaxa.5182.6.2	0000-0003-0751-5587	CR
10.11646/zootaxa.5182.6.4	0000-0003-3188-4315	GB
10.11646/zootaxa.5188.2.1	0000-0003-4047-8677	CO
10.11646/zootaxa.5188.3.3	0000-0001-6557-4281	KR
10.11646/zootaxa.5190.1.5	0000-0003-3395-7362	CN
10.11646/zootaxa.5190.2.3	0000-0003-2524-1794	US
10.11646/zootaxa.5190.4.3	0000-0001-8689-4735	GB
10.11646/zootaxa.5190.4.3	0000-0003-4309-5460	IN
10.11646/zootaxa.5191.1.1	0000-0002-9231-2356	ES
10.11646/zootaxa.5194.4.4	0000-0002-7130-1324	BR
10.11646/zootaxa.5195.1.2	0000-0002-6559-3615	PE
10.11646/zootaxa.5195.1.2	0000-0002-6559-3615	PE
10.11646/zootaxa.5195.3.2	0000-0001-7965-7117	TR
10.11646/zootaxa.5195.3.4	0000-0002-9174-6021	ES
10.11646/zootaxa.5195.3.5	0000-0001-6096-6980	IN
10.11646/zootaxa.5195.3.6	0000-0003-0687-7025	CN
10.11646/zootaxa.5195.3.6	0000-0003-3567-3056	CN
10.11646/zootaxa.5195.3.8	0000-0001-6487-4530	LV
10.11646/zootaxa.5195.3.9	0000-0001-7047-1084	NO
10.11646/zootaxa.5195.3.9	0000-0001-7989-6257	DE
10.11646/zootaxa.5195.3.9	0000-0003-0441-4705	DE
10.11646/zootaxa.5195.5.3	0000-0001-7263-8968	IN
10.11646/zootaxa.5196.1.4	0000-0003-4441-5147	PL
10.11646/zootaxa.5196.1.8	0000-0002-5331-229X	ZA
10.11646/zootaxa.5200.5.5	0000-0002-0824-7804	US
10.11646/zootaxa.5201.1.1	0000-0001-8586-2723	US
10.11646/zootaxa.5205.2.2	0000-0003-3433-153X	MX
10.11646/zootaxa.5205.2.3	0000-0001-7061-9659	IN
10.11646/zootaxa.5205.2.4	0000-0001-7207-2255	AT
10.11646/zootaxa.5205.4.4	0000-0001-6693-9828	AR
10.11646/zootaxa.5205.4.4	0000-0002-0103-6502	AR
10.11646/zootaxa.5205.4.4	0000-0003-3421-6048	AR
10.11646/zootaxa.5208.1.1	0000-0002-6547-4704	DE
10.11646/zootaxa.5209.1.8	0000-0002-6411-1282	AR
10.11646/zootaxa.5213.1.7	0000-0002-6221-7331	TH
10.11646/zootaxa.5213.4.4	0000-0003-0068-7669	ES
10.11646/zootaxa.5214.3.4	0000-0002-2571-4507	AU
10.11646/zootaxa.5219.2.6	0000-0002-2244-8338	IN
10.11646/zootaxa.5219.4.5	0000-0002-0652-2411	US
10.11646/zootaxa.5219.5.6	0000-0003-0393-6464	KR
10.11646/zootaxa.5221.1.1	0000-0003-2871-1042	US
10.11646/zootaxa.5222.1.1	0000-0003-2605-9898	MY
10.11646/zootaxa.5222.1.1	0000-0003-3449-9885	MY
10.11646/zootaxa.5222.1.3	0000-0002-0250-0186	IR
10.11646/zootaxa.5222.1.4	0000-0002-7937-8326	IN
10.11646/zootaxa.5222.1.7	0000-0002-3773-8290	BR
10.11646/zootaxa.5222.1.7	0000-0003-3288-4405	BR
10.1177/00076503211053014	0000-0002-7422-8396	GB
10.1177/09596836221074035	0000-0002-6744-6811	DE
10.1177/11769343211071114	0000-0003-1350-9490	JO
10.1186/s12915-022-01271-w	0000-0001-6009-9581	DK
10.1186/s13358-022-00254-2	0000-0002-6301-8983	CH
10.12681/mms.27880	0000-0002-3141-3700	ES
10.12976/jib/2022.32.2.3	0000-0002-6307-2939	JP
10.1371/journal.pone.0263084	0000-0002-0213-7444	KR
10.1371/journal.pone.0264264	0000-0002-4150-3857	BR
10.1371/journal.pone.0265336	0000-0001-6412-6751	BR
10.1371/journal.pone.0276846	0000-0001-7646-5259	CN
10.15517/lank.v22i1.50848	0000-0001-5987-7710	CR
10.15517/lank.v22i1.50848	0000-0002-4250-1642	CR
10.1590/0001-3765202120191161	0000-0002-0987-3620	BR
10.1590/0001-3765202120191161	0000-0002-1632-1023	BR
10.1590/0001-3765202120200099	0000-0002-7169-9125	AR
10.1590/0001-3765202220201846	0000-0003-4277-711X	BR
10.1590/0001-3765202220201870	0000-0001-7378-836X	AR
10.1590/0001-3765202220201870	0000-0002-4508-2148	AR
10.1590/0001-3765202220210283	0000-0001-8108-1938	BR
10.1590/0001-3765202220210283	0000-0002-1522-2904	BR
10.1590/0102-33062021abb0163	0000-0001-9717-5701	BR
10.1590/0102-33062021abb0382	0000-0002-5635-8031	PK
10.1590/0102-33062021abb0382	0000-0002-8739-2881	PK
10.1590/0102-33062021abb0390	0000-0002-0964-8271	BR
10.1590/0102-33062021abb0390	0000-0003-2659-9157	BR
10.1590/0102-33062021abb0390	0000-0003-3912-0387	BR
10.1590/0102-33062022abb0006	0000-0001-5771-2429	BR
10.1590/0102-33062022abb0006	0000-0002-0964-8271	BR
10.1590/0102-33062022abb0006	0000-0002-3663-9856	BR
10.1590/0102-33062022abb0006	0000-0003-2659-9157	BR
10.1590/1519-6984.249008	0000-0002-7965-0270	BR
10.1590/1677-941X-ABB-2022-0147	0000-0002-1940-9581	BR
10.1590/1677-941X-ABB-2022-0147	0000-0002-6950-1335	BR
10.1590/1806-9665-RBENT-2021-0089	0000-0001-5270-2096	EC
10.1590/1982-0224-2021-0117	0000-0002-9634-6051	BR
10.1590/1982-0224-2021-0126	0000-0001-9365-4879	BR
10.1590/1982-0224-2021-0160	0000-0001-8710-6673	US
10.1590/1982-0224-2021-0160	0000-0003-0153-7160	US
10.1590/1982-0224-2021-0164	0000-0002-8816-5218	BR
10.1590/1982-0224-2022-0051	0000-0001-7740-1935	BR
10.1590/1982-0224-2022-0051	0000-0002-7483-2972	BR
10.1590/2175-7860202273034	0000-0001-9425-0884	BR
10.1590/2175-7860202273034	0000-0002-2175-3533	BR
10.1590/2175-7860202273034	0000-0002-6703-338X	CO
10.1590/2175-7860202273034	0000-0003-0944-2190	BR
10.1590/2358-2936e2022018	0000-0003-3288-4405	BR
10.1590/2358-2936e2022028	0000-0002-8497-187X	BR
10.1590/2358-2936e2022028	0000-0003-0470-8658	BR
10.1590/2358-2936e2022028	0000-0003-2246-2604	BR
10.1590/s1984-4689.v39.e21026	0000-0003-1657-2807	BR
10.1590/s1984-4689.v39.e22001	0000-0001-9042-0129	BR
10.1590/S1984-4689.v39.e22020	0000-0001-7377-0696	US
10.1590/S1984-4689.v39.e22020	0000-0002-0282-1043	BR
10.1590/S1984-4689.v39.e22020	0000-0002-0529-4162	BR
10.17109/azh.68.1.53.2022	0000-0001-5064-4785	RO
10.17109/azh.68.1.53.2022	0000-0002-9901-4554	GE
10.17109/azh.68.1.73.2022	0000-0002-0306-112X	RU
10.17109/azh.68.1.73.2022	0000-0002-0913-131X	RU
10.17109/azh.68.1.73.2022	0000-0002-1412-1554	TR
10.17109/azh.68.1.73.2022	0000-0002-2741-4946	RU
10.17109/azh.68.2.119.2022	0000-0001-7914-7942	RU
10.17109/azh.68.2.159.2022	0000-0001-7432-6239	DE
10.17109/azh.68.2.179.2022	0000-0002-1206-8681	DZ
10.17109/azh.68.3.217.2022	0000-0002-0913-131X	RU
10.17109/azh.68.3.217.2022	0000-0003-3115-6035	PH
10.17109/azh.68.3.231.2022	0000-0002-0913-131X	RU
10.17109/azh.68.3.239.2022	0000-0002-8846-5106	IN
10.17109/azh.68.3.239.2022	0000-0003-0083-6054	IN
10.17109/azh.68.3.261.2022	0000-0001-8963-631X	TR
10.17109/azh.68.3.261.2022	0000-0002-9782-5492	TR
10.17109/azh.68.3.261.2022	0000-0002-9916-2098	RU
10.17109/azh.68.4.293.2022	0000-0002-0913-131X	RU
10.17109/azh.68.4.293.2022	0000-0003-2928-5727	RU
10.17109/azh.68.4.321.2022	0000-0001-6031-7841	AU
10.17109/azh.68.4.341.2022	0000-0002-2026-1414	HU
10.17109/azh.68.4.375.2022	0000-0001-8003-5825	TR
10.17109/azh.68.4.375.2022	0000-0001-8053-4253	TR
10.17109/azh.68.4.375.2022	0000-0002-5579-5539	TR
10.17129/botsci.3221	0000-0001-9278-0208	MX
10.17129/botsci.3221	0000-0002-0695-8143	MX
10.17129/botsci.3221	0000-0002-7981-4490	MX
10.17129/botsci.3221	0000-0002-8621-0222	MX
10.17161/jom.i112.18128	0000-0003-3067-077X	US
10.17161/jom.i114.18568	0000-0003-3067-077X	US
10.17161/np.24.18498	0000-0003-3067-077X	US
10.21829/azm.2022.3812487	0000-0002-1404-6195	PE
10.21829/azm.2022.3812487	0000-0002-6331-4416	PE
10.24349/0gr3-3a6b	0000-0002-1074-5490	BR
10.24349/1vxa-ege3	0000-0001-7416-3580	PL
10.24349/7izc-dm2n	0000-0002-4033-9063	EG
10.24349/gsxm-p9jj	0000-0003-0091-6425	PL
10.24349/jkco-c4nu	0000-0002-1412-1554	TR
10.24349/jkco-c4nu	0000-0002-5310-0393	IR
10.24349/pfqk-ad5d	0000-0002-2561-5621	BT
10.24349/qrp6-e0na	0000-0002-4920-9556	CA
10.24349/tayr-ir00	0000-0002-7457-001X	US
10.24349/w600-25ar	0000-0001-6638-4578	BR
10.24349/w600-25ar	0000-0002-0643-1923	BR
10.24349/w600-25ar	0000-0002-8692-7207	BR
10.24349/z3ie-bf78	0000-0001-7689-5929	JP
10.24349/z3ie-bf78	0000-0002-8208-0758	AT
10.24823/ejb.2022.1875	0000-0001-7072-2656	BR
10.24823/ejb.2022.1875	0000-0001-7892-5757	BR
10.24823/ejb.2022.1895	0000-0001-9745-3222	GB
10.24823/ejb.2022.406	0000-0001-7072-2656	BR
10.24823/ejb.2022.406	0000-0002-4731-1311	BR
10.24823/ejb.2022.413	0000-0002-8677-5688	GB
10.24823/ejb.2022.624	0000-0001-8332-5326	BR
10.30906/1026-2296-2022-29-4-199-205	0000-0001-6878-2916	NG
10.30906/1026-2296-2022-29-5-255-261	0000-0001-8131-7840	TR
10.30906/1026-2296-2022-29-5-275-283	0000-0003-1838-472X	US
10.30906/1026-2296-2022-29-6-355-363	0000-0002-4151-1806	ID
10.32870/dugesiana.v29i1.7243	0000-0001-7456-5678	MX
10.32870/dugesiana.v29i2.7241	0000-0002-3182-6134	MX
10.32870/dugesiana.v29i2.7241	0000-0002-3502-9407	MX
10.32870/dugesiana.v29i2.7255	0000-0002-7453-9792	CO
10.32870/dugesiana.v29i2.7261	0000-0001-5423-3545	MX
10.32870/dugesiana.v29i2.7261	0000-0003-0422-6528	MX
10.32870/dugesiana.v29i2.7265	0000-0003-0876-0533	MX
10.32870/dugesiana.v29i2.7266	0000-0002-2277-7991	MX
10.32870/dugesiana.v29i2.7266	0000-0003-3848-7355	MX
10.32870/dugesiana.v29i2.7267	0000-0002-6698-2524	MX
10.32870/dugesiana.v29i2.7268	0000-0001-7456-5678	MX
10.32870/dugesiana.v29i2.7268	0000-0001-8726-2553	MX
10.3390/ani12010076	0000-0001-9452-198X	MY
10.3390/ani12010076	0000-0002-5778-4729	MY
10.3390/biology11060860	0000-0001-6038-9335	ES
10.3390/biology11060860	0000-0003-0138-4918	ES
10.3390/biology11060860	0000-0003-4220-4207	ES
10.3390/biology11060885	0000-0003-0526-9634	CN
10.3390/d14020149	0000-0003-0526-9634	CN
10.3390/d14030181	0000-0002-5624-1378	DE
10.3390/d14030200	0000-0002-2851-6557	BR
10.3390/d14040276	0000-0003-0167-4501	MX
10.3390/d14050337	0000-0002-4505-4104	IT
10.3390/d14050373	0000-0002-6724-6828	RU
10.3390/d14080620	0000-0002-0920-6449	RU
10.3390/d14080678	0000-0002-4921-0098	UA
10.3390/d14100848	0000-0002-0623-0275	MM
10.3390/d14100848	0000-0002-0817-7105	RU
10.3390/d14100848	0000-0002-3878-4192	RU
10.3390/d14111005	0000-0003-2030-7483	BR
10.3390/d14121010	0000-0002-6495-3674	RU
10.3390/foods11030346	0000-0002-3338-4667	CN
10.3390/ijms23031764	0000-0002-2971-0570	CN
10.3390/insects13030272	0000-0001-8596-0913	CN
10.3390/insects13080715	0000-0002-4436-5293	CN
10.3390/insects13121096	0000-0001-6427-7867	CN
10.3390/insects13121148	0000-0001-6427-7867	CN
10.3390/insects14010021	0000-0003-1204-1304	RU
10.3390/jmse10010065	0000-0002-0877-2553	RU
10.3390/jof8030225	0000-0003-1780-7735	CN
10.3390/jof8030256	0000-0003-1564-9446	CN
10.3390/jof8050501	0000-0002-3894-5398	CN
10.3390/jof8060613	0000-0001-9952-9542	CN
10.3390/jof8060613	0000-0002-0878-0932	US
10.3390/jof8060613	0000-0002-8706-4618	US
10.3390/jof8070647	0000-0003-1780-7735	CN
10.3390/jof8070720	0000-0001-8602-5193	CN
10.3390/jof8070720	0000-0002-9232-228X	CN
10.3390/jof8080766	0000-0003-1999-4001	TH
10.3390/jof8080773	0000-0002-8556-7692	IT
10.3390/jof8121279	0000-0002-0573-4340	DK
10.3390/jof8121279	0000-0002-6199-7030	BR
10.3390/jof8121297	0000-0003-4768-1547	BR
10.3390/microbiolres13010012	0000-0002-8365-2244	FR
10.3390/microorganisms10061098	0000-0001-6340-1993	ES
10.3390/microorganisms10061098	0000-0002-1483-401X	ES
10.3390/microorganisms10061098	0000-0002-4956-681X	ES
10.3390/microorganisms10071349	0000-0002-5802-2777	FJ
10.3390/microorganisms10112304	0000-0001-8510-9651	DE
10.3390/microorganisms10112304	0000-0002-5455-8662	DE
10.3390/microorganisms10112304	0000-0003-3854-9608	DE
10.3390/pathogens11020168	0000-0001-8892-6390	MX
10.3390/pathogens11030303	0000-0001-8148-0218	AT
10.3390/pathogens11030303	0000-0002-1958-2579	AT
10.3390/plants11030426	0000-0001-8199-6003	IT
10.3390/plants11030426	0000-0002-4861-3960	IT
10.3390/taxonomy2020014	0000-0002-6618-7029	RU
10.3390/v14010072	0000-0003-1538-9373	US
10.3390/v14020194	0000-0001-7793-7561	TH
10.3390/v14020213	0000-0002-3735-5011	PL
10.3390/v14020365	0000-0002-7772-2250	AU
10.3390/v14061120	0000-0003-4587-5372	CN
10.3390/v14071562	0000-0003-2035-6197	TW
10.3390/v14081612	0000-0002-2684-5680	CH
10.36253/jopt-12026	0000-0002-4154-283X	NG
10.36253/jopt-12026	0000-0003-3766-2254	NG
10.36253/jopt-12092	0000-0002-4250-1642	CR
10.36253/jopt-12092	0000-0002-8408-8841	CR
10.36253/jopt-12339	0000-0002-5131-9084	PH
10.36253/jopt-12854	0000-0002-0668-4840	BR
10.36253/jopt-13088	0000-0002-6952-1088	BR
10.36253/jopt-13250	0000-0001-9383-5127	BR
10.36253/jopt-13461	0000-0002-7651-6439	GB
10.36253/jopt-13461	0000-0003-1490-2702	PH
10.36253/jopt-13518	0000-0002-5131-9084	PH
10.36253/jopt-13518	0000-0002-7651-6439	GB
10.36253/jopt-13735	0000-0002-9331-6332	US
10.37828/em.2022.50.1	0000-0002-3878-4192	RU
10.37828/em.2022.50.1	0000-0002-9831-079X	RU
10.37828/em.2022.50.2	0000-0002-0913-131X	RU
10.37828/em.2022.50.4	0000-0001-7347-8169	RU
10.37828/em.2022.50.5	0000-0001-7347-8169	RU
10.37828/em.2022.50.6	0000-0001-7347-8169	RU
10.37828/em.2022.50.8	0000-0002-5658-8515	RU
10.37828/em.2022.50.9	0000-0002-5658-8515	RU
10.37828/em.2022.51.2	0000-0001-7347-8169	RU
10.37828/em.2022.51.4	0000-0001-7347-8169	RU
10.37828/em.2022.51.8	0000-0002-7922-9910	BG
10.37828/em.2022.52.1	0000-0002-3611-8022	CZ
10.37828/em.2022.52.4	0000-0001-7733-4760	RU
10.37828/em.2022.52.6	0000-0003-1492-8056	KZ
10.37828/em.2022.52.6	0000-0003-2196-280X	KZ
10.37828/em.2022.52.8	0000-0002-6657-0183	ID
10.37828/em.2022.52.9	0000-0001-7738-4776	UA
10.37828/em.2022.52.9	0000-0001-9443-8406	UA
10.37828/em.2022.52.9	0000-0002-1233-7650	UA
10.37828/em.2022.52.9	0000-0003-1894-0386	UA
10.37828/em.2022.52.9	0000-0003-4316-8324	UA
10.37828/em.2022.53.3	0000-0002-9317-8750	IQ
10.37828/em.2022.54.2	0000-0002-0582-9489	RU
10.37828/em.2022.54.2	0000-0002-5658-8515	RU
10.37828/em.2022.54.5	0000-0001-6567-9016	RU
10.37828/em.2022.54.5	0000-0002-3878-4192	RU
10.37828/em.2022.54.6	0000-0002-5668-0741	RU
10.37828/em.2022.54.7	0000-0002-2561-5621	BT
10.37828/em.2022.54.8	0000-0001-6567-9016	RU
10.37828/em.2022.56.1	0000-0002-3878-4192	RU
10.37828/em.2022.56.3	0000-0002-5668-0741	RU
10.37828/em.2022.56.3	0000-0002-6643-8633	RO
10.37828/em.2022.57.1	0000-0001-7347-8169	RU
10.37828/em.2022.57.2	0000-0002-2561-5621	BT
10.37828/em.2022.57.2	0000-0002-8729-5133	BT
10.37828/em.2022.57.3	0000-0003-2196-280X	KZ
10.37828/em.2022.57.6	0000-0001-7347-8169	RU
10.37828/em.2022.58.1	0000-0001-5204-0133	BY
10.37828/em.2022.58.1	0000-0001-9293-4377	RU
10.37828/em.2022.58.1	0000-0002-6270-7744	RU
10.37828/em.2022.58.1	0000-0003-0111-1573	BG
10.37828/em.2022.58.2	0000-0002-5668-0741	RU
10.37828/em.2022.60.10	0000-0002-9464-715X	RU
10.37828/em.2022.60.2	0000-0002-2345-2398	VN
10.37828/em.2022.60.3	0000-0001-8289-6821	VN
10.37828/em.2022.60.3	0000-0002-2345-2398	VN
10.37828/em.2022.60.3	0000-0003-4614-9436	VN
10.37828/em.2022.60.4	0000-0001-7207-2255	AT
10.37828/em.2022.60.7	0000-0001-7686-6845	KZ
10.37828/em.2022.60.7	0000-0003-2196-280X	KZ
10.3897/afrinvertebr.63.76309	0000-0003-4816-2909	US
10.3897/afrinvertebr.63.76934	0000-0001-6930-9741	ZA
10.3897/afrinvertebr.63.86661	0000-0002-4858-4629	EE
10.3897/afrinvertebr.63.94095	0000-0002-8320-8151	ZA
10.3897/asp.80.e76559	0000-0002-5048-9786	BR
10.3897/asp.80.e76559	0000-0002-6233-3615	BR
10.3897/BDJ.10.e75910	0000-0002-4455-5142	BR
10.3897/BDJ.10.e75910	0000-0002-4661-0272	BR
10.3897/BDJ.10.e75910	0000-0002-4731-1311	BR
10.3897/BDJ.10.e75910	0000-0002-7464-922X	BR
10.3897/BDJ.10.e75910	0000-0002-8162-7424	BR
10.3897/BDJ.10.e75910	0000-0002-8366-0738	BR
10.3897/BDJ.10.e75910	0000-0002-8366-0738	BR
10.3897/BDJ.10.e75910	0000-0002-9986-9640	BR
10.3897/BDJ.10.e75910	0000-0003-0862-0135	BR
10.3897/BDJ.10.e75910	0000-0003-2829-5587	BR
10.3897/bdj.10.e76904	0000-0002-6453-0057	BR
10.3897/bdj.10.e85029	0000-0002-4694-4870	CN
10.3897/BDJ.9.e75907	0000-0001-6671-2404	MU
10.3897/BDJ.9.e77224	0000-0001-7307-4885	CN
10.3897/compcytogen.v16.i2.79033	0000-0002-1375-2768	IN
10.3897/dez.69.68373	0000-0001-8241-0430	CN
10.3897/jhr.89.72083	0000-0001-5653-224X	BE
10.3897/jhr.89.75857	0000-0001-7459-3687	US
10.3897/jhr.89.79180	0000-0002-4827-7290	RU
10.3897/jhr.89.79200	0000-0002-0985-5852	CN
10.3897/jhr.89.79306	0000-0003-4764-2556	FI
10.3897/jhr.89.79832	0000-0001-6754-8028	US
10.3897/jhr.89.79832	0000-0002-5346-3477	RU
10.3897/jhr.89.80163	0000-0001-9729-5439	CH
10.3897/jhr.89.80163	0000-0002-3680-5172	FR
10.3897/jhr.89.81731	0000-0002-9601-3038	CO
10.3897/jhr.91.81624	0000-0001-7149-8561	GI
10.3897/jhr.91.82107	0000-0002-6651-8801	GB
10.3897/jhr.91.82381	0000-0003-4834-3283	CO
10.3897/jhr.91.82761	0000-0001-5653-224X	BE
10.3897/jhr.91.83618	0000-0002-2240-9689	BE
10.3897/jhr.91.85373	0000-0003-3769-1530	CN
10.3897/jhr.92.81380	0000-0001-9532-7396	CZ
10.3897/jhr.92.84146	0000-0002-8126-9620	RS
10.3897/jhr.92.85040	0000-0001-5926-2177	RO
10.3897/jhr.92.85040	0000-0002-9402-9570	US
10.3897/jhr.92.85967	0000-0002-5760-1371	US
10.3897/jhr.92.85967	0000-0003-4224-0689	CR
10.3897/jhr.92.85967	0000-0003-4801-8624	US
10.3897/jhr.92.86954	0000-0003-0976-4114	KR
10.3897/jhr.92.87084	0000-0001-7618-4326	DE
10.3897/jhr.92.87084	0000-0002-2541-5240	IT
10.3897/jhr.92.87084	0000-0002-4827-7290	RU
10.3897/jhr.92.87197	0000-0003-3067-077X	US
10.3897/jhr.92.87215	0000-0002-0703-951X	CZ
10.3897/jhr.92.87215	0000-0002-6077-0918	CZ
10.3897/jhr.92.87218	0000-0002-5346-3477	RU
10.3897/jhr.92.90098	0000-0001-7870-8226	RU
10.3897/jhr.93.85685	0000-0002-1164-6099	AU
10.3897/jhr.93.86723	0000-0003-0005-4183	DE
10.3897/jhr.93.86860	0000-0002-0004-1721	MX
10.3897/jhr.93.86860	0000-0003-1261-5320	MX
10.3897/jhr.93.90092	0000-0001-7870-8226	RU
10.3897/jhr.93.90092	0000-0002-5346-3477	RU
10.3897/jhr.93.90545	0000-0002-6887-2644	CZ
10.3897/jhr.93.90874	0000-0001-8880-1838	BE
10.3897/jhr.93.91298	0000-0002-9619-6065	BR
10.3897/jhr.93.91513	0000-0002-0703-951X	CZ
10.3897/jhr.93.94165	0000-0001-7629-3696	HK
10.3897/jhr.94.84617	0000-0003-3704-902X	LU
10.3897/jhr.94.85613	0000-0001-7467-5244	BR
10.3897/jhr.94.93512	0000-0003-2026-6247	BD
10.3897/jhr.94.94263	0000-0001-6930-9741	ZA
10.3897/jhr.94.94263	0000-0002-3724-1735	DE
10.3897/jhr.94.94263	0000-0003-0819-026X	RO
10.3897/jhr.94.94263	0000-0003-1360-3487	CH
10.3897/jhr.94.94584	0000-0002-2628-5003	US
10.3897/jhr.94.94677	0000-0002-9402-9570	US
10.3897/jhr.94.94773	0000-0002-4827-7290	RU
10.3897/jhr.94.95961	0000-0002-9402-9570	US
10.3897/jhr.94.96429	0000-0001-7870-8226	RU
10.3897/jor.31.70565	0000-0001-9170-7113	DE
10.3897/jor.31.73373	0000-0001-6650-3813	US
10.3897/jor.31.76075	0000-0002-2554-4499	HR
10.3897/jor.31.79332	0000-0001-7799-761X	AU
10.3897/jor.31.79819	0000-0002-3913-9814	NZ
10.3897/jor.31.79819	0000-0002-4680-8457	NZ
10.3897/jor.31.84135	0000-0001-9704-5990	BR
10.3897/jor.31.84135	0000-0003-2922-1571	BR
10.3897/mycokeys.85.75944	0000-0002-7436-7249	CN
10.3897/mycokeys.86.73861	0000-0001-6195-9299	ES
10.3897/mycokeys.86.76053	0000-0002-6840-5739	NO
10.3897/mycokeys.86.76053	0000-0002-7807-4187	IR
10.3897/mycokeys.86.76053	0000-0002-8052-0107	SE
10.3897/mycokeys.86.76053	0000-0002-9430-5520	ES
10.3897/mycokeys.86.76425	0000-0003-2214-4972	AU
10.3897/mycokeys.87.72614	0000-0002-0902-5066	CN
10.3897/mycokeys.87.72941	0000-0001-7784-6598	VN
10.3897/mycokeys.87.72941	0000-0003-3272-9464	BE
10.3897/mycokeys.87.72941	0000-0003-3589-6428	VN
10.3897/mycokeys.87.76125	0000-0002-3250-7346	CN
10.3897/mycokeys.88.73951	0000-0002-4503-3186	MX
10.3897/mycokeys.88.79346	0000-0002-4750-2871	CN
10.3897/mycokeys.88.79475	0000-0003-0956-6636	TH
10.3897/mycokeys.88.82229	0000-0002-7436-7249	CN
10.3897/mycokeys.90.78880	0000-0003-2025-844X	CN
10.3897/mycokeys.90.82871	0000-0002-7284-8671	DE
10.3897/mycokeys.90.82871	0000-0003-0191-0527	CM
10.3897/mycokeys.90.84562	0000-0002-2268-439X	TW
10.3897/mycokeys.90.84866	0000-0002-8052-0107	SE
10.3897/mycokeys.90.84866	0000-0003-4308-4972	SE
10.3897/mycokeys.91.86257	0000-0002-3939-3900	CN
10.3897/mycokeys.91.86812	0000-0002-3939-3900	CN
10.3897/mycokeys.92.83928	0000-0002-0964-2996	MX
10.3897/mycokeys.92.89960	0000-0001-8300-5613	PL
10.3897/mycokeys.92.89960	0000-0002-3431-4636	DE
10.3897/mycokeys.93.86580	0000-0003-2025-844X	CN
10.3897/mycokeys.93.87797	0000-0001-7307-4885	CN
10.3897/mycokeys.93.90962	0000-0002-3431-4636	DE
10.3897/mycokeys.93.94148	0000-0001-6055-7503	IR
10.3897/mycokeys.93.94148	0000-0002-7284-8671	DE
10.3897/mycokeys.94.95751	0000-0001-7080-0781	CN
10.3897/mycokeys.94.95751	0000-0001-8935-8807	CN
10.3897/natureconservation.50.86490	0000-0001-8456-2390	DE
10.3897/nl.45.68138	0000-0002-0418-4439	US
10.3897/nl.45.74236	0000-0002-6089-1218	HU
10.3897/nl.45.74236	0000-0003-1304-817X	HU
10.3897/nl.45.74236	0000-0003-3427-538X	HU
10.3897/nl.45.76043	0000-0002-5721-1840	NL
10.3897/nl.45.76222	0000-0001-7017-8451	PT
10.3897/nl.45.80106	0000-0002-6089-1218	HU
10.3897/nl.45.80106	0000-0003-3427-538X	HU
10.3897/nl.45.81451	0000-0002-4239-9756	BG
10.3897/nl.45.81674	0000-0003-2278-2368	FR
10.3897/nl.45.94938	0000-0002-0112-8837	NO
10.3897/phytokeys.186.69878	0000-0002-1518-9470	VN
10.3897/phytokeys.188.73370	0000-0002-2390-5078	CL
10.3897/phytokeys.188.75739	0000-0002-7674-7050	MX
10.3897/phytokeys.188.76611	0000-0002-4515-4316	CN
10.3897/phytokeys.189.73959	0000-0002-7407-4542	CL
10.3897/phytokeys.189.75321	0000-0001-7143-1332	MZ
10.3897/phytokeys.189.75321	0000-0002-7744-2195	IT
10.3897/phytokeys.189.76464	0000-0002-3839-3757	MX
10.3897/phytokeys.189.77839	0000-0003-1480-8003	PL
10.3897/phytokeys.189.77926	0000-0002-4735-168X	CN
10.3897/phytokeys.189.78149	0000-0002-0584-307X	GB
10.3897/phytokeys.189.78149	0000-0002-8516-325X	CN
10.3897/phytokeys.190.72740	0000-0002-3009-9158	CO
10.3897/phytokeys.190.76111	0000-0002-9504-5441	BR
10.3897/phytokeys.190.76494	0000-0001-5472-9751	VN
10.3897/phytokeys.190.76494	0000-0002-1415-8808	CZ
10.3897/phytokeys.190.76494	0000-0003-4490-3490	SG
10.3897/phytokeys.190.79185	0000-0002-1609-8343	SG
10.3897/phytokeys.191.73714	0000-0001-5122-1776	KE
10.3897/phytokeys.191.73714	0000-0003-1280-7103	KE
10.3897/phytokeys.191.78489	0000-0001-7937-2381	CN
10.3897/phytokeys.192.78409	0000-0002-1594-2418	PL
10.3897/phytokeys.192.78409	0000-0002-2461-5750	PL
10.3897/phytokeys.192.79702	0000-0002-6773-0580	KR
10.3897/phytokeys.192.79702	0000-0002-8827-8239	MN
10.3897/phytokeys.192.79702	0000-0003-2220-826X	RU
10.3897/phytokeys.192.79702	0000-0003-3772-3301	MN
10.3897/phytokeys.192.81571	0000-0001-5347-5403	PL
10.3897/phytokeys.192.81571	0000-0002-0496-1023	PL
10.3897/phytokeys.193.70757	0000-0002-4394-4605	RU
10.3897/phytokeys.193.79886	0000-0002-5346-3477	RU
10.3897/phytokeys.193.80327	0000-0002-2676-9059	CN
10.3897/phytokeys.193.80715	0000-0002-0062-6930	CN
10.3897/phytokeys.194.77827	0000-0003-1929-3264	DE
10.3897/phytokeys.194.79638	0000-0002-4081-4047	EC
10.3897/phytokeys.194.79638	0000-0002-8509-6587	FR
10.3897/phytokeys.194.80129	0000-0002-1223-0175	VN
10.3897/phytokeys.194.81335	0000-0003-3089-8184	CN
10.3897/phytokeys.194.81652	0000-0003-1480-8003	PL
10.3897/phytokeys.195.80452	0000-0002-8449-7856	CN
10.3897/phytokeys.195.81370	0000-0001-9008-273X	IT
10.3897/phytokeys.195.81370	0000-0003-4551-2432	ES
10.3897/phytokeys.195.81632	0000-0003-1868-1265	BE
10.3897/phytokeys.195.82411	0000-0001-6541-4413	CN
10.3897/phytokeys.195.82789	0000-0002-8507-2307	CN
10.3897/phytokeys.195.83004	0000-0001-9288-0882	CN
10.3897/phytokeys.195.83004	0000-0003-0281-1504	CN
10.3897/phytokeys.196.77940	0000-0003-0106-3209	DE
10.3897/phytokeys.196.82598	0000-0002-1594-2418	PL
10.3897/phytokeys.196.82598	0000-0002-6537-8018	RU
10.3897/phytokeys.196.83176	0000-0002-4232-3567	CN
10.3897/phytokeys.196.83176	0000-0003-1822-4486	CN
10.3897/phytokeys.197.73596	0000-0002-7036-7081	VN
10.3897/phytokeys.197.79499	0000-0003-4144-2422	BE
10.3897/phytokeys.197.84833	0000-0002-6197-2132	US
10.3897/phytokeys.198.79514	0000-0001-7698-3945	GB
10.3897/phytokeys.198.79514	0000-0002-8112-0754	FR
10.3897/phytokeys.199.76693	0000-0001-5161-6196	MY
10.3897/phytokeys.199.83107	0000-0002-6815-7595	JP
10.3897/phytokeys.199.85717	0000-0002-8779-5592	CN
10.3897/phytokeys.199.85717	0000-0003-1822-4486	CN
10.3897/phytokeys.201.79626	0000-0002-0584-307X	GB
10.3897/phytokeys.201.79626	0000-0002-8516-325X	CN
10.3897/phytokeys.201.80774	0000-0002-0763-0780	ZA
10.3897/phytokeys.201.82872	0000-0001-5579-5101	PL
10.3897/phytokeys.201.82872	0000-0002-4160-0235	GB
10.3897/phytokeys.201.83316	0000-0002-2720-7824	CO
10.3897/phytokeys.201.84699	0000-0002-7761-7127	CN
10.3897/phytokeys.201.84911	0000-0002-4548-7268	CN
10.3897/phytokeys.201.84911	0000-0002-6815-7595	JP
10.3897/phytokeys.201.84911	0000-0003-1841-3818	MM
10.3897/phytokeys.201.86180	0000-0001-8325-5954	CN
10.3897/phytokeys.202.76344	0000-0001-7763-5133	CN
10.3897/phytokeys.202.80554	0000-0003-4821-0608	PL
10.3897/phytokeys.202.82101	0000-0001-7698-3945	GB
10.3897/phytokeys.202.82101	0000-0002-3511-1478	CO
10.3897/phytokeys.202.82786	0000-0001-5718-5737	CN
10.3897/phytokeys.202.84688	0000-0001-5718-5737	CN
10.3897/phytokeys.202.85410	0000-0003-2085-3388	CN
10.3897/phytokeys.202.85410	0000-0003-2239-0487	CN
10.3897/phytokeys.202.87306	0000-0001-6664-7657	FI
10.3897/phytokeys.202.87306	0000-0003-2220-826X	RU
10.3897/phytokeys.202.87306	0000-0003-2541-6494	RU
10.3897/phytokeys.202.87464	0000-0001-7763-5133	CN
10.3897/phytokeys.203.83529	0000-0002-9925-1795	PE
10.3897/phytokeys.204.85256	0000-0001-6008-3264	MA
10.3897/phytokeys.204.85746	0000-0003-2239-0487	CN
10.3897/phytokeys.204.86857	0000-0002-0062-6930	CN
10.3897/phytokeys.204.87654	0000-0003-1483-9651	US
10.3897/phytokeys.204.89690	0000-0001-7937-2381	CN
10.3897/phytokeys.205.79144	0000-0001-8198-8898	US
10.3897/phytokeys.205.82220	0000-0001-7000-6641	BR
10.3897/phytokeys.205.82220	0000-0002-5732-1716	BR
10.3897/phytokeys.205.82256	0000-0001-5520-0104	BO
10.3897/phytokeys.205.82275	0000-0001-9269-7316	BR
10.3897/phytokeys.205.82275	0000-0002-5732-1716	BR
10.3897/phytokeys.205.82300	0000-0003-3212-9688	CA
10.3897/phytokeys.205.82728	0000-0001-6034-2940	MX
10.3897/phytokeys.205.82728	0000-0003-1707-4121	MX
10.3897/phytokeys.205.82728	0000-0003-4994-6465	MX
10.3897/phytokeys.206.75971	0000-0002-5601-540X	CO
10.3897/phytokeys.206.75971	0000-0002-6539-4149	CO
10.3897/phytokeys.206.77379	0000-0002-0779-8006	BE
10.3897/phytokeys.206.77379	0000-0003-1085-6075	GB
10.3897/phytokeys.206.84227	0000-0002-3229-1880	RU
10.3897/phytokeys.206.84716	0000-0003-1610-2944	CN
10.3897/phytokeys.206.85635	0000-0002-1518-9470	VN
10.3897/phytokeys.206.85635	0000-0002-3136-5489	JP
10.3897/phytokeys.206.85673	0000-0002-8228-6406	PL
10.3897/phytokeys.206.89338	0000-0003-0271-0973	CN
10.3897/phytokeys.207.61432	0000-0002-8509-6587	FR
10.3897/phytokeys.208.80382	0000-0003-1158-1501	MX
10.3897/phytokeys.208.80382	0000-0003-1423-7474	MX
10.3897/phytokeys.208.89552	0000-0001-7556-3682	KR
10.3897/phytokeys.208.89552	0000-0002-3837-6084	KR
10.3897/phytokeys.208.89552	0000-0002-8987-4710	KR
10.3897/phytokeys.209.87681	0000-0001-7698-3945	GB
10.3897/phytokeys.210.85668	0000-0002-3202-7334	MX
10.3897/phytokeys.210.85668	0000-0002-7981-4490	MX
10.3897/phytokeys.210.85668	0000-0003-4538-3896	MX
10.3897/phytokeys.210.86067	0000-0002-8987-4710	KR
10.3897/phytokeys.210.90438	0000-0001-8160-089X	CN
10.3897/phytokeys.210.90438	0000-0001-9491-9197	CN
10.3897/phytokeys.210.90438	0000-0002-8516-325X	CN
10.3897/phytokeys.210.90598	0000-0002-4226-9847	TW
10.3897/phytokeys.211.87842	0000-0001-9003-1510	CL
10.3897/phytokeys.211.89408	0000-0003-2220-826X	RU
10.3897/phytokeys.211.89408	0000-0003-2541-6494	RU
10.3897/phytokeys.211.90456	0000-0003-2259-0665	CN
10.3897/phytokeys.211.93650	0000-0001-7763-5133	CN
10.3897/phytokeys.212.82604	0000-0002-6773-0580	KR
10.3897/phytokeys.212.89253	0000-0003-4308-880X	IN
10.3897/phytokeys.212.91536	0000-0002-3136-5489	JP
10.3897/phytokeys.213.82627	0000-0001-7089-2946	CU
10.3897/phytokeys.213.82627	0000-0002-7530-9024	MX
10.3897/phytokeys.213.82627	0000-0002-8959-150X	CU
10.3897/phytokeys.213.89875	0000-0001-7350-9236	IN
10.3897/phytokeys.213.89875	0000-0002-4164-7738	IN
10.3897/phytokeys.213.89875	0000-0002-6807-0991	IN
10.3897/phytokeys.213.91116	0000-0001-9493-1436	MY
10.3897/phytokeys.213.94302	0000-0002-1300-0873	PL
10.3897/phytokeys.213.95614	0000-0001-9288-0882	CN
10.3897/phytokeys.213.96203	0000-0003-2206-5297	CN
10.3897/phytokeys.214.89404	0000-0002-1952-6059	HR
10.3897/phytokeys.214.89404	0000-0002-7275-4851	HR
10.3897/phytokeys.214.89404	0000-0003-4719-3711	IT
10.3897/phytokeys.214.93607	0000-0001-5869-8649	CN
10.3897/phytokeys.214.95125	0000-0001-5629-1503	ES
10.3897/phytokeys.214.95125	0000-0002-2439-4214	ES
10.3897/phytokeys.214.95125	0000-0003-2396-4649	ES
10.3897/phytokeys.214.97612	0000-0001-9003-1510	CL
10.3897/phytokeys.215.90859	0000-0002-0062-6930	CN
10.3897/phytokeys.215.91061	0000-0001-8325-5954	CN
10.3897/phytokeys.215.91458	0000-0002-9739-0994	TH
10.3897/phytokeys.215.93684	0000-0002-1518-9470	VN
10.3897/phytokeys.215.94010	0000-0002-4990-724X	CN
10.3897/phytokeys.215.96263	0000-0003-4831-7712	PL
10.3897/phytokeys.215.96362	0000-0001-7763-5133	CN
10.3897/phytokeys.215.96362	0000-0003-1483-9651	US
10.3897/phytokeys.216.85972	0000-0002-2549-9253	US
10.3897/subtbiol.42.73524	0000-0001-7852-1568	RO
10.3897/subtbiol.42.73524	0000-0002-1262-0675	RO
10.3897/subtbiol.42.73524	0000-0002-2970-6635	RO
10.3897/subtbiol.42.75725	0000-0001-9350-4686	BR
10.3897/subtbiol.42.75725	0000-0002-3251-7739	CO
10.3897/subtbiol.42.75725	0000-0002-9515-4832	BR
10.3897/subtbiol.42.75784	0000-0002-8529-468X	IT
10.3897/subtbiol.42.78074	0000-0003-3288-4405	BR
10.3897/subtbiol.42.79190	0000-0001-9612-9906	BR
10.3897/subtbiol.42.79190	0000-0003-3288-4405	BR
10.3897/subtbiol.42.80274	0000-0003-2682-1643	BR
10.3897/subtbiol.42.80274	0000-0003-3288-4405	BR
10.3897/subtbiol.42.81486	0000-0003-2510-5581	IT
10.3897/subtbiol.43.73185	0000-0003-3288-4405	BR
10.3897/subtbiol.43.81308	0000-0003-2682-1643	BR
10.3897/subtbiol.43.81308	0000-0003-3288-4405	BR
10.3897/subtbiol.43.82158	0000-0002-8136-6965	IT
10.3897/subtbiol.43.82158	0000-0003-4535-3769	IT
10.3897/subtbiol.44.77980	0000-0002-7826-5303	MX
10.3897/subtbiol.44.86565	0000-0002-0321-3146	MX
10.3897/subtbiol.44.87295	0000-0001-7201-4282	SI
10.3897/subtbiol.44.87295	0000-0003-4576-5173	SI
10.3897/vz.72.e76046	0000-0002-8267-4708	IN
10.3897/vz.72.e76046	0000-0002-8826-9367	IN
10.3897/vz.72.e76046	0000-0003-1536-5793	IN
10.3897/vz.72.e76308	0000-0002-7956-089X	IN
10.3897/vz.72.e77702	0000-0002-5357-1953	MY
10.3897/vz.72.e78219	0000-0002-3410-6669	EC
10.3897/vz.72.e78828	0000-0003-3318-7193	BR
10.3897/vz.72.e78830	0000-0002-4613-7761	DK
10.3897/vz.72.e78830	0000-0003-0747-0817	DE
10.3897/vz.72.e80019	0000-0003-4249-7767	CN
10.3897/vz.72.e82343	0000-0002-7956-089X	IN
10.3897/vz.72.e82709	0000-0001-9588-9225	AR
10.3897/vz.72.e83544	0000-0001-7587-3648	CH
10.3897/vz.72.e83544	0000-0001-7611-5793	FI
10.3897/vz.72.e83544	0000-0002-9964-1646	CH
10.3897/vz.72.e84516	0000-0001-7654-3878	HK
10.3897/vz.72.e84732	0000-0002-3068-3098	AT
10.3897/vz.72.e85269	0000-0002-0591-9978	PT
10.3897/vz.72.e85269	0000-0002-1712-2632	PT
10.3897/vz.72.e85269	0000-0002-7778-1963	ZA
10.3897/vz.72.e85269	0000-0003-0805-9683	ZA
10.3897/vz.72.e86348	0000-0002-6247-6181	MX
10.3897/vz.72.e87313	0000-0001-5214-2498	BR
10.3897/vz.72.e87313	0000-0002-5978-9312	CO
10.3897/vz.72.e89647	0000-0002-1566-7460	GB
10.3897/vz.72.e89660	0000-0002-8826-9367	IN
10.3897/vz.72.e89660	0000-0003-1536-5793	IN
10.3897/vz.72.e90435	0000-0001-7035-8276	BR
10.3897/vz.72.e90435	0000-0003-4586-5633	BR
10.3897/vz.72.e90474	0000-0001-6403-5032	KW
10.3897/vz.72.e90474	0000-0002-4071-0301	KW
10.3897/vz.72.e90958	0000-0001-9519-6461	AR
10.3897/vz.72.e90958	0000-0002-3438-911X	BR
10.3897/vz.72.e90958	0000-0003-1657-2807	BR
10.3897/vz.72.e94799	0000-0002-7956-089X	IN
10.3897/vz.72.e95681	0000-0002-7778-1963	ZA
10.3897/zookeys.1074.75551	0000-0001-6613-1343	BR
10.3897/zookeys.1074.75551	0000-0002-4653-3270	US
10.3897/zookeys.1080.71192	0000-0002-8597-8846	MX
10.3897/zookeys.1080.71370	0000-0003-0073-7929	KW
10.3897/zookeys.1081.63009	0000-0001-7747-6451	PA
10.3897/zookeys.1081.63009	0000-0001-8053-3373	PA
10.3897/zookeys.1081.71488	0000-0001-7828-8698	EC
10.3897/zookeys.1081.71488	0000-0003-3655-2678	EC
10.3897/zookeys.1081.71872	0000-0002-4653-3270	US
10.3897/zookeys.1081.77072	0000-0002-3290-5416	CN
10.3897/zookeys.1082.69851	0000-0001-8299-6697	DE
10.3897/zookeys.1083.69047	0000-0003-4001-3378	BR
10.3897/zookeys.1083.75624	0000-0001-7784-2386	JP
10.3897/zookeys.1083.76887	0000-0002-0650-5443	CN
10.3897/zookeys.1084.77038	0000-0002-6098-5820	HN
10.3897/zookeys.1084.78405	0000-0002-8166-0021	TH
10.3897/zookeys.1084.79415	0000-0001-7983-0194	TR
10.3897/zookeys.1085.76853	0000-0001-9055-1073	FI
10.3897/zookeys.1085.76853	0000-0002-0112-8837	NO
10.3897/zookeys.1085.76868	0000-0001-6379-1004	US
10.3897/zookeys.1085.77900	0000-0002-7471-4992	DE
10.3897/zookeys.1085.77966	0000-0001-5675-1864	CN
10.3897/zookeys.1085.77966	0000-0002-3290-5416	CN
10.3897/zookeys.1086.68015	0000-0001-8119-9960	FI
10.3897/zookeys.1086.77554	0000-0002-7197-6751	CN
10.3897/zookeys.1087.64382	0000-0003-2237-9325	FI
10.3897/zookeys.1087.76720	0000-0003-0425-0309	CA
10.3897/zookeys.1087.78193	0000-0002-3854-4893	JP
10.3897/zookeys.1087.78193	0000-0002-4050-8728	JP
10.3897/zookeys.1088.78139	0000-0002-2146-2592	AU
10.3897/zookeys.1088.79021	0000-0002-0980-1651	PH
10.3897/zookeys.1089.72645	0000-0002-4945-5423	CA
10.3897/zookeys.1089.77203	0000-0002-5893-4936	CN
10.3897/zookeys.1089.77273	0000-0003-4421-3342	TW
10.3897/zookeys.1089.78000	0000-0003-3067-077X	US
10.3897/zookeys.1089.79716	0000-0002-5687-8299	LT
10.3897/zookeys.1090.75823	0000-0002-4837-2554	RU
10.3897/zookeys.1090.76292	0000-0002-2586-7239	SE
10.3897/zookeys.1090.78741	0000-0002-7691-5990	CZ
10.3897/zookeys.1091.79085	0000-0003-0811-2309	PL
10.3897/zookeys.1091.80094	0000-0001-9273-0040	VN
10.3897/zookeys.1092.73299	0000-0002-1624-964X	JP
10.3897/zookeys.1092.79635	0000-0002-9228-1174	SK
10.3897/zookeys.1092.80645	0000-0002-6764-5167	IN
10.3897/zookeys.1092.81701	0000-0001-7532-3822	BR
10.3897/zookeys.1093.72339	0000-0002-7090-6612	DE
10.3897/zookeys.1094.62644	0000-0001-5091-5848	FR
10.3897/zookeys.1094.62644	0000-0002-1314-755X	US
10.3897/zookeys.1094.62644	0000-0002-2519-1937	UA
10.3897/zookeys.1094.62644	0000-0002-6051-5925	DE
10.3897/zookeys.1094.62644	0000-0002-6368-3529	US
10.3897/zookeys.1094.62644	0000-0002-9204-3352	IT
10.3897/zookeys.1095.72829	0000-0001-7822-3667	CN
10.3897/zookeys.1095.76731	0000-0002-1312-6142	GB
10.3897/zookeys.1095.80097	0000-0002-4297-8221	JP
10.3897/zookeys.1096.73485	0000-0001-7005-1151	US
10.3897/zookeys.1096.73485	0000-0001-7377-0696	US
10.3897/zookeys.1097.76426	0000-0001-7817-4156	MX
10.3897/zookeys.1097.76426	0000-0001-8927-4320	MX
10.3897/zookeys.1097.82527	0000-0002-6666-8746	CN
10.3897/zookeys.1097.83215	0000-0001-5751-8706	DE
10.3897/zookeys.1097.83916	0000-0002-1231-4213	RS
10.3897/zookeys.1099.76479	0000-0002-2586-7239	SE
10.3897/zookeys.1100.76142	0000-0002-4837-2554	RU
10.3897/zookeys.1100.78979	0000-0003-3092-4194	GR
10.3897/zookeys.1100.79569	0000-0002-7753-9368	JP
10.3897/zookeys.1100.85374	0000-0002-3290-5416	CN
10.3897/zookeys.1100.85374	0000-0002-3304-5470	RU
10.3897/zookeys.1101.76711	0000-0003-4576-5173	SI
10.3897/zookeys.1101.77212	0000-0001-5492-4493	BE
10.3897/zookeys.1101.77216	0000-0002-5636-8299	FR
10.3897/zookeys.1101.79043	0000-0001-9350-4686	BR
10.3897/zookeys.1101.79043	0000-0002-3251-7739	CO
10.3897/zookeys.1101.79043	0000-0002-9515-4832	BR
10.3897/zookeys.1101.81016	0000-0003-1809-0078	SI
10.3897/zookeys.1101.86064	0000-0003-3213-2502	CY
10.3897/zookeys.1102.76800	0000-0001-7822-3667	CN
10.3897/zookeys.1102.81247	0000-0001-7881-9436	BR
10.3897/zookeys.1102.81247	0000-0002-1371-266X	CN
10.3897/zookeys.1102.81247	0000-0002-1669-6124	BR
10.3897/zookeys.1102.82228	0000-0002-9392-2463	MY
10.3897/zookeys.1102.82228	0000-0003-0700-5579	MY
10.3897/zookeys.1102.82228	0000-0003-1699-3919	MY
10.3897/zookeys.1102.82388	0000-0002-7724-3831	AU
10.3897/zookeys.1102.82466	0000-0003-3067-077X	US
10.3897/zookeys.1103.83650	0000-0001-8312-6087	ES
10.3897/zookeys.1103.83650	0000-0002-2233-5480	ES
10.3897/zookeys.1103.83650	0000-0003-3067-077X	US
10.3897/zookeys.1103.83795	0000-0002-8728-9585	US
10.3897/zookeys.1103.84415	0000-0003-2463-2742	SA
10.3897/zookeys.1103.84672	0000-0001-6577-5358	TH
10.3897/zookeys.1104.79411	0000-0002-8465-3134	BR
10.3897/zookeys.1104.81562	0000-0001-9266-8259	CI
10.3897/zookeys.1104.81562	0000-0003-4748-157X	ES
10.3897/zookeys.1104.81879	0000-0002-4102-5808	UY
10.3897/zookeys.1104.81879	0000-0003-4027-9205	BR
10.3897/zookeys.1104.82396	0000-0002-4613-7761	DK
10.3897/zookeys.1104.82396	0000-0002-7816-3083	GB
10.3897/zookeys.1104.83264	0000-0001-5632-6622	CN
10.3897/zookeys.1105.85055	0000-0003-1657-2807	BR
10.3897/zookeys.1106.81364	0000-0003-3305-7567	PT
10.3897/zookeys.1108.81725	0000-0002-7328-2577	TW
10.3897/zookeys.1108.81725	0000-0003-1093-677X	CN
10.3897/zookeys.1108.85423	0000-0001-9273-0040	VN
10.3897/zookeys.1108.85655	0000-0001-7822-3667	CN
10.3897/zookeys.1109.80775	0000-0003-0355-6648	CO
10.3897/zookeys.1109.83863	0000-0003-0068-7669	ES
10.3897/zookeys.1109.85565	0000-0001-6223-4759	HR
10.3897/zookeys.1109.85565	0000-0002-2554-4499	HR
10.3897/zookeys.1109.85565	0000-0002-5710-1916	HR
10.3897/zookeys.1110.82173	0000-0001-5263-1697	CN
10.3897/zookeys.1110.83228	0000-0002-7155-4540	FR
10.3897/zookeys.1111.68665	0000-0001-5630-9865	BR
10.3897/zookeys.1111.68665	0000-0001-8044-1348	MX
10.3897/zookeys.1111.72345	0000-0003-1853-6340	US
10.3897/zookeys.1111.76884	0000-0001-5630-9865	BR
10.3897/zookeys.1111.76884	0000-0001-8044-1348	MX
10.3897/zookeys.1111.77413	0000-0001-8044-1348	MX
10.3897/zookeys.1111.77413	0000-0003-0075-5609	MX
10.3897/zookeys.1111.77413	0000-0003-1720-2066	MX
10.3897/zookeys.1111.77541	0000-0003-3975-3176	BR
10.3897/zookeys.1111.77581	0000-0002-5048-9786	BR
10.3897/zookeys.1111.77581	0000-0002-9094-443X	BR
10.3897/zookeys.1111.77581	0000-0003-3975-3176	BR
10.3897/zookeys.1111.83120	0000-0002-7554-0816	PE
10.3897/zookeys.1111.85307	0000-0002-7554-0816	PE
10.3897/zookeys.1111.85361	0000-0003-1853-6340	US
10.3897/zookeys.1112.82307	0000-0001-6930-9741	ZA
10.3897/zookeys.1112.84475	0000-0002-4497-2392	CN
10.3897/zookeys.1112.85950	0000-0001-5031-9018	JP
10.3897/zookeys.1112.87591	0000-0002-8728-9585	US
10.3897/zookeys.1113.82172	0000-0002-5683-662X	AU
10.3897/zookeys.1113.82172	0000-0002-9489-074X	GB
10.3897/zookeys.1113.85448	0000-0001-8118-3256	IN
10.3897/zookeys.1113.85448	0000-0002-6506-5134	UA
10.3897/zookeys.1113.85448	0000-0002-9952-4335	IN
10.3897/zookeys.1113.85448	0000-0003-3397-3397	CH
10.3897/zookeys.1113.85769	0000-0002-3664-6730	PE
10.3897/zookeys.1113.85769	0000-0003-3930-6480	PE
10.3897/zookeys.1114.77692	0000-0003-2030-7483	BR
10.3897/zookeys.1114.81696	0000-0002-1248-1142	KR
10.3897/zookeys.1114.84361	0000-0003-4160-7629	CA
10.3897/zookeys.1114.86182	0000-0001-7503-844X	CN
10.3897/zookeys.1115.80146	0000-0002-1185-658X	SK
10.3897/zookeys.1115.81668	0000-0002-3502-9407	MX
10.3897/zookeys.1115.83266	0000-0001-5557-7120	KR
10.3897/zookeys.1115.84527	0000-0001-7503-844X	CN
10.3897/zookeys.1115.85249	0000-0001-7125-5404	CN
10.3897/zookeys.1115.85249	0000-0002-3647-1416	CN
10.3897/zookeys.1116.82858	0000-0002-3290-5416	CN
10.3897/zookeys.1116.83236	0000-0002-0980-1651	PH
10.3897/zookeys.1116.83236	0000-0002-3828-5107	PH
10.3897/zookeys.1116.84577	0000-0003-0714-5301	SI
10.3897/zookeys.1116.86906	0000-0002-0980-1651	PH
10.3897/zookeys.1117.83539	0000-0003-3397-3397	CH
10.3897/zookeys.1117.86984	0000-0003-1853-6340	US
10.3897/zookeys.1117.89211	0000-0001-7822-3667	CN
10.3897/zookeys.1117.89211	0000-0002-3290-5416	CN
10.3897/zookeys.1118.83156	0000-0001-7510-3117	JP
10.3897/zookeys.1118.84686	0000-0001-5110-6583	IN
10.3897/zookeys.1118.84686	0000-0002-9628-3089	IN
10.3897/zookeys.1118.84686	0000-0003-0097-318X	IN
10.3897/zookeys.1118.84686	0000-0003-1788-1644	IN
10.3897/zookeys.1118.86448	0000-0001-7521-3930	AU
10.3897/zookeys.1118.86448	0000-0002-2178-791X	BR
10.3897/zookeys.1118.89337	0000-0002-3290-5416	CN
10.3897/zookeys.1119.80233	0000-0003-3314-1443	CA
10.3897/zookeys.1120.87067	0000-0003-4249-7767	CN
10.3897/zookeys.1120.87483	0000-0002-7243-1657	CN
10.3897/zookeys.1120.90206	0000-0001-7870-8226	RU
10.3897/zookeys.1121.85489	0000-0003-4531-1008	JP
10.3897/zookeys.1121.85693	0000-0003-0805-9683	ZA
10.3897/zookeys.1121.85693	0000-0003-3125-9536	ZA
10.3897/zookeys.1121.85693	0000-0003-4380-9427	ES
10.3897/zookeys.1121.89539	0000-0002-0014-3728	EC
10.3897/zookeys.1121.89613	0000-0003-1666-0209	DZ
10.3897/zookeys.1121.89613	0000-0003-3397-3397	CH
10.3897/zookeys.1122.82993	0000-0002-3878-4192	RU
10.3897/zookeys.1122.82993	0000-0002-6965-7137	RU
10.3897/zookeys.1122.82993	0000-0002-9831-079X	RU
10.3897/zookeys.1122.85721	0000-0001-5571-8245	RS
10.3897/zookeys.1122.85721	0000-0002-1642-0363	BG
10.3897/zookeys.1122.85721	0000-0002-4475-0394	DE
10.3897/zookeys.1122.85721	0000-0002-4609-0051	RO
10.3897/zookeys.1122.85791	0000-0001-5131-7700	IR
10.3897/zookeys.1122.89990	0000-0001-7521-3930	AU
10.3897/zookeys.1122.89990	0000-0002-9464-1938	AU
10.3897/zookeys.1122.94672	0000-0003-3314-1443	CA
10.3897/zookeys.1123.77217	0000-0002-4837-2554	RU
10.3897/zookeys.1123.86261	0000-0003-0445-9612	PK
10.3897/zookeys.1123.86960	0000-0002-9570-5518	JP
10.3897/zookeys.1123.90308	0000-0001-5150-0281	PH
10.3897/zookeys.1124.83811	0000-0002-7885-321X	CN
10.3897/zookeys.1124.85952	0000-0002-3290-5416	CN
10.3897/zookeys.1124.87861	0000-0002-2972-3881	CN
10.3897/zookeys.1124.89282	0000-0002-2738-5364	VN
10.3897/zookeys.1125.85431	0000-0001-8810-2025	CN
10.3897/zookeys.1125.85741	0000-0002-3290-5416	CN
10.3897/zookeys.1125.90802	0000-0002-8166-0021	TH
10.3897/zookeys.1125.94060	0000-0001-6577-5358	TH
10.3897/zookeys.1125.94925	0000-0003-4531-1008	JP
10.3897/zookeys.1127.84628	0000-0002-4782-3536	SR
10.3897/zookeys.1127.84628	0000-0002-6313-3690	US
10.3897/zookeys.1127.84942	0000-0003-0805-9683	ZA
10.3897/zookeys.1127.84942	0000-0003-4380-9427	ES
10.3897/zookeys.1127.85737	0000-0001-5710-2006	MG
10.3897/zookeys.1127.85737	0000-0002-0833-8730	MG
10.3897/zookeys.1127.86004	0000-0003-4883-0022	US
10.3897/zookeys.1128.89751	0000-0001-5993-9782	US
10.3897/zookeys.1128.89751	0000-0003-3284-2555	NZ
10.3897/zookeys.1129.82981	0000-0001-8794-5776	KR
10.3897/zookeys.1129.82981	0000-0002-2274-4639	KR
10.3897/zookeys.1129.82981	0000-0003-1807-4799	US
10.3897/zookeys.1129.90535	0000-0001-6577-5358	TH
10.3897/zookeys.1129.90986	0000-0001-7950-193X	ZA
10.3897/zookeys.1130.81874	0000-0001-7347-0845	US
10.3897/zookeys.1130.86413	0000-0001-8943-8196	US
10.3897/zookeys.1130.87730	0000-0002-4479-4995	IN
10.3897/zookeys.1130.91039	0000-0002-8166-0021	TH
10.3897/zookeys.1130.91039	0000-0003-3397-3397	CH
10.3897/zookeys.1130.91467	0000-0002-3290-5416	CN
10.3897/zookeys.1132.86022	0000-0001-7784-2386	JP
10.3897/zookeys.1132.87629	0000-0002-9464-1938	AU
10.3897/zookeys.1132.87629	0000-0003-3280-6239	NO
10.3897/zookeys.1134.89587	0000-0001-9501-0751	BR
10.3897/zookeys.1134.89587	0000-0002-6049-3420	BR
10.3897/zookeys.1134.91348	0000-0001-7828-8698	EC
10.3897/zookeys.1134.97678	0000-0001-7510-3117	JP
10.3897/zookeys.1135.93631	0000-0002-0650-5443	CN
10.3897/zookeys.1136.86680	0000-0002-4209-2826	BR
10.3897/zookeys.1136.89528	0000-0001-7226-1742	CN
10.3897/zookeys.1136.94374	0000-0001-7822-3667	CN
10.3897/zookeys.1136.96431	0000-0003-3196-8068	BG
10.3897/zookeys.1137.86150	0000-0002-9489-074X	GB
10.3897/zookeys.1137.94217	0000-0002-1170-7656	US
10.3897/zookeys.1137.94224	0000-0001-6312-851X	CN
10.3897/zookeys.1137.95769	0000-0002-6666-5844	RU
10.3897/zookeys.1137.96306	0000-0002-3290-5416	CN
10.3897/zse.98.76677	0000-0001-9930-9638	BO
10.3897/zse.98.83109	0000-0002-0428-638X	BR
10.3897/zse.98.83109	0000-0002-2933-7163	BR
10.4039/tce.2021.60	0000-0001-5833-4677	CA
10.54103/2039-4942/14283	0000-0003-3445-7853	RO
10.54103/2039-4942/15227	0000-0003-4300-8136	IT
10.54103/2039-4942/15439	0000-0001-7272-3222	FR
10.54103/2039-4942/15439	0000-0002-0674-863X	CH
10.54103/2039-4942/15439	0000-0002-5290-7355	CH
10.54103/2039-4942/15607	0000-0001-9990-1965	ES
10.54103/2039-4942/15744	0000-0001-8478-1462	IT
10.54103/2039-4942/15810	0000-0001-8854-793X	RO
10.54103/2039-4942/16601	0000-0002-4401-5410	IT
10.54103/2039-4942/16601	0000-0002-7856-5605	IT
10.54103/2039-4942/16617	0000-0002-9934-1029	BE
10.54103/2039-4942/16665	0000-0001-7629-3872	IT
10.54103/2039-4942/16665	0000-0002-4215-7159	IT
10.54103/2039-4942/16665	0000-0003-2853-9422	IT
10.54103/2039-4942/16707	0000-0002-5829-9952	ES
10.54103/2039-4942/16707	0000-0003-2793-4834	ES
10.54103/2039-4942/16707	0000-0003-3646-4272	ES
10.54103/2039-4942/16954	0000-0002-6873-679X	RU
10.5852/ejt.2022.789.1627	0000-0003-3288-4405	BR
10.5852/ejt.2022.789.1637	0000-0002-8484-845X	DE
10.5852/ejt.2022.791.1645	0000-0001-8520-9775	IN
10.5852/ejt.2022.792.1647	0000-0002-8846-3813	AU
10.5852/ejt.2022.794.1649	0000-0001-7061-9659	IN
10.5852/ejt.2022.794.1659	0000-0001-5142-3511	IN
10.5852/ejt.2022.794.1659	0000-0001-8708-3686	IN
10.5852/ejt.2022.794.1661	0000-0002-0428-638X	BR
10.5852/ejt.2022.794.1661	0000-0002-2933-7163	BR
10.5852/ejt.2022.797.1667	0000-0003-3412-0089	LV
10.5852/ejt.2022.798.1629	0000-0001-8418-7500	IN
10.5852/ejt.2022.798.1669	0000-0002-1231-4213	RS
10.5852/ejt.2022.798.1671	0000-0002-9133-1512	BE
10.5852/ejt.2022.798.1673	0000-0001-9042-0129	BR
10.5852/ejt.2022.798.1675	0000-0003-4576-5173	SI
10.5852/ejt.2022.798.1679	0000-0003-2239-0487	CN
10.5852/ejt.2022.799.1681	0000-0002-9804-3249	CZ
10.5852/ejt.2022.804.1689	0000-0001-7272-3222	FR
10.5852/ejt.2022.804.1689	0000-0003-4358-3827	FR
10.5852/ejt.2022.805.1693	0000-0003-3728-3270	AR
10.5852/ejt.2022.806.1701	0000-0001-8135-9223	PE
10.5852/ejt.2022.806.1707	0000-0003-3288-4405	BR
10.5852/ejt.2022.806.1709	0000-0002-7372-7812	TR
10.5852/ejt.2022.806.1715	0000-0001-8625-5239	BR
10.5852/ejt.2022.809.1719	0000-0001-7914-7942	RU
10.5852/ejt.2022.810.1723	0000-0002-2586-7239	SE
10.5852/ejt.2022.812.1727	0000-0001-5630-9865	BR
10.5852/ejt.2022.812.1727	0000-0001-8044-1348	MX
10.5852/ejt.2022.812.1727	0000-0002-3750-8671	CO
10.5852/ejt.2022.813.1733	0000-0002-0860-8972	FR
10.5852/ejt.2022.813.1735	0000-0001-8204-2041	CU
10.5852/ejt.2022.814.1745	0000-0002-9843-9729	TW
10.5852/ejt.2022.815.1749	0000-0003-0728-4715	BE
10.5852/ejt.2022.816.1747	0000-0001-7610-7881	GR
10.5852/ejt.2022.817.1759	0000-0002-3209-4940	RU
10.5852/ejt.2022.817.1759	0000-0002-8035-1403	RU
10.5852/ejt.2022.817.1761	0000-0001-7963-2673	ES
10.5852/ejt.2022.817.1761	0000-0002-2439-2630	ES
10.5852/ejt.2022.817.1765	0000-0003-4666-0330	LK
10.5852/ejt.2022.817.1769	0000-0001-5952-4923	DE
10.5852/ejt.2022.817.1769	0000-0002-7115-2816	DE
10.5852/ejt.2022.817.1769	0000-0003-3318-7193	BR
10.5852/ejt.2022.819.1783	0000-0002-1231-4213	RS
10.5852/ejt.2022.819.1785	0000-0002-2335-4042	DE
10.5852/ejt.2022.820.1791	0000-0002-1933-097X	BR
10.5852/ejt.2022.821.1793	0000-0001-8866-1740	ES
10.5852/ejt.2022.821.1795	0000-0001-5164-8067	IN
10.5852/ejt.2022.821.1797	0000-0001-7439-9753	BR
10.5852/ejt.2022.821.1803	0000-0002-6292-9793	ES
10.5852/ejt.2022.821.1805	0000-0003-4418-0552	BR
10.5852/ejt.2022.826.1833	0000-0003-2026-2510	RU
10.5852/ejt.2022.828.1847	0000-0003-1056-7177	NL
10.5852/ejt.2022.828.1853	0000-0002-7990-6934	IT
10.5852/ejt.2022.828.1857	0000-0002-0162-0952	BR
10.5852/ejt.2022.828.1859	0000-0001-6249-7073	BR
10.5852/ejt.2022.831.1867	0000-0003-2590-5781	PK
10.5852/ejt.2022.831.1869	0000-0001-9801-0343	CN
10.5852/ejt.2022.831.1869	0000-0003-1826-8139	CN
10.5852/ejt.2022.831.1873	0000-0003-3702-0294	MX
10.5852/ejt.2022.831.1875	0000-0002-7359-1492	IL
10.5852/ejt.2022.831.1875	0000-0003-1982-204X	IL
10.5852/ejt.2022.831.1875	0000-0003-3728-3270	AR
10.5852/ejt.2022.832.1877	0000-0001-6696-840X	IL
10.5852/ejt.2022.832.1877	0000-0002-7359-1492	IL
10.5852/ejt.2022.833.1881	0000-0001-8750-2422	BR
10.5852/ejt.2022.833.1881	0000-0002-0478-2332	BR
10.5852/ejt.2022.833.1883	0000-0002-7256-031X	KE
10.5852/ejt.2022.833.1885	0000-0002-6185-9404	DE
10.5852/ejt.2022.833.1891	0000-0001-7762-2420	IT
10.5852/ejt.2022.833.1891	0000-0001-8124-5939	US
10.5852/ejt.2022.833.1891	0000-0003-0684-6229	IT
10.5852/ejt.2022.834.1895	0000-0002-7423-899X	ES
10.5852/ejt.2022.834.1899	0000-0002-0478-2332	BR
10.5852/ejt.2022.834.1905	0000-0003-0445-9612	PK
10.5852/ejt.2022.834.1907	0000-0001-7532-3822	BR
10.5852/ejt.2022.835.1909	0000-0002-6563-8684	BR
10.5852/ejt.2022.836.1913	0000-0002-2796-9538	PL
10.5852/ejt.2022.836.1919	0000-0002-3088-4543	BR
10.5852/ejt.2022.836.1919	0000-0002-8074-9964	BR
10.5852/ejt.2022.836.1919	0000-0003-0910-2583	BR
10.5852/ejt.2022.839.1929	0000-0001-9717-5701	BR
10.5852/ejt.2022.839.1939	0000-0001-8135-9223	PE
10.5852/ejt.2022.845.1951	0000-0002-1119-2189	MX
10.5852/ejt.2022.846.1969	0000-0001-9231-1516	NL
10.5852/ejt.2022.846.1969	0000-0002-5504-4559	NL
10.5852/ejt.2022.846.1969	0000-0002-6185-9404	DE
10.5852/ejt.2022.847.1991	0000-0001-7985-2836	BR
10.5852/ejt.2022.847.1991	0000-0002-0719-0703	BR
10.5852/ejt.2022.847.1991	0000-0002-5935-4394	BR
10.5852/ejt.2022.847.1991	0000-0003-0475-5841	BR
10.5852/ejt.2022.848.1993	0000-0002-3542-2102	US
10.5852/ejt.2022.849.1995	0000-0002-3051-7575	DE
10.5852/ejt.2022.852.2003	0000-0001-5178-1503	IN
10.5852/ejt.2022.852.2003	0000-0002-9421-8806	GB
10.5852/ejt.2022.852.2003	0000-0003-0298-451X	GB
10.5852/ejt.2022.852.2003	0000-0003-4856-0093	IN
10.5852/ejt.2022.852.2005	0000-0002-0197-5040	CZ
10.5852/ejt.2022.852.2009	0000-0001-7061-9659	IN
10.5852/ejt.2022.852.2011	0000-0002-0880-5781	FR
10.5852/ejt.2022.852.2011	0000-0002-3680-5172	FR
10.5852/ejt.2022.852.2013	0000-0001-9801-0343	CN
10.5852/ejt.2022.852.2015	0000-0002-6185-9404	DE
10.5852/ejt.2022.852.2017	0000-0001-5819-9858	IN
10.5852/ejt.2022.852.2017	0000-0001-7101-9233	PL
10.5852/ejt.2022.852.2017	0000-0002-5016-0454	IN
10.5852/ejt.2022.854.2021	0000-0001-9464-3688	EC
10.5852/ejt.2022.854.2021	0000-0002-5740-1775	EC
10.5852/ejt.2022.854.2021	0000-0002-7115-2816	DE
10.5852/ejt.2022.854.2021	0000-0003-3224-1987	EC
10.7717/peerj.12873	0000-0002-7155-4540	FR
10.7717/peerj.13026	0000-0002-4632-8808	BR
10.7717/peerj.13026	0000-0002-8789-3061	BR
10.7717/peerj.13211	0000-0002-2196-1199	EC
10.7717/peerj.13211	0000-0002-3410-6669	EC
10.7717/peerj.13211	0000-0002-3640-2357	EC
10.7717/peerj.13211	0000-0002-7115-2816	DE
10.7717/peerj.13211	0000-0002-8315-1458	FR
10.7717/peerj.13502	0000-0002-0068-4049	PR
10.7717/peerj.13502	0000-0003-4517-9238	CO
10.7717/peerj.13761	0000-0001-6300-9350	EC
10.7717/peerj.13761	0000-0002-3410-6669	EC
10.7717/peerj.14066	0000-0002-6132-2738	EC
10.7717/peerj.14066	0000-0002-7115-2816	DE
10.7717/peerj.14066	0000-0003-0098-978X	EC
10.7717/peerj.14066	0000-0003-3224-1987	EC
